id,date,mood_lag1,mood_mean_3d,mood_mean_7d,mood_std_7d,mood_min_7d,mood_max_7d,mood_range_7d,mood_slope_7d,arousal_lag1,arousal_mean_7d,arousal_std_7d,valence_lag1,valence_mean_7d,valence_std_7d,activity_lag1,activity_mean_3d,activity_mean_7d,activity_std_7d,screen_lag1,screen_mean_7d,screen_std_7d,screen_total_7d,call_count_7d,call_mean_7d,sms_count_7d,social_comm_7d,app_entertainment_7d,app_social_7d,app_total_7d,app_builtin_7d,day_of_week,is_weekend,day_index,target_mood
AS14.01,2014-02-25,6.25,6.25,6.25,0.0,6.25,6.25,0.0,-3.72425587870111e-16,-0.25,-0.25,0.0,0.75,0.75,0.0,0.08154761904761905,0.08154761904761905,0.08154761904761905,0.0,0.0,0.0,0.0,0.0,12.0,1.7142857142857142,7.0,0.0,0.0,0.0,0.0,0.0,1,0,8,6.25
AS14.01,2014-02-26,6.25,6.25,6.25,0.0,6.25,6.25,0.0,-3.72425587870111e-16,-0.25,-0.25,0.0,0.75,0.75,0.0,0.08154761904761905,0.08154761904761905,0.08154761904761905,0.0,0.0,0.0,0.0,0.0,14.0,2.0,7.0,0.0,0.0,0.0,0.0,0.0,2,0,9,6.333333333333333
AS14.01,2014-03-20,6.212121212121212,6.218181818181819,6.230303030303031,0.013092405451332313,6.212121212121212,6.248484848484848,0.036363636363636154,-0.006060606060606975,0.18181818181818185,0.15454545454545457,0.019638608176993953,0.21212121212121215,0.23030303030303031,0.013092405451330875,0.08154761904761905,0.08154761904761905,0.08154761904761905,0.0,0.0,0.0,0.0,0.0,9.0,1.2857142857142858,8.0,0.0,0.0,0.0,0.0,0.0,3,0,31,6.2
AS14.01,2014-03-21,6.206060606060606,6.212121212121212,6.224242424242425,0.013092405451333425,6.206060606060606,6.242424242424242,0.036363636363636154,-0.006060606060606416,0.19090909090909094,0.16363636363636364,0.019638608176993953,0.20606060606060608,0.22424242424242427,0.013092405451330882,0.08154761904761905,0.08154761904761905,0.08154761904761905,0.0,330.5300004482274,47.218571492603914,124.9285974331539,330.5300004482274,6.0,0.8571428571428571,8.0,271.07071428571425,13.975999999999999,115.39014285714286,313.4835714285714,17.352285714285713,4,0,32,6.4
AS14.01,2014-03-22,6.2,6.206060606060606,6.218181818181819,0.013092405451334539,6.2,6.236363636363636,0.036363636363636154,-0.006060606060606603,0.2,0.17272727272727278,0.019638608176993946,0.2,0.2181818181818182,0.013092405451330896,0.13405010398938863,0.09904844736154224,0.08904797403930041,0.019844074052690827,5188.970999717713,788.5001428808488,1944.331195631972,5519.501000165941,9.0,1.2857142857142858,7.0,1350.973714285714,41.160285714285706,632.7955714285715,1697.0977142857143,180.78185714285715,5,1,33,6.8
AS14.01,2014-03-23,6.4,6.26868686868687,6.241558441558442,0.07062869290266946,6.2,6.4,0.20000000000000018,0.0160173160173158,0.6,0.23766233766233769,0.16052844649163744,0.4,0.24155844155844156,0.07062869290266939,0.23688021923995814,0.1508259807589886,0.11123834549534886,0.05875649318531576,4978.592999696732,1499.7277142660957,2452.1003192899884,10498.09399986267,12.0,1.7142857142857142,7.0,1794.7428571428572,41.73314285714286,695.6001428571428,2248.7085714285718,248.88714285714286,6,1,34,6.0
AS14.01,2014-03-24,6.8,6.466666666666666,6.322943722943724,0.22184672460049729,6.2,6.8,0.5999999999999996,0.07424242424242371,0.2,0.24415584415584418,0.15749665013959763,0.8,0.322943722943723,0.22184672460049812,0.14274111580506366,0.17122381301147013,0.11998027360355523,0.05815194049422846,4199.878001213073,2099.7102858679636,2536.3540304523895,14697.972001075745,12.0,1.7142857142857142,4.0,2424.0915714285716,55.21114285714286,824.2914285714286,3003.229714285714,335.339,0,0,35,6.75
AS14.01,2014-03-25,6.0,6.400000000000001,6.29090909090909,0.2525414136242752,6.0,6.8,0.7999999999999998,0.02554112554112498,0.8,0.3350649350649351,0.2560791765596214,0.0,0.29090909090909095,0.25254141362427557,0.07896105611559796,0.15286079705353992,0.1196107646132665,0.05844433335564823,7636.4560008049,3190.632571697235,3069.053610860427,22334.428001880646,22.0,3.142857142857143,3.0,3581.8087142857144,65.25242857142857,1148.075,4308.460857142857,451.5627142857143,1,0,36,6.6
AS14.01,2014-03-26,6.75,6.516666666666666,6.366883116883116,0.3021406493188059,6.0,6.8,0.7999999999999998,0.06433982683982617,0.5,0.38181818181818183,0.2513325368453814,0.5,0.33116883116883117,0.26132572868539883,0.09837411239050677,0.10669209477038948,0.12201454937653619,0.056944689081128985,5118.874998569487,3921.900428635733,2778.1664906039337,27453.30300045013,21.0,3.0,2.0,4609.334714285715,74.99614285714286,1380.7611428571429,5492.279142857143,521.9898571428572,2,0,37,7.0
AS14.01,2014-03-27,6.6,6.45,6.422294372294372,0.30458529600906387,6.0,6.8,0.7999999999999998,0.06720779220779123,-0.2,0.32727272727272727,0.330830826575566,0.6,0.3865800865800866,0.27274891689005654,0.10130832167007592,0.0928811633920602,0.12483750689403002,0.05506296014389048,6357.066999912261,4830.052857194628,2276.137141457542,33810.370000362396,20.0,2.857142857142857,2.0,5659.534,79.44342857142858,1670.8045714285713,6671.737428571428,620.6310000000001,3,0,38,6.4
AS14.01,2014-03-28,7.0,6.783333333333334,6.535714285714286,0.35439418462389705,6.0,7.0,1.0,0.0982142857142851,0.2,0.32857142857142857,0.330223589477825,0.8,0.4714285714285715,0.2984084768360629,0.15951064096909748,0.1197310250098934,0.13597508145424123,0.05268059469749265,5701.146999835967,5597.283857107162,1116.3479846287714,39180.98699975013,21.0,3.0,3.0,6109.130428571429,85.02585714285715,1618.3811428571428,7289.878142857143,731.6331428571428,4,0,39,8.0
AS14.01,2014-03-29,6.4,6.666666666666667,6.564285714285715,0.33004328720422427,6.0,7.0,1.0,0.03571428571428474,-0.6,0.21428571428571427,0.48452234702013985,0.6,0.5285714285714286,0.2751622897751175,0.09569802163712014,0.11883899475876451,0.1304962125467743,0.05486328511828933,2725.3119995594043,5245.332571370261,1564.8115938253875,36717.32799959183,20.0,2.857142857142857,3.0,5226.30942857143,115.09085714285713,1174.2244285714285,6431.9685714285715,669.3545714285714,5,1,40,7.5
AS14.01,2014-03-30,8.0,7.133333333333333,6.792857142857143,0.6221123769254293,6.0,8.0,2.0,0.16607142857142784,0.2,0.15714285714285717,0.4540820148282425,1.0,0.6142857142857142,0.3184785258515422,0.06820281010186964,0.10780382423602909,0.10639943981276165,0.03306108043840755,2019.4720001220694,4822.601000002453,1990.6416260861536,33758.207000017166,21.0,3.0,3.0,5081.657857142857,130.537,1178.975285714286,6343.855285714286,665.6934285714286,6,1,41,7.4
AS14.01,2014-03-31,7.5,7.3,6.892857142857143,0.6772669165037324,6.0,8.0,2.0,0.24285714285714213,-0.5,0.05714285714285716,0.5159365040297849,0.75,0.6071428571428571,0.31415040377258185,0.049092970521542,0.07099793408684392,0.09302113334368713,0.034805820057766675,663.5940005779273,4317.417571340288,2546.2065808086118,30221.922999382015,21.0,3.0,3.0,4561.951714285714,136.348,1074.239,5784.2308571428575,619.6672857142858,0,0,42,6.0
AS14.01,2014-04-01,7.4,7.633333333333333,7.092857142857143,0.5674714173628536,6.4,8.0,1.5999999999999996,0.16964285714285646,0.0,-0.05714285714285713,0.39940431835899015,0.6,0.6928571428571428,0.169382632493642,0.07050548088338955,0.06260042050226707,0.09181319402480022,0.035514611245767755,4984.578000068665,3938.577856949397,2133.989142034163,27570.04499864578,17.0,2.4285714285714284,3.0,4123.337142857143,189.79500000000002,943.4061428571429,5484.8688571428565,639.1575714285715,1,0,43,6.5
AS14.01,2014-04-02,6.0,6.966666666666666,6.985714285714287,0.6986381310057698,6.0,8.0,2.0,0.003571428571427767,0.2,-0.09999999999999999,0.34156502553198664,0.0,0.6214285714285713,0.31072112745614683,0.118443242712736,0.07934723137255585,0.09468021264226154,0.0369149945701345,6148.191001415253,4085.6230002130783,2260.5821866831816,28599.361001491547,18.0,2.5714285714285716,2.0,4438.493,253.39857142857142,1268.2425714285714,6060.374428571428,734.3841428571429,2,0,44,6.4
AS14.01,2014-04-03,6.5,6.633333333333333,6.971428571428572,0.7087883692477956,6.0,8.0,2.0,-0.10357142857142926,0.25,-0.0357142857142857,0.36137963154449937,0.75,0.6428571428571429,0.3141504037725818,0.10191661063822348,0.09695511141144968,0.09476711106628262,0.03693390879214078,8108.768000125884,4335.866000243595,2621.9991695142326,30351.06200170517,22.0,3.142857142857143,2.0,4606.3835714285715,305.51085714285716,1350.2055714285714,6412.733285714286,800.5429999999999,3,0,45,6.2
AS14.01,2014-04-04,6.4,6.3,6.885714285714286,0.7403345447128857,6.0,8.0,2.0,-0.160714285714286,-1.2,-0.2357142857142857,0.5482656637937835,0.0,0.5285714285714286,0.38498608509176757,0.04923847270844108,0.08986610868646684,0.07901394417190312,0.02685975331241976,8860.769999980927,4787.240714550018,3120.7335659954606,33510.68500185013,24.0,3.4285714285714284,1.0,5661.276285714286,324.939,1655.368142857143,7536.891285714286,853.2242857142857,4,0,46,6.8
AS14.01,2014-04-05,6.2,6.366666666666667,6.857142857142857,0.7656307701434643,6.0,8.0,2.0,-0.30357142857142927,0.2,-0.12142857142857141,0.5430294212848439,0.4,0.5,0.3862210075418822,0.12668931120732582,0.09261479818466346,0.08344127125336108,0.03210932287648374,4756.9859998226175,5077.479857444763,2988.6887297823137,35542.35900211334,21.0,3.0,2.0,6221.418714285714,272.49771428571427,1817.2535714285714,7958.318142857142,887.7884285714287,5,1,47,6.5
AS14.01,2014-04-06,6.8,6.466666666666666,6.685714285714285,0.578586125621678,6.0,7.5,1.5,-0.14642857142857177,-0.4,-0.20714285714285713,0.5310591393845034,0.6,0.4428571428571428,0.3245876505000504,0.1190023022034455,0.09831002870640414,0.0906983415535862,0.03378799696166321,2268.3399999141693,5113.032428843634,2947.4443372622295,35791.22700190544,17.0,2.4285714285714284,1.0,6184.308571428571,256.47871428571426,1801.5849999999998,7879.911999999999,890.9948571428571,6,1,48,6.5
AS14.01,2014-04-07,6.5,6.5,6.542857142857143,0.4540820148282428,6.0,7.4,1.4000000000000004,-0.05000000000000121,-0.75,-0.24285714285714285,0.5615666860285988,0.5,0.4071428571428571,0.2978094628961212,0.06440779944246815,0.10336647095107983,0.09288617425657565,0.031028083661732132,3225.763000011445,5479.056571619852,2413.5394681520684,38353.39600133896,21.0,3.0,1.0,6400.010428571428,260.0122857142857,1823.5528571428572,8126.023428571428,927.4267142857143,0,0,49,6.6
AS14.01,2014-04-08,6.5,6.6000000000000005,6.414285714285714,0.25448360411214255,6.0,6.8,0.7999999999999998,0.06785714285714294,-0.625,-0.3321428571428572,0.5661850193977902,0.25,0.35714285714285715,0.2892930628108393,0.050670621174317886,0.07802690760674384,0.0900526228695654,0.03416017722010344,3898.342999696732,5323.880142995289,2484.506150012531,37267.161000967026,16.0,2.2857142857142856,1.0,6424.396714285714,205.02357142857144,1790.8925714285713,8023.466285714286,908.4874285714285,1,0,50,7.4
AS14.01,2014-04-09,6.6,6.533333333333334,6.5,0.18257418583505627,6.2,6.8,0.5999999999999996,0.028571428571427908,-0.4,-0.41785714285714287,0.5153304533893529,0.2,0.38571428571428573,0.2561156732713524,0.07532705826134849,0.06346849295937818,0.08389316794793863,0.03200715807878949,6775.577001810074,5413.506714480264,2530.0964994465835,37894.54700136185,16.0,2.2857142857142856,1.0,6082.629000000001,163.71857142857144,1486.581,7429.392857142858,860.0297142857142,2,0,51,7.4
AS14.01,2014-04-10,7.4,6.833333333333333,6.628571428571428,0.38606685826112885,6.2,7.4,1.2000000000000002,0.12499999999999949,-0.8,-0.5678571428571428,0.4351039831930708,0.8,0.39285714285714285,0.26837252006084666,0.12038411453232876,0.08212726465599837,0.08653138278995368,0.03441117178821957,8587.043001174929,5481.831714630127,2619.8775672608713,38372.82200241089,16.0,2.2857142857142856,1.0,5952.219285714286,117.67014285714286,1518.338857142857,7135.635285714286,818.4765714285714,3,0,52,7.0
AS14.01,2014-04-11,7.4,7.133333333333333,6.771428571428571,0.46445052020025146,6.2,7.4,1.2000000000000002,0.1749999999999992,-0.4,-0.45357142857142857,0.3349218103492499,0.8,0.5071428571428571,0.24226117351006993,0.07896310519489107,0.0915580926628561,0.09077775885944653,0.03067319181949541,3202.80099964142,4673.550428867341,2250.4102370409646,32714.853002071384,19.0,2.7142857142857144,1.0,4699.206285714286,90.40171428571429,1318.0262857142857,5752.191714285715,730.4415714285715,4,0,53,7.25
AS14.01,2014-04-12,7.0,7.266666666666667,6.885714285714285,0.3933978962347185,6.5,7.4,0.9000000000000004,0.11785714285714237,-1.2,-0.6535714285714286,0.29525009576225175,0.8,0.5642857142857143,0.25934900185253223,0.07998620207306052,0.09311114060009344,0.08410588612598005,0.026332138423770506,4362.240000247954,4617.158143213817,2252.915498828521,32320.107002496723,17.0,2.4285714285714284,0.0,4503.896,109.038,1168.1502857142857,5542.5617142857145,702.2914285714286,5,1,54,8.0
AS14.01,2014-04-13,7.25,7.216666666666666,6.95,0.4133198922545713,6.5,7.4,0.9000000000000004,0.14464285714285677,-0.75,-0.7035714285714285,0.2740242429316893,0.75,0.5857142857142856,0.2688157450037195,0.07224906147031816,0.07706612291275657,0.07742685173553329,0.021489714659784716,1730.757000923157,4540.360571929387,2353.2548128215767,31782.52400350571,17.0,2.4285714285714284,0.0,4466.516285714286,131.09114285714284,1154.0394285714285,5497.224428571429,677.8474285714285,6,1,55,7.2
AS14.01,2014-04-14,8.0,7.416666666666667,7.164285714285714,0.5169737950437142,6.5,8.0,1.5,0.19285714285714214,-1.25,-0.775,0.34429880433522625,1.0,0.6571428571428571,0.3060890004401925,0.014021328954370726,0.055418864165916466,0.07022878452294795,0.03229790089236576,1322.2829992771156,4268.4348575387685,2624.7888998576163,29879.044002771378,13.0,1.8571428571428572,0.0,4253.902428571429,120.64671428571428,1113.0454285714284,5255.079428571429,649.5125714285714,0,0,56,6.4
AS14.01,2014-04-15,7.2,7.483333333333333,7.264285714285714,0.42692142691823215,6.6,8.0,1.4000000000000004,0.10178571428571333,-1.2,-0.8571428571428571,0.37016727235644326,0.6,0.7071428571428572,0.25236972122359713,0.08388731446988419,0.05671923496485768,0.07497402642231456,0.03137233084070955,5270.82099890709,4464.503143140248,2643.7287807731564,31251.522001981735,13.0,1.8571428571428572,1.0,4240.709142857143,139.70742857142858,1056.474,5340.759857142858,655.3475714285714,1,0,57,7.2
AS14.01,2014-04-16,6.4,7.2,7.235714285714286,0.48193558154788646,6.4,8.0,1.5999999999999996,-0.08571428571428615,0.0,-0.8,0.4699290726623892,0.8,0.7928571428571428,0.11700630833624348,0.09011215278072526,0.06267359873499338,0.07708618278222554,0.031893438878596074,4813.8009979724875,4184.249428306307,2455.1633617115895,29289.74599814415,20.0,2.857142857142857,2.0,4243.329857142858,166.414,1139.606,5465.700142857143,716.0877142857142,2,0,58,6.75
AS14.01,2014-04-17,7.2,6.933333333333334,7.207142857142857,0.47647015596341863,6.4,8.0,1.5999999999999996,-0.06607142857142932,0.7,-0.5857142857142856,0.7363843458153525,0.4,0.7357142857142858,0.18866700319673818,0.11611033612712222,0.09670326779257722,0.07647564301005316,0.030953494686308702,5772.210999250412,3782.1305708885193,1740.3111059621326,26474.913996219635,16.0,2.2857142857142856,3.0,3910.014,185.77885714285713,961.3657142857143,5160.774285714286,703.967,3,0,59,6.8
AS14.01,2014-04-18,6.75,6.783333333333334,7.114285714285715,0.49557566334035597,6.4,8.0,1.5999999999999996,-0.08750000000000077,0.0,-0.5285714285714286,0.7680370774780032,0.75,0.7285714285714286,0.18676443018131775,0.05691785667209682,0.0877134485266481,0.07332632179251113,0.03176897062956604,3684.6130003929156,3850.960856710162,1723.0215775356598,26956.725996971134,11.0,1.5714285714285714,3.0,4072.186142857143,194.38085714285714,958.7454285714284,5287.143571428572,689.8521428571429,4,0,60,7.8
AS14.01,2014-04-19,6.8,6.916666666666667,7.085714285714286,0.5088502445991034,6.4,8.0,1.5999999999999996,-0.13750000000000012,-0.8,-0.4714285714285714,0.7233355277561622,0.8,0.7285714285714286,0.18676443018131775,0.09403300669497609,0.08902039983139838,0.07533300816707049,0.03269003475074935,2911.0479998588553,3643.647713797433,1738.485872879425,25505.53399658203,12.0,1.7142857142857142,3.0,3919.360142857143,182.69457142857144,893.6252857142855,5122.385,688.5401428571429,5,1,61,7.25
AS14.01,2014-04-20,7.8,7.116666666666667,7.1642857142857155,0.5764216380063296,6.4,8.0,1.5999999999999996,-0.03750000000000086,-0.2,-0.39285714285714285,0.7178837948144134,1.0,0.7642857142857142,0.21353041491843264,0.09943191172384026,0.08346092503030439,0.07921627248900222,0.03385635948356764,3664.809000492097,3919.940856592996,1524.2993142517969,27439.585996150974,13.0,1.8571428571428572,3.0,4113.583571428571,173.13814285714284,912.5167142857142,5343.527285714285,728.5379999999999,6,1,62,7.6
AS14.01,2014-04-21,7.25,7.283333333333334,7.057142857142858,0.4513208129373965,6.4,7.8,1.3999999999999995,0.09107142857142816,-0.25,-0.25,0.6103277807866851,0.75,0.7285714285714285,0.18676443018131775,0.07481624304311596,0.0894270538206441,0.08790126021596582,0.01879048952174867,4391.176000595094,4358.354142495565,1005.7934802141306,30508.478997468952,15.0,2.142857142857143,5.0,4629.830571428572,183.65342857142858,1059.5965714285712,5920.624428571428,780.4127142857143,0,0,63,7.4
AS14.01,2014-04-22,7.6,7.55,7.114285714285714,0.4955756633403559,6.4,7.8,1.3999999999999995,0.16964285714285682,-0.3,-0.12142857142857144,0.45079295215684756,1.0,0.7857142857142857,0.20148259998133336,0.10204105896824717,0.09209640457840113,0.09049465228716055,0.019387441596987718,1741.376999139786,3854.1478568145208,1310.6060242118688,26979.034997701645,16.0,2.2857142857142856,4.0,4194.358142857142,166.79028571428572,1017.1592857142856,5382.487142857143,762.7267142857144,1,0,64,7.6
AS14.01,2014-04-23,7.4,7.416666666666667,7.257142857142857,0.387759129946849,6.75,7.8,1.0499999999999998,0.09821428571428538,0.2,-0.09285714285714287,0.4658581431335184,1.0,0.8142857142857143,0.21739803302216107,0.09192955182229205,0.08959561794455173,0.09075428072167009,0.019393633544693284,6919.825999021531,4155.008571250099,1739.2506546421705,29085.05999875069,10.0,1.4285714285714286,3.0,4532.338571428571,167.94257142857143,884.0374285714284,5701.184142857142,717.2864285714286,2,0,65,7.6
AS14.01,2014-04-24,7.6,7.533333333333334,7.314285714285714,0.406933948074171,6.75,7.8,1.0499999999999998,0.12678571428571364,0.2,-0.16428571428571428,0.3472682509174115,1.0,0.9,0.12583057392117838,0.04598568913376553,0.07998543330810158,0.0807364740083334,0.02204344278923986,5225.034999370575,4076.8405712672647,1665.1725760531176,28537.883998870853,11.0,1.5714285714285714,2.0,4633.724571428572,159.85885714285715,733.7417142857141,5781.625714285714,698.2797142857144,3,0,66,7.2
AS14.01,2014-04-25,7.6,7.533333333333334,7.435714285714285,0.3300432872042159,6.8,7.8,1.0,0.07678571428571337,-0.4,-0.22142857142857145,0.3486368010517811,1.0,0.9357142857142857,0.11073348527841315,0.0509029881940343,0.06293940971669729,0.0798772070828959,0.023212863483037464,5783.137999773025,4376.629856892994,1768.487648857809,30636.40899825096,10.0,1.4285714285714286,2.0,5051.545,209.66314285714284,779.7867142857142,6342.256,720.8774285714286,4,0,67,7.6
AS14.01,2014-04-26,7.2,7.466666666666666,7.492857142857143,0.2168497395059588,7.2,7.8,0.5999999999999996,-0.03928571428571493,-0.2,-0.1357142857142857,0.2392945982714715,0.8,0.9357142857142857,0.11073348527841315,0.10906106363682745,0.06864991365487576,0.08202407236030325,0.025337948461943163,4650.056999206543,4625.059713942664,1646.2129191139384,32375.417997598648,11.0,1.5714285714285714,3.0,5395.563857142857,219.13242857142856,899.8795714285714,6672.497714285715,690.4972857142857,5,1,68,7.5
AS14.01,2014-04-27,7.6,7.466666666666666,7.464285714285714,0.1796159925003829,7.2,7.6,0.39999999999999947,0.016071428571427744,-0.2,-0.13571428571428573,0.2392945982714715,1.0,0.9357142857142857,0.11073348527841315,0.21424877162423497,0.12473760781836557,0.09842648091750249,0.056493561539273394,2670.7259995937347,4483.047856671469,1780.274749931644,31381.334996700287,13.0,1.8571428571428572,7.0,5184.795285714286,206.6357142857143,849.6898571428571,6530.228428571429,704.7202857142858,6,1,69,7.6
AS14.01,2014-04-28,7.5,7.433333333333334,7.5,0.15275252316517043,7.2,7.6,0.39999999999999947,-0.010714285714286838,-0.25,-0.1357142857142857,0.2392945982714715,1.0,0.9714285714285714,0.0755928946018438,0.030478923798963695,0.11792958635334204,0.0920925781683379,0.061816575298742855,2227.3690001964574,4173.932570900236,1975.9828760135445,29217.52799630165,11.0,1.5714285714285714,5.0,4739.880428571429,207.83442857142856,701.6054285714287,6068.250571428572,690.2667142857143,0,0,70,7.0
AS14.01,2014-04-29,7.6,7.566666666666666,7.5,0.15275252316517043,7.2,7.6,0.39999999999999947,0.01428571428571386,-0.8,-0.20714285714285716,0.3469252698451685,0.8,0.9428571428571428,0.09759000729485214,0.0196753225383989,0.08813433932053251,0.08032604439264528,0.06721093823810109,3884.7119996547685,4480.123285259519,1680.1340527867785,31360.862996816635,11.0,1.5714285714285714,5.0,5053.455571428572,216.8967142857143,703.1205714285713,6409.649285714286,669.0795714285714,1,0,71,7.8
AS14.01,2014-04-30,7.0,7.366666666666666,7.442857142857142,0.2439750182371187,7.0,7.6,0.5999999999999996,-0.05357142857142935,-0.2,-0.2642857142857143,0.2982089392164017,0.8,0.9142857142857144,0.10690449676496877,0.10275824852950448,0.05097083162228901,0.08187300106510419,0.0676457342658767,3298.1159989833845,3962.736142396927,1323.396407989552,27739.152996778488,9.0,1.2857142857142858,5.0,4129.183857142857,247.9274285714286,558.6829999999999,5468.535571428571,636.9112857142857,2,0,72,8.0
AS14.01,2014-05-01,7.8,7.466666666666666,7.471428571428571,0.2751622897751043,7.0,7.8,0.7999999999999998,0.007142857142856651,-0.4,-0.35000000000000003,0.21794494717703383,0.8,0.8857142857142858,0.10690449676496887,0.15105145904074724,0.09116167670288351,0.09688239676610157,0.06997196862706809,4339.617998838423,3836.2479994637624,1220.9910655799888,26853.735996246338,9.0,1.2857142857142858,5.0,3726.2407142857146,239.57457142857143,496.19271428571426,5086.271428571427,632.9018571428571,3,0,73,7.6
AS14.01,2014-05-02,8.0,7.6000000000000005,7.528571428571429,0.3401680257082936,7.0,8.0,1.0,0.08214285714285652,-0.4,-0.35,0.21794494717703383,1.0,0.8857142857142858,0.10690449676496887,0.03706526814765703,0.09695832523930291,0.09490557961661909,0.07166250365719559,7595.1499989032745,4095.1068564823695,1770.8201163323658,28665.747995376587,15.0,2.142857142857143,9.0,3756.218857142857,177.32385714285712,490.56014285714275,5114.511142857142,678.5991428571427,4,0,74,8.0
AS14.01,2014-05-03,7.6,7.8,7.5857142857142845,0.307834216359873,7.0,8.0,1.0,0.04285714285714214,-0.2,-0.35000000000000003,0.21794494717703383,1.0,0.9142857142857144,0.10690449676496877,0.07734101929677568,0.08848591549505998,0.09037414471089743,0.0716210924678791,5229.549000501632,4177.891428095953,1814.103985745257,29245.239996671673,13.0,1.8571428571428572,8.0,3725.4301428571425,173.91028571428572,460.5101428571428,5078.762857142857,689.7324285714286,5,1,75,8.0
AS14.02,2014-03-15,6.333333333333333,6.333333333333333,6.333333333333333,0.0,6.333333333333333,6.333333333333333,0.0,0.0,0.0,0.0,0.0,0.0,0.0,0.0,0.1680684149503257,0.1680684149503257,0.1680684149503257,0.0,1605.1650004386909,229.30928577695585,606.6953434836657,1605.1650004386909,48.0,6.857142857142857,11.0,150.52314285714286,22.922571428571427,4.090142857142857,211.61028571428574,22.564714285714285,5,1,26,6.333333333333333
AS14.02,2014-03-16,6.333333333333333,6.333333333333333,6.333333333333333,0.0,6.333333333333333,6.333333333333333,0.0,0.0,0.0,0.0,0.0,0.0,0.0,0.0,0.1680684149503257,0.1680684149503257,0.1680684149503257,0.0,3839.984001398087,777.8784288338254,1476.8416671685866,5445.149001836778,44.0,6.285714285714286,10.0,387.73885714285717,37.00671428571429,4.090142857142857,610.9798571428571,152.67728571428572,6,1,27,6.75
AS14.02,2014-03-17,6.333333333333333,6.333333333333333,6.333333333333333,0.0,6.333333333333333,6.333333333333333,0.0,0.0,0.0,0.0,0.0,0.0,0.0,0.0,0.1680684149503257,0.1680684149503257,0.1680684149503257,0.0,2790.2639997005463,1176.4875716481893,1603.0566611920347,8235.413001537325,44.0,6.285714285714286,11.0,586.0392857142857,37.00671428571429,30.031714285714287,952.0264285714285,251.38542857142855,0,0,28,8.2
AS14.02,2014-03-18,6.75,6.472222222222221,6.392857142857143,0.15748519708717817,6.333333333333333,6.75,0.41666666666666696,0.044642857142856956,0.5,0.07142857142857142,0.18898223650461363,0.5,0.07142857142857142,0.18898223650461363,0.1680684149503257,0.1680684149503257,0.1680684149503257,0.0,4335.550001382827,1795.8518575600215,1885.4270759357444,12570.96300292015,37.0,5.285714285714286,7.0,1080.2628571428572,37.162285714285716,44.75,1582.0374285714283,372.20314285714284,1,0,29,6.8
AS14.02,2014-03-19,8.2,7.094444444444444,6.65952380952381,0.6968086739143882,6.333333333333333,8.2,1.8666666666666663,0.2297619047619038,0.6,0.15714285714285717,0.2699206232527312,0.8,0.18571428571428572,0.32877840272018793,0.21948438425543756,0.185207071385363,0.17541355342248455,0.019433409742665206,3654.2940011024475,2317.893857717514,1809.6979448296247,16225.257004022598,46.0,6.571428571428571,4.0,1452.462142857143,39.37071428571429,75.08771428571428,2090.1595714285713,493.243,2,0,30,7.25
AS14.02,2014-03-20,6.8,7.25,6.726190476190475,0.6825779797303005,6.333333333333333,8.2,1.8666666666666663,0.19821428571428548,0.4,0.21428571428571427,0.27342623276105893,0.4,0.24285714285714288,0.32586880211286906,0.31563175685064315,0.23439485201880217,0.19649403083681558,0.05592022934903241,4650.245000362396,2982.2145720549993,1664.7329988915462,20875.502004384995,44.0,6.285714285714286,4.0,1751.4158571428572,55.28885714285714,81.91842857142856,2638.479714285714,630.5911428571428,3,0,31,7.5
AS14.02,2014-03-21,7.25,7.416666666666667,6.857142857142856,0.6825779797303004,6.333333333333333,8.2,1.8666666666666663,0.19821428571428482,-0.5,0.14285714285714285,0.38234863173611094,0.75,0.35000000000000003,0.3547299442298794,0.23902496021034736,0.2580470337721427,0.20663068015967584,0.05633831585620022,3471.7540011405954,3478.1794293607986,1020.7997572709335,24347.25600552559,51.0,7.285714285714286,4.0,2052.698142857143,67.41528571428572,100.71814285714287,3131.8514285714286,798.146,4,0,32,6.5
AS14.02,2014-03-22,7.5,7.183333333333334,7.023809523809524,0.6757613773762444,6.333333333333333,8.2,1.8666666666666663,0.19226190476190472,-0.75,0.03571428571428571,0.512115128425147,0.75,0.4571428571428572,0.3445148417564564,0.28962792490010747,0.2814282139870327,0.22399632443821613,0.06101170670322643,4308.754999399186,3864.4065720694407,631.0924064543943,27050.846004486084,55.0,7.857142857142857,5.0,2199.622714285714,47.1342857142857,152.05957142857142,3433.031571428571,919.6767142857142,5,1,33,6.25
AS14.02,2014-03-23,6.5,7.083333333333333,7.047619047619047,0.6498168240065078,6.333333333333333,8.2,1.8666666666666663,0.03749999999999937,-1.0,-0.10714285714285714,0.645773806780524,-0.5,0.38571428571428573,0.4802033299501765,0.44604368683290135,0.32489885731445206,0.26370707756429834,0.09787156789973073,5264.918002843857,4067.968572275979,822.6419981966019,28475.780005931854,73.0,10.428571428571429,6.0,2285.396,65.62814285714286,210.44057142857145,3670.0877142857144,952.7341428571428,6,1,34,6.4
AS14.02,2014-03-24,6.25,6.75,7.035714285714286,0.6656539927734514,6.25,8.2,1.9499999999999993,-0.15000000000000066,-1.0,-0.25,0.7239935542991157,0.0,0.38571428571428573,0.4802033299501765,0.26969715703353236,0.33512292292218043,0.2782254692904707,0.08839938178155428,3335.0620007514954,4145.7968581404,697.9328425692586,29020.578006982803,77.0,11.0,6.0,2288.996285714286,95.88028571428572,209.0695714285714,3850.9891428571427,954.5277142857142,0,0,35,7.75
AS14.02,2014-03-25,6.4,6.383333333333333,6.985714285714287,0.7028005203673169,6.25,8.2,1.9499999999999993,-0.2589285714285727,0.2,-0.2928571428571428,0.6797233330729565,-0.2,0.2857142857142857,0.5233818600492105,0.15612466250149995,0.2906218354559779,0.2765192189406384,0.09095819145995201,1848.1489992141724,3790.4538578305924,1101.6624112066957,26533.177004814148,78.0,11.142857142857142,6.0,1955.9002857142857,111.1362857142857,227.60857142857142,3492.029142857143,916.535,1,0,36,7.2
AS14.02,2014-03-26,7.75,6.8,6.921428571428572,0.5837073630804105,6.25,7.75,1.5,-0.003571428571428884,-1.25,-0.5571428571428572,0.6327378152577439,0.75,0.2785714285714286,0.5154748157905347,0.23051365485645373,0.2187784914638287,0.2780948290264979,0.0898948620066139,3579.9249999523176,3779.8297148091456,1103.551327616529,26458.80800366402,70.0,10.0,5.0,1841.8714285714286,114.10357142857143,218.47757142857145,3405.796142857143,946.8417142857143,2,0,37,7.25
AS14.02,2014-03-27,7.2,7.116666666666667,6.978571428571429,0.5893903226054469,6.25,7.75,1.5,0.008928571428571279,-1.2,-0.7857142857142857,0.5055642769176221,0.4,0.2785714285714285,0.5154748157905347,0.29395346240584214,0.22686392658793197,0.27499792982009774,0.08875233058015254,3768.2780008316035,3653.8344291618896,1035.884500064153,25576.841004133228,70.0,10.0,4.0,1945.7535714285716,123.15599999999999,364.91457142857143,3429.0787142857143,947.2969999999999,3,0,38,6.8
AS14.02,2014-03-28,7.25,7.400000000000001,6.978571428571429,0.5893903226054469,6.25,7.75,1.5,0.07678571428571355,0.0,-0.7142857142857143,0.582175722122257,0.5,0.24285714285714283,0.48513621062248363,0.22884900892215096,0.25110537539481564,0.2735442224932126,0.08951976746600657,3606.336998701096,3673.0605716705327,1033.187252839531,25711.42400169373,63.0,9.0,3.0,1954.6911428571427,117.18614285714285,357.73857142857145,3378.6875714285716,884.423,4,0,39,7.25
AS14.02,2014-03-29,6.8,7.083333333333333,6.878571428571429,0.54379618030498,6.25,7.75,1.5,0.1321428571428565,-0.6,-0.692857142857143,0.5834013565780789,0.6,0.2214285714285714,0.4617513245398281,0.26159832807813954,0.26146693313537755,0.2695399943757886,0.08930706822862647,3243.359999418258,3520.861285958971,1001.9346464824515,24646.0290017128,61.0,8.714285714285714,4.0,1935.2977142857142,142.84985714285716,402.486,3297.458,847.5761428571429,5,1,40,7.0
AS14.02,2014-03-30,7.25,7.1000000000000005,6.985714285714287,0.5304984179322044,6.25,7.75,1.5,0.11785714285714237,-0.75,-0.6571428571428571,0.568938024911744,0.25,0.32857142857142857,0.3364733060946821,0.432469355060395,0.3076388973535618,0.26760080412257337,0.0848730567021396,2898.8659973144536,3182.853856597628,654.2985259283334,22279.976996183395,40.0,5.714285714285714,3.0,1837.4600000000003,111.93599999999999,418.9412857142857,3107.007142857143,824.3534285714286,6,1,41,7.2
AS14.02,2014-03-31,7.0,7.016666666666667,7.092857142857143,0.4217311262607291,6.4,7.75,1.3499999999999996,0.014285714285713675,-1.0,-0.6571428571428571,0.568938024911744,0.75,0.43571428571428567,0.33380918415851196,0.24188730879396786,0.3119849973108341,0.26362796865977844,0.08540776674184211,2287.5399990081783,3033.2078563485825,729.189215602178,21232.45499444008,42.0,6.0,3.0,1777.511142857143,109.43871428571427,440.4994285714286,2868.1078571428566,821.0182857142858,0,0,42,7.4
AS14.02,2014-04-01,7.2,7.1499999999999995,7.207142857142856,0.29072978781646996,6.8,7.75,0.9500000000000002,-0.07321428571428616,-0.8,-0.8,0.425245027405769,0.4,0.5214285714285715,0.18898223650461343,0.15637292366427655,0.27690986250621313,0.2636634345401751,0.08535572110897562,3815.746999025345,3314.293284893036,554.5630954291181,23200.05299425125,51.0,7.285714285714286,5.0,1947.766,103.69857142857143,447.42771428571433,3094.0601428571426,882.4654285714286,1,0,43,6.4
AS14.02,2014-04-02,7.4,7.2,7.157142857142857,0.19669894811736124,6.8,7.4,0.6000000000000005,0.024999999999999398,-0.2,-0.6500000000000001,0.425245027405769,0.8,0.5285714285714286,0.1997021591794949,0.26196053218905446,0.22007358821576628,0.26815584558768946,0.08413908568594297,3037.1979968547826,3236.7608558791026,549.1484329756412,22657.325991153717,46.0,6.571428571428571,6.0,1905.8428571428572,109.51942857142856,453.52399999999994,3100.9939999999997,895.6707142857142,2,0,44,5.75
AS14.02,2014-04-03,6.4,7.0,7.042857142857144,0.34451484175645675,6.4,7.4,1.0,-0.05000000000000047,-0.6,-0.5642857142857143,0.34965969850971484,-0.2,0.4428571428571428,0.3420874296489268,0.3191205617996335,0.24581800588432148,0.27175114550108825,0.08594350512128639,3965.132001638412,3264.882855994361,584.7880144406329,22854.179991960526,43.0,6.142857142857143,6.0,1889.180857142857,102.443,345.6707142857143,3104.141428571428,910.1574285714287,3,0,45,6.4
AS14.02,2014-04-04,5.75,6.516666666666667,6.828571428571429,0.5801272438419178,5.75,7.4,1.6500000000000004,-0.15892857142857175,-0.25,-0.6,0.2901149197588201,0.0,0.3714285714285714,0.37843663368427427,0.32250583990998866,0.3011956446328922,0.2851306927850651,0.08544011169432204,4727.377001047135,3425.0314277580806,805.670256006021,23975.219994306564,42.0,6.0,6.0,2034.0922857142855,105.346,351.5357142857143,3304.389428571428,931.0248571428572,4,0,46,7.4
AS14.02,2014-04-05,6.4,6.183333333333334,6.771428571428571,0.6026726190182251,5.75,7.4,1.6500000000000004,-0.20892857142857202,-1.2,-0.6857142857142857,0.368232586954547,0.2,0.31428571428571433,0.3682325869545469,0.22727035660896047,0.28963225277286087,0.2802266968608967,0.08796379766658897,3413.296000719071,3449.3079993724823,801.8348871332713,24145.155995607376,39.0,5.571428571428571,4.0,2001.9825714285712,87.50728571428571,271.54528571428574,3265.8122857142853,939.0842857142858,5,1,47,4.5
AS14.02,2014-04-06,7.4,6.516666666666667,6.792857142857143,0.6247856775384211,5.75,7.4,1.6500000000000004,-0.07321428571428616,0.0,-0.5785714285714285,0.44708047640324483,0.6,0.36428571428571427,0.3815694407250638,0.32191972248052525,0.29056530633315814,0.26443389220662955,0.06223660613243951,4078.845000982285,3617.876428467887,790.786354322552,25325.134999275208,44.0,6.285714285714286,5.0,2087.236571428571,122.93914285714287,233.65342857142858,3374.0707142857145,936.0164285714285,6,1,48,6.8
AS14.02,2014-04-07,4.5,6.1000000000000005,6.435714285714285,1.0538478249231436,4.5,7.4,2.9000000000000004,-0.28928571428571503,-1.0,-0.5785714285714285,0.44708047640324483,-1.25,0.07857142857142854,0.6781452295643996,0.21520952016085249,0.2547998664167794,0.26062277954475593,0.06461861081114449,2467.753998517989,3643.621285540717,741.6653955527906,25505.34899878502,40.0,5.714285714285714,4.0,2151.569,111.49014285714284,243.45928571428573,3392.6254285714285,913.575857142857,0,0,49,6.25
AS14.02,2014-04-08,6.8,6.233333333333333,6.378571428571429,1.0156513274975927,4.5,7.4,2.9000000000000004,-0.141071428571429,0.0,-0.4642857142857143,0.4819355815478919,0.6,0.10714285714285711,0.6978709117908621,0.13652373439609958,0.22455099234582576,0.25778718107787346,0.07015416999250387,4710.12099814415,3771.3889997005463,845.9637115968274,26399.722997903824,28.0,4.0,2.0,2313.870142857143,117.31885714285715,384.47557142857147,3519.1464285714287,868.4802857142857,1,0,50,7.25
AS14.02,2014-04-09,6.25,5.8500000000000005,6.214285714285714,0.9104551452040758,4.5,7.4,2.9000000000000004,-0.008928571428571837,-0.25,-0.4714285714285714,0.4777177887773133,0.5,0.06428571428571425,0.6561975602630947,0.26195103762156396,0.20456143072617203,0.2577858247110891,0.07015407594830575,3517.557999372484,3840.0118572030747,794.3926065551875,26880.083000421524,36.0,5.142857142857143,2.0,2473.3175714285712,114.43457142857143,448.06585714285717,3616.524285714286,827.1174285714285,2,0,51,7.25
AS14.02,2014-04-10,7.25,6.766666666666667,6.335714285714286,0.9923517041663746,4.5,7.4,2.9000000000000004,0.12857142857142762,-0.5,-0.4571428571428572,0.4747179613803788,0.25,0.12857142857142853,0.6479822160992941,0.24720984804489024,0.21522820668751794,0.24751286560326866,0.06473115133621314,3311.7250006198883,3746.667999914714,815.3524904949604,26226.675999403,46.0,6.571428571428571,3.0,2391.6215714285713,140.33914285714286,444.6972857142858,3540.7957142857144,816.8012857142857,3,0,52,6.5
AS14.02,2014-04-11,7.25,6.916666666666667,6.55,1.0066445913694348,4.5,7.4,2.9000000000000004,0.14285714285714224,0.25,-0.38571428571428573,0.5436867095076338,0.75,0.23571428571428568,0.6841748592978537,0.2607506038432931,0.2566371631699158,0.23869068902231216,0.05649071847190826,4280.7939987182635,3682.8704281534474,739.7981288945549,25780.09299707413,45.0,6.428571428571429,4.0,2295.146714285714,157.92585714285715,508.181,3403.778571428571,774.7192857142857,4,0,53,6.0
AS14.02,2014-04-12,6.5,7.0,6.564285714285715,1.0048690983217206,4.5,7.4,2.9000000000000004,0.11607142857142737,-0.5,-0.2857142857142857,0.4190408549237629,0.5,0.2785714285714285,0.6909276028506548,0.4244814273084369,0.31081395973220677,0.2668636991222374,0.08942310718775172,4670.516000986099,3862.4732853344512,812.4839209231169,27037.31299734116,47.0,6.714285714285714,5.0,2381.862857142857,185.1757142857143,533.6560000000001,3624.7538571428568,793.4135714285713,5,1,54,7.2
AS14.02,2014-04-13,6.0,6.583333333333333,6.364285714285715,0.9485578025412619,4.5,7.25,2.75,0.1749999999999996,-2.0,-0.5714285714285714,0.746021192090157,-1.0,0.04999999999999995,0.8195527235429496,0.3783017333120427,0.3545112548212576,0.27491827209816844,0.0973927524082777,3389.118001222611,3763.940856797355,823.6168971779192,26347.585997581486,44.0,6.285714285714286,5.0,2254.1168571428575,148.0797142857143,519.1675714285715,3434.4588571428567,783.5007142857143,6,1,55,8.0
AS14.02,2014-04-14,7.2,6.566666666666666,6.75,0.5131601439446913,6.0,7.25,1.25,-0.0017857142857151868,-0.6,-0.5142857142857143,0.7226769020536804,0.4,0.28571428571428564,0.5878734881717647,0.28982011828279997,0.3642010929677599,0.2855769289727324,0.09378501170866906,2174.8709976673135,3722.100428104401,903.9595358946167,26054.702996730808,39.0,5.571428571428571,5.0,2187.5882857142856,147.35414285714288,480.81457142857147,3372.372714285714,766.0778571428572,0,0,56,7.25
AS14.02,2014-04-15,8.0,7.066666666666666,6.921428571428571,0.6993193970194319,6.0,8.0,2.0,0.13928571428571362,0.75,-0.40714285714285714,0.8550967642264098,1.0,0.3428571428571428,0.6405912447552985,0.18707405017212794,0.2850653005889902,0.2927984026550221,0.08154210065018573,2773.0430009365086,3445.3749999318816,845.7091373781027,24117.62499952317,45.0,6.428571428571429,12.0,1962.3752857142858,145.53571428571428,307.7294285714286,3128.181428571428,748.9862857142856,1,0,57,6.666666666666667
AS14.02,2014-04-16,7.25,7.483333333333333,7.064285714285714,0.6388233230676859,6.0,8.0,2.0,0.0785714285714278,-0.5,-0.4428571428571429,0.852656911966243,0.5,0.3428571428571428,0.6405912447552985,0.1736288831786874,0.2168410172112051,0.2801809520203255,0.09312187273473956,259.1410002708435,2979.886857203076,1467.5072917654636,20859.20800042153,49.0,7.0,12.0,1603.4869999999999,140.23171428571428,220.46271428571427,2635.633285714285,639.8352857142856,2,0,58,6.333333333333333
AS14.02,2014-04-17,6.666666666666667,7.305555555555556,6.980952380952381,0.6485331434053628,6.0,8.0,2.0,0.06249999999999933,-0.3333333333333333,-0.419047619047619,0.8531221836978924,0.3333333333333333,0.3547619047619047,0.639351109539853,0.3532763532763534,0.2379930955423896,0.29533330991053447,0.09546271997464079,109.28399968147278,2522.3952856404453,1806.7752283252148,17656.766999483116,53.0,7.571428571428571,12.0,1299.009142857143,96.43299999999999,178.41685714285714,2145.0744285714286,506.324,3,0,59,6.5
AS14.02,2014-04-18,6.333333333333333,6.75,6.85,0.6770715810945905,6.0,8.0,2.0,0.03154761904761871,0.3333333333333333,-0.40714285714285714,0.8645196237762217,0.0,0.24761904761904754,0.6247539198096,0.4700854700854705,0.33233023551350377,0.3252382908022741,0.11384271619334149,41.23499965667722,1916.744000060218,1829.5316489315078,13417.208000421526,62.0,8.857142857142858,18.0,945.7242857142857,69.78671428571428,97.44442857142857,1644.5212857142856,423.1444285714286,4,0,60,5.666666666666667
AS14.02,2014-04-19,6.5,6.5,6.85,0.6770715810945905,6.0,8.0,2.0,-0.0559523809523815,0.0,-0.33571428571428574,0.8761462635497997,0.0,0.17619047619047615,0.6196517198945337,0.48504273504273526,0.4361348528015197,0.3338899061928882,0.12444897970320891,0.0,1249.5274284907753,1475.2128649620704,8746.691999435427,58.0,8.285714285714286,17.0,613.0635714285714,32.07028571428572,51.780857142857144,1030.5622857142857,289.14214285714286,5,1,61,5.0
AS14.02,2014-04-20,5.666666666666667,6.166666666666667,6.802380952380952,0.7541507715592347,5.666666666666667,8.0,2.333333333333333,-0.3041666666666673,-0.6666666666666666,-0.14523809523809522,0.5309594988490078,-0.3333333333333333,0.2714285714285714,0.43137530769001586,0.5,0.48504273504273526,0.3512753728625964,0.1393016289760576,187.3220000267031,792.1279997485027,1165.0072155096223,5544.895998239519,53.0,7.571428571428571,16.0,440.73871428571425,32.07028571428572,29.324857142857145,678.3998571428572,163.617,6,1,62,5.0
AS14.02,2014-04-21,5.0,5.722222222222222,6.488095238095239,0.9841669858741751,5.0,8.0,3.0,-0.4404761904761913,-0.6666666666666666,-0.15476190476190474,0.540979417500084,0.0,0.21428571428571422,0.4379485606768694,0.35833333333333334,0.44779202279202285,0.36106297501267254,0.1366456179391915,0.0,481.43214293888644,1015.1531932634875,3370.025000572205,61.0,8.714285714285714,19.0,300.983,16.490000000000002,11.743285714285715,438.88257142857145,106.31385714285715,0,0,63,5.666666666666667
AS14.02,2014-04-22,5.0,5.222222222222222,6.05952380952381,0.8616229917395324,5.0,7.25,2.25,-0.3839285714285715,1.0,-0.11904761904761904,0.6139903313441727,-1.0,-0.0714285714285715,0.4893035759301061,0.21666666666666667,0.35833333333333334,0.3652904916547495,0.1306937858953604,0.0,85.28314280509952,104.06280665338079,596.9819996356966,61.0,8.714285714285714,12.0,32.51242857142857,2.8082857142857143,3.626571428571429,59.549571428571426,24.228857142857144,1,0,64,5.5
AS14.02,2014-04-23,5.666666666666667,5.222222222222222,5.833333333333334,0.6871842709362783,5.0,6.666666666666667,1.666666666666667,-0.25595238095238143,-1.3333333333333333,-0.23809523809523808,0.7628961803617724,-0.3333333333333333,-0.19047619047619052,0.4241393401869008,0.075,0.21666666666666665,0.3512006512006513,0.15739013426479706,13.08000016212468,50.13157136099682,72.24001055680931,350.92099952697777,62.0,8.857142857142858,13.0,30.97557142857143,0.0,15.269571428571428,41.166428571428575,10.190857142857142,2,0,65,7.0
AS14.02,2014-04-24,5.5,5.388888888888889,5.666666666666666,0.5853140973807093,5.0,6.5,1.5,-0.1726190476190478,0.0,-0.19047619047619047,0.7663560447348134,0.5,-0.1666666666666667,0.4614791034954483,0.142857142857143,0.14484126984126985,0.3211407639979069,0.17592965326261684,0.0,34.51957140650072,69.06487001887788,241.63699984550502,53.0,7.571428571428571,13.0,30.97557142857143,0.0,15.269571428571428,32.70371428571429,1.728142857142857,3,0,66,9.0
AS14.03,2014-03-20,9.0,9.0,9.0,0.0,9.0,9.0,0.0,-9.310639696752773e-16,1.0,1.0,0.0,2.0,2.0,0.0,0.1913883086450861,0.1913883086450861,0.1913883086450861,0.0,0.0,0.0,0.0,0.0,40.0,5.714285714285714,7.0,0.0,0.0,0.0,0.0,0.0,3,0,31,9.0
AS14.03,2014-03-21,9.0,9.0,9.0,0.0,9.0,9.0,0.0,-9.310639696752773e-16,1.0,1.0,0.0,2.0,2.0,0.0,0.1913883086450861,0.1913883086450861,0.1913883086450861,0.0,0.0,0.0,0.0,0.0,48.0,6.857142857142857,8.0,0.0,0.0,0.0,0.0,0.0,4,0,32,7.8
AS14.03,2014-03-22,9.0,9.0,9.0,0.0,9.0,9.0,0.0,-9.310639696752773e-16,1.0,1.0,0.0,2.0,2.0,0.0,0.1913883086450861,0.1913883086450861,0.1913883086450861,0.0,1664.9540009498598,237.8505715642657,629.2934615536182,1664.9540009498598,31.0,4.428571428571429,9.0,117.70185714285715,11.920428571428571,0.0,159.58285714285714,8.814857142857141,5,1,33,8.2
AS14.03,2014-03-23,7.8,8.6,8.828571428571427,0.45355736761107285,7.8,9.0,1.2000000000000002,-0.1285714285714294,0.8,0.9714285714285714,0.07559289460184543,1.0,1.8571428571428572,0.37796447300922725,0.1913883086450861,0.1913883086450861,0.1913883086450861,0.0,1202.8930001258855,409.6924287251065,712.2836738205812,2867.8470010757455,34.0,4.857142857142857,9.0,183.20114285714286,42.32485714285714,0.0,318.03799999999995,33.92185714285714,6,1,34,7.8
AS14.03,2014-03-24,8.2,8.333333333333334,8.714285714285714,0.5014265364224075,7.8,9.0,1.2000000000000002,-0.17142857142857174,-0.2,0.7999999999999999,0.4472135954999579,1.2,1.7428571428571427,0.44293394111365664,0.1002466983942117,0.16100777189479462,0.17836807860924692,0.03444829068768413,2376.651000499726,749.2140002250673,994.8401920471463,5244.498001575471,33.0,4.714285714285714,10.0,288.6184285714286,105.58857142857143,0.0,606.3947142857143,78.49114285714286,0,0,35,7.8
AS14.03,2014-03-25,7.8,7.933333333333334,8.542857142857143,0.5855400437691208,7.8,9.0,1.2000000000000002,-0.2285714285714294,-0.6,0.5714285714285714,0.6775305299745681,1.4,1.657142857142857,0.44293394111365664,0.090740222421567,0.12745840982028825,0.1639897805773156,0.046872299917997726,3972.0319998264317,1316.6471430574147,1500.533998593142,9216.530001401903,31.0,4.428571428571429,8.0,486.6692857142857,174.07871428571428,0.0,934.8949999999999,84.00328571428572,1,0,36,8.25
AS14.03,2014-03-26,7.8,7.933333333333333,8.371428571428572,0.604743156814765,7.8,9.0,1.2000000000000002,-0.24285714285714344,-0.4,0.37142857142857144,0.7341986237031632,1.2,1.542857142857143,0.4429339411136566,0.13276828552349199,0.10791840211309023,0.155615491559945,0.04639553928792926,3250.2300000190744,1780.965714488711,1527.8336788072575,12466.760001420977,36.0,5.142857142857143,8.0,673.111857142857,233.14842857142858,0.0,1243.7465714285713,113.24185714285714,2,0,37,7.75
AS14.03,2014-03-27,8.25,7.95,8.264285714285714,0.5375207637185505,7.8,9.0,1.2000000000000002,-0.16607142857142934,0.5,0.3,0.6855654600401045,1.0,1.4000000000000001,0.43204937989385733,0.0911532011403041,0.1048872363617877,0.14129619048783332,0.04891433354428509,2691.363998889923,2165.4462857587,1330.9059253539806,15158.1240003109,35.0,5.0,6.0,833.6442857142857,303.66657142857144,0.0,1520.459,130.19028571428572,3,0,38,8.0
AS14.03,2014-03-28,7.75,7.933333333333333,8.085714285714285,0.4534261109544104,7.75,9.0,1.25,-0.11607142857142942,0.25,0.19285714285714287,0.6126639722206154,0.5,1.1857142857142857,0.45617456975947046,0.10319575369873081,0.10903908012084229,0.1286972540669254,0.04506839754928632,1758.4240012168884,2416.64971450397,971.4809037553471,16916.54800152779,27.0,3.857142857142857,6.0,966.7388571428572,348.25457142857147,0.0,1731.3934285714283,150.448,4,0,39,8.6
AS14.03,2014-03-29,8.0,8.0,7.942857142857143,0.20902266908275738,7.75,8.25,0.5,0.005357142857141464,-0.5,-0.021428571428571432,0.5414926460389706,1.5,1.1142857142857143,0.32877840272018777,0.10467928797906652,0.09967608093936714,0.1163102511146369,0.03596199897544326,2046.6509981155402,2471.17785695621,932.1740050625613,17298.24499869347,25.0,3.5714285714285716,4.0,983.4482857142857,369.8751428571428,0.0,1792.0341428571428,146.71985714285714,5,1,40,8.4
AS14.03,2014-03-30,8.6,8.116666666666667,8.057142857142859,0.3114864515894916,7.75,8.6,0.8499999999999996,0.05535714285714193,-0.2,-0.1642857142857143,0.4028174583628484,1.6,1.2,0.36968455021364716,0.16337733775865063,0.12375079314548265,0.11230868384514611,0.026539594194908516,1135.735000371933,2461.58385699136,947.6204484194286,17231.086998939518,17.0,2.4285714285714284,4.0,939.7958571428571,388.2422857142857,0.0,1728.926857142857,124.37142857142858,6,1,41,7.4
AS14.03,2014-03-31,8.4,8.333333333333334,8.085714285714285,0.33505507720658095,7.75,8.6,0.8499999999999996,0.11249999999999905,-0.2,-0.1642857142857143,0.4028174583628484,1.0,1.1714285714285713,0.3773340063934767,0.16465071526667882,0.14423578033479867,0.12150925768406998,0.032217343175527526,2046.5949995517733,2414.432999713081,960.6722319872755,16901.030997991566,17.0,2.4285714285714284,3.0,1009.1818571428572,354.0667142857143,0.0,1672.804571428571,81.64057142857143,0,0,42,7.6
AS14.03,2014-04-01,7.4,8.133333333333333,8.028571428571428,0.4161902037702101,7.4,8.6,1.1999999999999993,-0.0017857142857150006,0.4,-0.021428571428571432,0.39985116278554533,0.6,1.0571428571428572,0.41576092031014983,0.08363358459550868,0.13722054587361274,0.12049402370891879,0.033437407665902585,2172.4070000648494,2157.343714032854,671.707334278245,15101.40599822998,17.0,2.4285714285714284,4.0,955.4852857142857,316.8791428571429,0.0,1605.1372857142856,135.385,1,0,43,7.4
AS14.03,2014-04-02,7.6,7.8,8.0,0.44064346888008005,7.4,8.6,1.1999999999999993,-0.08035714285714357,0.4,0.09285714285714286,0.38775912994685646,0.4,0.9428571428571428,0.47559486560567077,0.097414340146311,0.11523288000283283,0.11544346008360722,0.03394067944767444,1471.3049991130822,1903.2115710462842,505.1915674801835,13322.48099732399,13.0,1.8571428571428572,3.0,870.728142857143,286.22328571428574,0.0,1466.453142857143,119.28114285714285,2,0,44,7.8
AS14.03,2014-04-03,7.4,7.466666666666666,7.878571428571428,0.47597018714161393,7.4,8.6,1.1999999999999993,-0.10892857142857258,0.2,0.05,0.35000000000000037,0.6,0.8857142857142858,0.4913538149119952,0.0786881382869165,0.0865786876762454,0.11366273681883755,0.03570844555014138,1328.0240006446836,1708.4487141541072,403.2037569628132,11959.14099907875,14.0,2.0,3.0,827.4182857142857,244.669,0.0,1386.2565714285715,118.78714285714285,3,0,45,7.8
AS14.03,2014-04-04,7.8,7.6000000000000005,7.885714285714285,0.4740906081772857,7.4,8.6,1.1999999999999993,-0.1357142857142866,0.0,0.01428571428571429,0.33876526498728443,1.0,0.9571428571428572,0.461364436055861,0.08363645439998374,0.08657964427773708,0.11086855120473084,0.03738967346113557,1019.8629999160767,1602.9399996825628,477.69721102095446,11220.579997777939,12.0,1.7142857142857142,2.0,792.2071428571428,227.45728571428572,0.0,1337.938285714286,105.496,4,0,46,7.6
AS14.03,2014-04-05,7.8,7.666666666666667,7.857142857142857,0.4720774754816702,7.4,8.6,1.1999999999999993,-0.1285714285714292,0.2,0.1142857142857143,0.25448360411214116,1.4,0.9428571428571428,0.44293394111365636,0.0871065604162596,0.08314371770105328,0.10835816155290127,0.038449397313674534,2102.238998889922,1610.8811426503312,486.6803127175013,11276.167998552319,9.0,1.2857142857142858,5.0,707.4392857142857,226.38585714285713,0.0,1259.9132857142856,139.88857142857142,5,1,47,6.8
AS14.03,2014-04-06,7.6,7.733333333333333,7.714285714285714,0.343649877193697,7.4,8.4,1.0,-0.05000000000000084,1.2,0.31428571428571433,0.4450789122113496,1.0,0.8571428571428571,0.3408672412985383,0.11442793762963631,0.09505698414862655,0.10136539010589922,0.030379755831806743,1879.462998628616,1717.1279995441432,445.0655298868595,12019.895996809002,15.0,2.142857142857143,4.0,844.2215714285713,207.91614285714286,0.0,1386.534,158.07871428571428,6,1,48,7.4
AS14.03,2014-04-07,6.8,7.3999999999999995,7.485714285714286,0.3436498771936984,6.8,7.8,1.0,-0.050000000000000655,0.2,0.37142857142857144,0.3903600291794134,0.8,0.8285714285714286,0.3352326839390099,0.07677201548523706,0.09276883784371098,0.08881129013712184,0.013128474770166609,2122.078998804094,1727.9114280087608,455.17813120474614,12095.379996061325,14.0,2.0,4.0,741.1198571428571,242.2201428571429,0.0,1302.477,157.8207142857143,0,0,49,7.4
AS14.03,2014-04-08,7.4,7.266666666666667,7.485714285714286,0.3436498771936984,6.8,7.8,1.0,-0.07142857142857229,0.2,0.3428571428571429,0.39520940802374166,1.0,0.8857142857142858,0.32366943748507443,0.14406393678902962,0.11175462996796766,0.09744419759333911,0.02428476129893343,1884.1459994316099,1686.7312850611547,419.9375122722002,11807.118995428084,13.0,1.8571428571428572,3.0,808.8658571428571,238.56885714285718,0.0,1330.493285714286,121.5987142857143,1,0,50,7.8
AS14.03,2014-04-09,7.4,7.2,7.457142857142856,0.3408672412985475,6.8,7.8,1.0,-0.0642857142857147,0.4,0.34285714285714286,0.39520940802374166,1.2,1.0,0.25819888974716076,0.1038308889653645,0.1082222804132104,0.09836084742463247,0.02440425166133604,1578.9600000381467,1702.1105709075928,412.64100487919893,11914.77399635315,13.0,1.8571428571428572,4.0,804.8038571428572,242.59942857142855,0.0,1325.7348571428572,128.21514285714287,2,0,51,7.4
AS14.03,2014-04-10,7.8,7.533333333333334,7.514285714285714,0.36253078686999424,6.8,7.8,1.0,-0.035714285714286045,0.6,0.4,0.40000000000000013,1.0,1.0571428571428572,0.19023794624226795,0.0921222333052219,0.11333901968653869,0.10028000385581896,0.023092306389651082,888.5699996948243,1639.3314279147557,502.6520577298005,11475.31999540329,11.0,1.5714285714285714,4.0,771.4367142857143,236.14285714285714,0.0,1263.6562857142856,115.16685714285714,3,0,52,7.6
AS14.03,2014-04-11,7.4,7.533333333333334,7.457142857142857,0.3408672412985475,6.8,7.8,1.0,-0.0071428571428579545,0.4,0.4571428571428572,0.3598941643369751,1.0,1.0571428571428572,0.19023794624226795,0.1080663991151945,0.10133984046192697,0.10376999595799193,0.021976834716335995,2226.24600148201,1811.671856709889,459.8502594028953,12681.702996969223,10.0,1.4285714285714286,6.0,887.771,251.6632857142857,1.8885714285714286,1373.5049999999999,109.22085714285716,4,0,53,7.666666666666667
AS14.03,2014-04-12,7.6,7.599999999999999,7.428571428571429,0.314718316987787,6.8,7.8,1.0,0.05714285714285656,0.2,0.4571428571428572,0.35989416433697513,1.0,1.0,0.11547005383792439,0.12018808327176551,0.10679223856406063,0.10849592779449277,0.02134412514729898,2892.284999370574,1924.5355710642677,614.1256033701796,13471.748997449875,10.0,1.4285714285714286,3.0,1006.5762857142856,244.70214285714286,1.8885714285714286,1449.224142857143,74.99271428571429,5,1,54,7.4
AS14.03,2014-04-13,7.666666666666667,7.555555555555556,7.438095238095238,0.32170182388676266,6.8,7.8,1.0,0.10714285714285647,0.3333333333333333,0.3333333333333333,0.14907119849998665,1.0,1.0,0.11547005383792439,0.12703734227128452,0.11843060821941483,0.11029727131472823,0.022432534076619038,1272.7799994945528,1837.8665711879732,662.4543656985012,12865.065998315813,10.0,1.4285714285714286,3.0,880.754,230.46957142857144,1.8885714285714286,1305.3995714285716,68.98414285714286,6,1,55,7.0
AS14.03,2014-04-14,7.4,7.555555555555556,7.523809523809524,0.16523191974189794,7.4,7.8,0.39999999999999947,0.011904761904761333,0.2,0.33333333333333337,0.14907119849998665,1.0,1.0285714285714285,0.0755928946018444,0.07813754216620179,0.10845432256975061,0.11049234655486605,0.0220958160844257,1481.2009990215286,1746.3125712190354,660.9126772606705,12224.187998533247,11.0,1.5714285714285714,4.0,917.8051428571429,206.92428571428567,1.8885714285714286,1340.9240000000002,70.92685714285713,0,0,56,7.6
AS14.03,2014-04-15,7.0,7.355555555555555,7.466666666666667,0.2581988897471729,7.0,7.8,0.7999999999999998,-0.06190476190476273,0.0,0.30476190476190473,0.19189944456771374,0.8,1.0,0.11547005383792436,0.09289626571780712,0.09935705005176448,0.10318267925897713,0.01701911801846286,1468.3120005130768,1686.9077142306735,665.1337091049886,11808.353999614714,9.0,1.2857142857142858,5.0,804.0092857142857,207.6045714285714,7.797857142857142,1231.4038571428573,83.04257142857143,1,0,57,8.0
AS14.03,2014-04-16,7.6,7.333333333333333,7.495238095238095,0.26064632730294485,7.0,7.8,0.7999999999999998,-0.05714285714285786,0.2,0.2761904761904762,0.19023794624226895,0.8,0.942857142857143,0.09759000729485219,0.11955499852139129,0.09686293546846673,0.1054289806241238,0.018120953995323326,2814.208998203278,1863.371856825692,784.8137174324537,13043.602997779844,13.0,1.8571428571428572,4.0,952.0667142857144,202.57985714285715,7.797857142857142,1386.8315714285714,94.12157142857143,2,0,58,7.25
AS14.03,2014-04-17,8.0,7.533333333333334,7.523809523809524,0.30654241789393477,7.0,8.0,1.0,0.040476190476189805,0.8,0.30476190476190484,0.2519763153394853,1.0,0.9428571428571428,0.09759000729485219,0.11476816921494709,0.10907314448471517,0.10866411432551312,0.01735464458038324,2082.604000091553,2033.9481425966535,656.9811785132714,14237.636998176575,15.0,2.142857142857143,4.0,1013.1384285714287,230.527,7.797857142857142,1504.757,108.75814285714286,3,0,59,7.5
AS14.03,2014-04-18,7.25,7.616666666666667,7.502380952380952,0.3215167427569236,7.0,8.0,1.0,-0.006547619047619869,0.25,0.2833333333333333,0.24888640871780177,0.75,0.9071428571428571,0.11700630833624291,0.14085924635236632,0.1250608046962349,0.11334880678796624,0.021172493907379207,2851.1819999217996,2123.2247138023376,726.2743032522287,14862.572996616364,19.0,2.7142857142857144,4.0,1091.533,221.34714285714284,5.909285714285714,1630.4261428571428,132.233,4,0,60,7.8
AS14.03,2014-04-19,7.5,7.583333333333333,7.488095238095238,0.3186653715853435,7.0,8.0,1.0,0.007142857142856279,0.0,0.2547619047619048,0.27058138464108344,1.0,0.9071428571428571,0.11700630833624291,0.07387608289940913,0.10983449948890751,0.10673280673477246,0.025477333131568337,3458.2460002899156,2204.076285362243,847.537163153507,15428.533997535704,25.0,3.5714285714285716,4.0,983.5004285714286,235.753,5.909285714285714,1570.3215714285714,164.65142857142857,5,1,61,7.5
AS14.03,2014-04-20,7.8,7.516666666666666,7.507142857142857,0.334699581003346,7.0,8.0,1.0,0.06607142857142839,0.6,0.29285714285714287,0.30059464875001196,0.8,0.8785714285714284,0.11495340671022088,0.20822977708940202,0.1409883687803925,0.11833172599450355,0.0462640669649787,1175.9670000076292,2190.2458568641114,865.8591516380415,15331.72099804878,23.0,3.2857142857142856,5.0,1038.7,229.21299999999997,5.909285714285714,1624.0207142857143,166.5147142857143,6,1,62,7.4
AS14.03,2014-04-21,7.5,7.599999999999999,7.521428571428571,0.33148295941263434,7.0,8.0,1.0,0.049999999999999725,0.25,0.3,0.29860788111948233,1.0,0.8785714285714287,0.11495340671022088,0.1468526372239469,0.14298616573758602,0.12814816814560998,0.04352301222922677,1455.366999149322,2186.5552854537964,869.4327083136774,15305.886998176575,25.0,3.5714285714285716,6.0,1039.546857142857,259.49285714285713,5.909285714285714,1661.136142857143,191.51985714285715,0,0,63,7.6
AS14.03,2014-04-22,7.4,7.566666666666666,7.578571428571429,0.25142451295426854,7.25,8.0,0.75,-0.037500000000001234,0.2,0.32857142857142857,0.273643842212743,1.0,0.9071428571428571,0.11700630833624291,0.02084580503077148,0.12530940644804014,0.11785524519031919,0.05901271928651907,1372.7650005817409,2172.905714035034,883.2285889002376,15210.33999824524,28.0,4.0,5.0,975.8332857142857,257.93885714285716,0.0,1578.9754285714287,158.73257142857142,1,0,64,7.0
AS14.03,2014-04-23,7.6,7.5,7.578571428571428,0.25142451295426854,7.25,8.0,0.75,-0.03214285714285735,0.4,0.35714285714285715,0.268372520060847,0.8,0.9071428571428571,0.11700630833624291,0.09285561446082308,0.08685135223851381,0.11404104746738086,0.059742868292477665,2121.562000036239,2073.9561428683146,836.997171714447,14517.693000078201,22.0,3.142857142857143,5.0,856.1328571428572,259.251,0.0,1446.064,145.91585714285713,2,0,65,7.4
AS14.03,2014-04-24,7.0,7.333333333333333,7.435714285714285,0.25611567327136464,7.0,7.8,0.7999999999999998,-0.033928571428571974,0.6,0.32857142857142857,0.21957751641342044,0.8,0.8785714285714287,0.11495340671022088,0.1203897193369119,0.07803037960950215,0.11484412605623297,0.0597920343814097,2197.1759996414194,2090.323571375438,838.3136536528735,14632.264999628067,20.0,2.857142857142857,6.0,922.5717142857144,251.39557142857143,0.0,1486.066,148.64085714285713,3,0,66,7.5
AS14.03,2014-04-25,7.4,7.333333333333333,7.457142857142857,0.2439750182371459,7.0,7.8,0.7999999999999998,-0.0642857142857147,-0.2,0.2642857142857143,0.29820893921640185,1.0,0.9142857142857144,0.10690449676496863,0.10600109223606825,0.10641547534460107,0.10986438975390468,0.05870598010487416,1770.1080002784734,1935.8844285692485,771.7178903019898,13551.19099998474,16.0,2.2857142857142856,4.0,820.3835714285715,258.70957142857145,0.0,1356.4207142857142,140.67042857142857,4,0,67,7.5
AS14.03,2014-04-26,7.5,7.3,7.457142857142857,0.2439750182371459,7.0,7.8,0.7999999999999998,-0.05357142857142898,-1.0,0.12142857142857144,0.5655801909375475,1.0,0.9142857142857144,0.10690449676496863,0.10616761822048394,0.11085280993115469,0.11447746622834394,0.05663905773705263,2022.8459999561312,1730.827285664422,401.8560169441177,12115.790999650955,10.0,1.4285714285714286,4.0,977.843,268.9351428571428,0.0,1501.7897142857146,109.01857142857143,5,1,68,7.6
AS14.03,2014-04-27,7.5,7.466666666666666,7.4142857142857155,0.19518001458972314,7.0,7.6,0.5999999999999996,-5.586383818051665e-16,-0.25,1.586032892321652e-17,0.5361902647381807,1.0,0.942857142857143,0.09759000729485219,0.26914225033438455,0.16043698693031225,0.12317924812048431,0.07511052940182898,790.0049996376036,1675.689857040133,504.13709034409254,11729.82899928093,10.0,1.4285714285714286,8.0,916.7015714285715,287.26185714285714,2.779285714285714,1444.0462857142854,98.73014285714285,6,1,69,7.0
AS14.03,2014-04-28,7.6,7.533333333333334,7.428571428571429,0.20586634591637046,7.0,7.6,0.5999999999999996,0.03214285714285642,-1.4,-0.2357142857142857,0.7341175460568775,1.0,0.942857142857143,0.09759000729485219,0.06555207175889922,0.14695398010458924,0.1115648816254775,0.07709924048733233,2515.3069992065425,1827.109857048307,580.3510294147891,12789.76899933815,7.0,1.0,6.0,932.2767142857143,282.50942857142854,2.779285714285714,1484.579857142857,71.479,0,0,70,7.2
AS14.03,2014-04-29,7.0,7.366666666666667,7.371428571428571,0.26276913640613464,7.0,7.6,0.5999999999999996,-0.017857142857143862,-1.4,-0.4642857142857143,0.8199157912626791,1.0,0.942857142857143,0.09759000729485219,0.08262849034113322,0.13910760414480566,0.12039097952695774,0.06798017009336861,2419.9010000228877,1976.7007141113281,578.6729103489544,13836.904998779297,5.0,0.7142857142857143,6.0,1111.7344285714285,290.17314285714286,3.9044285714285714,1667.8692857142855,86.003,1,0,71,7.0
AS14.03,2014-04-30,7.2,7.266666666666667,7.314285714285715,0.2478478796128356,7.0,7.6,0.5999999999999996,-0.0035714285714292565,-0.6,-0.6071428571428571,0.7259640552560506,1.0,0.9714285714285715,0.07559289460184412,0.1186958482249048,0.08895880344164575,0.12408244149325512,0.06692920395986285,3053.505998849869,2109.8355710847036,709.8855096800418,14768.848997592926,5.0,0.7142857142857143,6.0,1241.8415714285713,302.90000000000003,3.9044285714285714,1802.3857142857144,70.958,2,0,72,7.2
AS14.03,2014-05-01,7.0,7.066666666666666,7.314285714285715,0.24784787961283558,7.0,7.6,0.5999999999999996,-0.08214285714285707,-1.2,-0.8642857142857141,0.5153593291046924,1.0,1.0,0.0,0.08969224082903049,0.09700552646502285,0.11969708742070063,0.06820501013930418,1751.685998916626,2046.1941424097333,720.6381161395923,14323.358996868134,5.0,0.7142857142857143,5.0,1161.577142857143,299.169,3.9044285714285714,1709.9935714285714,59.767999999999994,3,0,73,7.6
AS14.03,2014-05-02,7.2,7.133333333333333,7.285714285714286,0.24784787961283603,7.0,7.6,0.5999999999999996,-0.08214285714285745,-0.8,-0.9500000000000001,0.4291464396527918,1.0,1.0,0.0,0.13638883459215953,0.11492564121536493,0.12403819347157083,0.06815504160361095,1379.3850002288814,1990.3765709740776,759.6619239121595,13932.635996818542,6.0,0.8571428571428571,5.0,1099.722142857143,290.33714285714285,3.9044285714285714,1643.678,54.60742857142858,4,0,74,7.75
AS14.03,2014-05-03,7.6,7.266666666666667,7.299999999999999,0.26457513110647285,7.0,7.6,0.5999999999999996,-0.017857142857143675,-1.2,-0.9785714285714285,0.4395614697790132,1.4,1.0571428571428572,0.15118578920369086,0.13437692269476761,0.12015266603865253,0.1280680941107542,0.06775508510307994,1797.0970005989072,1958.1267139230454,762.8389724573647,13706.886997461317,16.0,2.2857142857142856,6.0,976.026,278.33214285714286,3.9044285714285714,1532.4868571428574,77.03157142857143,5,1,75,7.4
AS14.03,2014-05-04,7.75,7.516666666666667,7.3357142857142845,0.30918479602859683,7.0,7.75,0.75,0.0589285714285697,-0.25,-0.9785714285714285,0.4395614697790132,1.0,1.0571428571428572,0.15118578920369086,0.1389189314363011,0.13656156290774274,0.10946476283959942,0.029826567909945575,1724.645999908447,2091.64685681888,585.4843140395233,14641.52799773216,17.0,2.4285714285714284,1.0,1042.9444285714285,342.0711428571429,1.1251428571428572,1673.148,78.02214285714285,6,1,76,7.25
AS14.03,2014-05-06,7.25,7.466666666666666,7.342857142857143,0.25888957013332237,7.0,7.75,0.75,0.05357142857142805,-1.0,-0.8928571428571429,0.36563708262493944,1.0,1.0285714285714285,0.1799470821684874,0.10118200505539371,0.10208778104667986,0.11220245564012886,0.02762990033548875,1880.3999996185312,1760.3541426318031,693.335617378538,12322.478998422623,22.0,3.142857142857143,2.0,866.376,294.79800000000006,0.0,1435.2062857142857,89.18342857142856,1,0,78,7.666666666666667
AS14.05,2014-03-13,8.0,8.0,8.0,0.0,8.0,8.0,0.0,0.0,-1.0,-1.0,0.0,2.0,2.0,0.0,0.08337052096204704,0.08337052096204704,0.08337052096204704,0.0,0.0,0.0,0.0,0.0,10.0,1.4285714285714286,1.0,0.0,0.0,0.0,0.0,0.0,3,0,23,8.0
AS14.05,2014-03-14,8.0,8.0,8.0,0.0,8.0,8.0,0.0,0.0,-1.0,-1.0,0.0,2.0,2.0,0.0,0.08337052096204704,0.08337052096204704,0.08337052096204704,0.0,0.0,0.0,0.0,0.0,10.0,1.4285714285714286,1.0,0.0,0.0,0.0,0.0,0.0,4,0,24,6.2
AS14.05,2014-03-15,8.0,8.0,8.0,0.0,8.0,8.0,0.0,0.0,-1.0,-1.0,0.0,2.0,2.0,0.0,0.08337052096204704,0.08337052096204704,0.08337052096204704,0.0,3879.531999111177,554.2188570158825,1466.3252675664896,3879.531999111177,12.0,1.7142857142857142,1.0,450.6165714285714,28.80442857142857,66.94985714285714,511.0507142857142,25.806285714285714,5,1,25,6.333333333333333
AS14.05,2014-03-16,6.2,7.3999999999999995,7.742857142857143,0.680336051416609,6.2,8.0,1.7999999999999998,-0.19285714285714356,0.0,-0.8571428571428571,0.37796447300922725,0.4,1.7714285714285716,0.6047431568147635,0.08337052096204704,0.08337052096204704,0.08337052096204704,0.0,2336.025000333786,887.9367142064233,1580.5463230194664,6215.556999444963,14.0,2.0,1.0,733.4315714285714,83.71785714285714,66.94985714285714,931.2979999999999,50.73585714285714,6,1,26,6.0
AS14.05,2014-03-17,6.333333333333333,6.844444444444444,7.504761904761905,0.846655417998017,6.2,8.0,1.7999999999999998,-0.3071428571428581,-0.6666666666666666,-0.8095238095238095,0.37796447300922725,0.0,1.4857142857142858,0.885867882227313,0.08337052096204704,0.08337052096204704,0.08337052096204704,0.0,2767.6099994182587,1283.3095712661745,1665.295882281802,8983.166998863222,16.0,2.2857142857142856,0.0,1033.3382857142858,111.422,66.94985714285714,1307.7021428571427,74.90028571428572,0,0,27,7.5
AS14.05,2014-03-18,6.0,6.177777777777777,7.219047619047619,0.9788233947425032,6.0,8.0,2.0,-0.3976190476190488,-0.4,-0.7238095238095238,0.3952094080237415,0.4,1.2571428571428573,0.9360504666899515,0.08337052096204704,0.08337052096204704,0.08337052096204704,0.0,1837.403001070023,1545.7957142761777,1571.4698798476802,10820.569999933245,16.0,2.2857142857142856,2.0,1220.5585714285714,162.89314285714286,66.94985714285714,1587.189,90.74314285714286,1,0,28,6.75
AS14.05,2014-03-19,7.5,6.611111111111112,7.147619047619047,0.9293281409979974,6.0,8.0,2.0,-0.2559523809523819,0.25,-0.5452380952380952,0.5141258569897033,1.0,1.1142857142857143,0.8783100656536798,0.11319590615792095,0.09331231602733835,0.08763129027574332,0.011272935997855688,1789.1080005168906,1801.3825714928764,1415.9537119846477,12609.678000450134,22.0,3.142857142857143,2.0,1450.3832857142856,216.16942857142857,66.94985714285714,1919.6282857142855,118.14728571428573,2,0,29,7.2
AS14.05,2014-03-20,6.75,6.75,6.969047619047619,0.8553983570280862,6.0,8.0,2.0,-0.17678571428571507,1.0,-0.25952380952380955,0.7297803539965741,0.75,0.9357142857142857,0.7909457870772421,0.13369126492653632,0.11008589734883477,0.09481996798495607,0.02042915406679523,2531.3610012531276,2163.005571671895,1183.3596569461495,15141.039001703262,18.0,2.5714285714285716,2.0,1806.042857142857,253.77542857142856,66.94985714285714,2348.1595714285713,138.81471428571427,3,0,30,7.25
AS14.05,2014-03-21,7.2,7.1499999999999995,6.854761904761905,0.740414941579575,6.0,8.0,2.0,-0.004761904761905799,1.0,0.02619047619047619,0.7812535714204083,0.8,0.7642857142857142,0.6368635945751947,0.11845679938612319,0.12178132349019348,0.09983229347410981,0.02143147268699857,2865.666999578476,2572.386571611677,712.2769619944706,18006.70600128174,18.0,2.5714285714285716,3.0,2094.1087142857145,273.136,66.94985714285714,2681.3184285714283,151.07842857142856,4,0,31,3.75
AS14.05,2014-03-22,7.25,7.066666666666666,6.747619047619048,0.5850315416812195,6.0,7.5,1.5,0.20119047619047617,0.0,0.16904761904761906,0.6412104129307272,1.0,0.6214285714285713,0.3695235026999214,0.050197722898856136,0.1007819290705052,0.09509332232222541,0.02825846138210518,2166.5459995269784,2327.6742859567917,424.4446382416581,16293.72000169754,17.0,2.4285714285714284,6.0,1900.375142857143,287.45199999999994,0.0,2501.2174285714286,148.52585714285715,5,1,32,4.4
AS14.05,2014-03-23,3.75,6.066666666666666,6.397619047619047,1.2833487939699504,3.75,7.5,3.75,-0.19821428571428631,-2.0,-0.11666666666666667,1.04655519576264,-1.0,0.42142857142857143,0.721027705695802,0.018560992335206163,0.06240517154006182,0.08583481823267669,0.04064270745119812,928.6799995899207,2126.625000136239,677.6293329378061,14886.375000953674,14.0,2.0,6.0,1709.4448571428572,252.06200000000004,0.0,2212.110857142857,125.45928571428571,6,1,33,3.75
AS14.05,2014-03-24,4.4,5.133333333333334,6.121428571428572,1.4907652237629343,3.75,7.5,3.75,-0.4214285714285724,-1.4,-0.2214285714285714,1.1430431396266805,-1.0,0.2785714285714286,0.8962222300937894,0.08524289724808609,0.051333870827382784,0.0861023005592537,0.04062994543361419,1601.8800001144414,1960.0921430928367,635.8003192256269,13720.645001649857,12.0,1.7142857142857142,15.0,1581.2397142857142,248.88899999999998,0.0,2053.601285714286,109.91714285714286,0,0,34,5.333333333333333
AS14.05,2014-03-25,3.75,3.9666666666666672,5.8,1.742603416347697,3.75,7.5,3.75,-0.6928571428571437,-2.0,-0.45,1.329473580030833,-1.0,0.07857142857142858,1.0131868628479244,0.006535872072708545,0.03677992055200026,0.07512592214649107,0.05063717760787104,963.1080007553101,1835.192857333592,741.0778421758931,12846.350001335144,12.0,1.7142857142857142,14.0,1535.6177142857143,215.21071428571426,0.0,1976.3605714285713,104.92814285714287,1,0,35,5.5
AS14.05,2014-03-26,5.333333333333333,4.4944444444444445,5.490476190476191,1.5746503769166689,3.75,7.25,3.5,-0.5000000000000004,-1.0,-0.6285714285714287,1.303475208451476,0.3333333333333333,-0.016666666666666663,0.940892011751496,0.040966888004228603,0.04424855244167441,0.06480749098167786,0.04891654170715544,3457.197000980378,2073.491285971233,959.7264236338233,14514.439001798632,3.0,0.42857142857142855,15.0,1709.1240000000003,216.9774285714286,0.0,2170.074857142857,88.53257142857142,2,0,36,5.8
AS14.05,2014-03-27,5.5,4.861111111111111,5.311904761904763,1.475783353997634,3.75,7.25,3.5,-0.3190476190476196,-0.5,-0.8428571428571429,1.0982670331893223,0.25,-0.0880952380952381,0.8906257832076755,0.039236509193725615,0.02891308975688758,0.05131395444841919,0.038711196517760386,3575.618000030517,2222.670857225146,1111.8608296370792,15558.696000576023,3.0,0.42857142857142855,16.0,1807.7018571428569,215.50314285714285,0.0,2268.5649999999996,73.376,3,0,37,6.2
AS14.05,2014-03-28,5.8,5.544444444444444,5.1119047619047615,1.2557170847071382,3.75,7.25,3.5,0.0029761904761897748,-0.6,-1.0714285714285714,0.7674943772091223,0.2,-0.17380952380952383,0.8167152560861154,0.07717586025360933,0.0524597524838545,0.04541667742948864,0.028602365365187024,4951.877001523972,2520.700857503074,1518.2652380499424,17644.90600252152,4.0,0.5714285714285714,16.0,2113.8414285714284,237.14214285714283,0.0,2635.1258571428575,86.87214285714286,4,0,38,6.4
AS14.05,2014-03-29,6.2,5.833333333333333,4.961904761904762,0.992971330649612,3.75,6.2,2.45,0.4249999999999992,0.0,-1.0714285714285714,0.7674943772091223,0.6,-0.23095238095238096,0.7303239116125224,0.04532458316828961,0.05391231753854151,0.04472051461083627,0.02852580531666071,3398.265000343323,2696.660714762552,1541.575820398753,18876.625003337864,3.0,0.42857142857142855,13.0,2255.3647142857144,217.09114285714284,3.123,2763.057571428571,82.62514285714285,5,1,39,6.2
AS14.05,2014-03-30,6.4,6.133333333333333,5.34047619047619,0.9584834250995031,3.75,6.4,2.6500000000000004,0.40595238095238034,-0.4,-0.8428571428571429,0.6778818551368734,1.0,0.054761904761904755,0.7694824069484463,0.10442318185053041,0.07564120842414311,0.05698654168445404,0.033439570726993405,1930.2960004806523,2839.7487148897994,1389.0629872831348,19878.241004228596,6.0,0.8571428571428571,14.0,2354.975857142857,223.6105714285714,3.123,2900.442857142857,107.31171428571429,6,1,40,6.8
AS14.05,2014-03-31,6.2,6.266666666666667,5.597619047619048,0.9040253894453983,3.75,6.4,2.6500000000000004,0.3636904761904762,-0.8,-0.7571428571428571,0.632078958298573,0.8,0.31190476190476196,0.6496946779858784,0.07491950961612633,0.07488909154498209,0.055511772022745494,0.03218999438916768,3066.343999624252,3048.9578576769154,1277.34249556804,21342.705003738407,9.0,1.2857142857142858,5.0,2490.8864285714285,242.0635714285714,3.123,3078.0787142857143,115.33957142857142,0,0,41,7.0
AS14.05,2014-04-01,6.8,6.466666666666666,6.033333333333333,0.5174724898753347,5.333333333333333,6.8,1.4666666666666668,0.2285714285714283,-0.4,-0.5285714285714286,0.31997023671109165,1.0,0.5976190476190476,0.34486022013066575,0.05534132176899743,0.07822800441188471,0.06248397912221533,0.02407724723729705,1278.2409992218008,3093.976857457842,1194.4388292354608,21657.838002204895,11.0,1.5714285714285714,4.0,2432.395857142857,242.00757142857145,3.123,3049.658571428571,113.99914285714286,1,0,42,7.0
AS14.05,2014-04-02,7.0,6.666666666666667,6.271428571428571,0.5250850271282611,5.5,7.0,1.5,0.2321428571428568,0.1,-0.37142857142857144,0.31997023671109165,1.0,0.6928571428571428,0.3516965683518622,0.07812598561494999,0.0694622723333579,0.06779242163803267,0.022593189351691884,1999.4879996776585,2885.7327144145966,1246.4965788209502,20200.129000902176,11.0,1.5714285714285714,3.0,2250.4991428571425,216.17442857142856,54.052571428571426,2837.674285714286,146.47314285714285,2,0,43,7.2
AS14.05,2014-04-03,7.0,6.933333333333334,6.485714285714286,0.4598136268408897,5.8,7.0,1.2000000000000002,0.19999999999999982,-0.2,-0.3285714285714286,0.3199702367110917,1.0,0.7999999999999999,0.3055050463303892,0.07312614127423468,0.06886448288606069,0.07263379764953397,0.018760104869669204,1824.7999987602236,2635.6158570902694,1260.5719435826088,18449.310999631885,11.0,1.5714285714285714,2.0,2027.883857142857,210.0037142857143,98.16671428571428,2636.714,162.80471428571428,3,0,44,7.0
AS14.05,2014-04-04,7.2,7.066666666666666,6.685714285714286,0.4140393356054149,6.2,7.2,1.0,0.17857142857142838,-1.0,-0.38571428571428573,0.4017817460121491,0.8,0.8857142857142856,0.15735915849388854,0.05275148533518809,0.06800120407479092,0.06914460123261665,0.020004598542755804,2208.527999401091,2243.7088567870005,738.9689236193765,15705.961997509003,10.0,1.4285714285714286,1.0,1680.4844285714285,182.33342857142858,140.00942857142857,2215.4818571428573,143.0272857142857,4,0,45,7.5
AS14.05,2014-04-05,7.0,7.066666666666666,6.8,0.36514837167011377,6.2,7.2,1.0,0.14285714285714204,-0.8,-0.5,0.38729833462074126,1.0,0.9428571428571428,0.09759000729485334,0.04145652357485974,0.0557780500614275,0.0685920212906981,0.020809463987941486,4594.257000684738,2414.564856835774,1100.3169770070701,16901.953997850418,12.0,1.7142857142857142,1.0,1863.6744285714283,186.46499999999997,170.828,2442.491285714286,158.39228571428572,5,1,46,6.8
AS14.05,2014-04-06,7.5,7.233333333333333,6.957142857142857,0.3994043183589934,6.2,7.5,1.2999999999999998,0.160714285714285,0.0,-0.4428571428571429,0.4314979445958878,1.0,0.9428571428571428,0.09759000729485334,0.06928846414407398,0.05449882435137393,0.06357277590406145,0.013774771290401546,2222.865000963211,2456.3604283332825,1084.296171122717,17194.522998332977,10.0,1.4285714285714286,0.0,1861.1389999999997,191.5037142857143,170.828,2448.9085714285716,157.24285714285716,6,1,47,6.75
AS14.05,2014-04-07,6.8,7.1000000000000005,7.042857142857143,0.24397501823713919,6.8,7.5,0.7000000000000002,0.03571428571428493,-0.4,-0.3857142857142857,0.4017817460121491,1.0,0.9714285714285715,0.07559289460184561,0.07736263815327492,0.06270254195740287,0.06392179426651126,0.014136390291346817,1658.0400002002716,2255.1741427012853,1082.9045216694697,15786.218998908997,8.0,1.1428571428571428,0.0,1750.846857142857,171.87085714285715,171.6902857142857,2309.7075714285716,156.40928571428572,0,0,48,6.75
AS14.05,2014-04-08,6.75,7.016666666666667,7.035714285714286,0.25284100029183215,6.75,7.5,0.75,-0.030357142857143467,-0.25,-0.36428571428571427,0.40488093487909643,0.75,0.9357142857142858,0.11073348527841413,0.06685869441897198,0.07116993223877362,0.06556713321650763,0.013632535073724758,3994.052000045778,2643.1471428189957,1158.4277932111984,18502.02999973297,7.0,1.0,0.0,2153.9328571428573,203.92157142857144,171.6902857142857,2714.0524285714287,166.74614285714284,1,0,49,7.0
AS14.05,2014-04-09,6.75,6.766666666666667,7.0,0.2753785273643101,6.75,7.5,0.75,-0.06607142857142914,0.25,-0.34285714285714286,0.43629937297358395,0.0,0.7928571428571429,0.3656370826249385,0.08512478025882424,0.0764487042770237,0.06656696102277537,0.014904447155064634,2113.9510014057155,2659.4990002087184,1148.594031367742,18616.49300146103,8.0,1.1428571428571428,0.0,2064.6884285714286,237.81942857142855,120.76071428571427,2635.8972857142858,141.18642857142856,2,0,50,7.2
AS14.05,2014-04-10,7.0,6.833333333333333,7.0,0.2753785273643101,6.75,7.5,0.75,-0.06607142857142932,0.25,-0.2785714285714285,0.4906264217449824,0.75,0.7571428571428572,0.3540581066112492,0.1536189527904702,0.10186747582275546,0.0780659340965233,0.03638291041795333,3563.9299986362457,2907.94614304815,1125.8182669924697,20355.62300133705,9.0,1.2857142857142858,0.0,2089.6938571428573,265.9567142857143,77.66957142857143,2684.893285714286,156.94514285714286,3,0,51,7.0
AS14.05,2014-04-11,7.2,6.983333333333333,7.0,0.2753785273643101,6.75,7.5,0.75,-0.016071428571429233,0.8,-0.021428571428571432,0.5203021100421228,1.0,0.7857142857142857,0.3659625273556998,0.013347120143232588,0.084030284397509,0.0724367390691011,0.04333625450997122,1870.081000328065,2859.5965717520035,1167.3627806058266,20017.176002264023,10.0,1.4285714285714286,0.0,2064.4207142857144,281.0767142857143,72.636,2682.9199999999996,165.32899999999998,4,0,52,7.0
AS14.05,2014-04-12,7.0,7.066666666666666,7.0,0.2753785273643101,6.75,7.5,0.75,-0.016071428571429233,0.2,0.12142857142857144,0.3924890050022021,0.6,0.7285714285714285,0.35807022455697923,0.0946152502759936,0.0871937744032321,0.08003084288354878,0.04162652489256975,2650.9060013294225,2581.9750004155294,882.3646224437188,18073.825002908707,7.0,1.0,0.0,1709.2688571428573,299.78171428571426,49.05771428571428,2320.1259999999997,163.5387142857143,5,1,53,7.5
AS14.05,2014-04-13,7.0,7.066666666666666,6.928571428571429,0.16797108594721993,6.75,7.2,0.4500000000000002,0.05535714285714193,-1.4,-0.07857142857142854,0.7005100182825976,1.0,0.7285714285714285,0.35807022455697923,0.04929885725426735,0.05242040922449784,0.07717518475643356,0.043144289317269824,4085.392998695374,2848.0504286629816,1025.2753055372616,19936.353000640873,6.0,0.8571428571428571,3.0,2059.202,307.3895714285714,96.65085714285715,2661.3382857142856,143.87328571428571,6,1,54,6.4
AS14.05,2014-04-14,7.5,7.166666666666667,7.028571428571429,0.2611786471254657,6.75,7.5,0.75,0.09821428571428538,0.25,0.014285714285714315,0.6938505396903363,1.0,0.7285714285714285,0.35807022455697923,0.11412738344393668,0.08601383032473253,0.0824272912265281,0.04535216954862975,2053.5100004673,2904.5461429868424,957.4239765203104,20331.823000907898,17.0,2.4285714285714284,3.0,1983.0945714285715,294.486,124.16514285714287,2606.657428571428,177.81214285714285,0,0,55,7.0
AS14.05,2014-04-15,6.4,6.966666666666668,6.978571428571429,0.34382304418739645,6.4,7.5,1.0999999999999996,-0.008928571428572023,-1.2,-0.1214285714285714,0.8330952040719106,0.4,0.6785714285714286,0.37843663368427416,0.1017234451157769,0.0883832286046603,0.08740796989750023,0.04527181964681588,3055.047999620438,2770.402714354652,837.6187085088118,19392.819000482563,16.0,2.2857142857142856,3.0,1821.0727142857143,300.35242857142856,287.16942857142857,2495.9438571428573,195.66414285714288,1,0,56,7.2
AS14.05,2014-04-16,7.0,6.966666666666668,7.014285714285714,0.32877840272019215,6.4,7.5,1.0999999999999996,-0.03928571428571474,0.2,-0.12857142857142853,0.8295868162611344,0.8,0.7928571428571428,0.23171205447813045,0.05729654885661261,0.09104912580544205,0.08343250826861284,0.04670489014517842,2307.549000501634,2798.059571368354,815.2280868851594,19586.41699957848,15.0,2.142857142857143,3.0,2066.683571428571,275.27385714285714,350.6822857142857,2717.299285714286,179.78928571428574,2,0,57,6.6
AS14.05,2014-04-17,7.2,6.866666666666667,7.042857142857143,0.3359421718944284,6.4,7.5,1.0999999999999996,-0.021428571428572,-0.6,-0.24999999999999997,0.8271436795785035,0.8,0.8,0.2309401076758501,0.10564943114617577,0.08822314170618843,0.07657971946228506,0.037253210705919935,1779.0359995365131,2543.074714354107,814.8938161214636,17801.523000478748,14.0,2.0,3.0,1983.961,250.76,415.7314285714286,2603.18,174.25585714285714,3,0,58,7.5
AS14.05,2014-04-18,6.6,6.933333333333333,6.957142857142856,0.3644957377763772,6.4,7.5,1.0999999999999996,-0.04642857142857196,0.4,-0.3071428571428571,0.7530098336169383,0.6,0.7428571428571428,0.2225394561056744,0.11503845562252696,0.09266147854177176,0.09110705310218427,0.026864533803891717,3048.236999750139,2711.382714271546,773.3355141778724,18979.67899990082,13.0,1.8571428571428572,3.0,2260.6382857142858,284.794,424.99357142857144,2954.7599999999998,203.39857142857142,4,0,59,7.2
AS14.05,2014-04-19,7.5,7.099999999999999,7.028571428571428,0.4191828786034665,6.4,7.5,1.0999999999999996,0.017857142857142187,0.25,-0.29999999999999993,0.7588368291888137,1.0,0.7999999999999999,0.2309401076758501,0.11516740722460596,0.11195176466443622,0.09404307552341461,0.0283915206193765,2982.49400115013,2758.7524285316467,779.147351617311,19311.266999721527,14.0,2.0,4.0,2450.965714285714,294.5427142857143,540.5667142857143,3180.1747142857143,206.46014285714287,5,1,60,7.2
AS14.05,2014-04-20,7.2,7.1000000000000005,7.057142857142857,0.4237025012007982,6.4,7.5,1.0999999999999996,0.03214285714285679,-0.8,-0.21428571428571427,0.6381707489080835,0.8,0.7714285714285715,0.21380899352993926,0.06088698983560529,0.09703095089424606,0.09569852303503432,0.02554267038655465,1471.3700017929077,2385.3205718312943,653.6617910247749,16697.24400281906,16.0,2.2857142857142856,1.0,2204.2071428571426,262.109,622.1728571428572,2906.573,211.65642857142853,6,1,61,7.2
AS14.05,2014-04-21,7.2,7.3,7.014285714285713,0.3848314411469532,6.4,7.5,1.0999999999999996,0.11071428571428497,-1.2,-0.4214285714285714,0.6951361634343917,1.0,0.7714285714285715,0.21380899352993926,0.03538299274192724,0.07047912993404615,0.08444932436331867,0.032473314855264515,5411.873999834062,2865.0868574551173,1291.1454861098946,20055.60800218582,3.0,0.42857142857142855,1.0,2880.931857142857,285.31857142857143,757.0118571428571,3596.0705714285714,173.3595714285714,0,0,62,7.2
AS14.05,2014-04-22,7.2,7.2,7.128571428571428,0.27516228977512325,6.6,7.5,0.9000000000000004,0.0428571428571427,-0.6,-0.3357142857142857,0.6155717435267565,1.0,0.8571428571428571,0.15118578920369066,0.10177745806111636,0.06601581354621629,0.08445704049836718,0.03247810959975432,3342.6099998950963,2906.1671432086405,1302.7195902355963,20343.170002460483,3.0,0.42857142857142855,1.0,3252.601714285714,269.40957142857144,686.514,3932.382,165.9005714285714,1,0,63,7.2
AS14.05,2014-04-23,7.2,7.2,7.1571428571428575,0.26992062325273725,6.6,7.5,0.9000000000000004,0.03214285714285642,0.4,-0.3071428571428571,0.6483495529859972,1.0,0.8857142857142858,0.15735915849388843,0.06284797975562106,0.06666947685288821,0.08525010205536838,0.03176429387580611,3010.2920019626636,3006.5590005602157,1275.6971045260354,21045.91300392151,4.0,0.5714285714285714,2.0,3318.354857142857,249.17528571428574,830.445857142857,3967.218714285714,168.6812857142857,2,0,64,7.2
AS14.05,2014-04-24,7.2,7.2,7.1571428571428575,0.26992062325273725,6.6,7.5,0.9000000000000004,0.042857142857141955,-1.0,-0.36428571428571427,0.6944507936217686,1.0,0.9142857142857144,0.15735915849388846,0.0809468968896285,0.08185744490212198,0.08172116859014734,0.030465919593597072,3493.4499988555895,3251.475286177227,1160.084826814578,22760.32700324059,4.0,0.5714285714285714,3.0,3568.6375714285714,232.652,844.994142857143,4190.590571428572,152.61100000000002,3,0,65,7.2
AS14.05,2014-04-25,7.2,7.2,7.242857142857143,0.1133893419027835,7.2,7.5,0.2999999999999998,-0.032142857142857535,-0.6,-0.5071428571428571,0.6085697518420895,1.0,0.9714285714285715,0.07559289460184516,0.0393710661860602,0.061055314277103236,0.07091154152779494,0.03009592120191105,2774.94800043106,3212.4340005602157,1172.595677087435,22487.03800392151,4.0,0.5714285714285714,3.0,3386.676714285714,184.3367142857143,833.0455714285714,3925.9527142857146,125.35914285714286,4,0,66,7.8
AS14.05,2014-04-26,7.2,7.2,7.2,5.730977038152182e-08,7.2,7.2,0.0,-3.72425587870111e-16,-1.2,-0.7142857142857143,0.5520524474738829,1.0,0.9714285714285715,0.07559289460184516,0.04905272151838807,0.05645689486469224,0.06146658642690667,0.023556184480141427,4589.26300239563,3441.9724293095724,1273.044526362044,24093.807005167007,6.0,0.8571428571428571,2.0,3519.720714285714,178.08557142857143,844.3338571428573,4046.5138571428574,113.93471428571429,5,1,67,7.4
AS14.05,2014-04-27,7.8,7.400000000000001,7.285714285714286,0.2267786838055444,7.2,7.8,0.5999999999999996,0.06428571428571414,-0.8,-0.7142857142857143,0.5520524474738829,1.0,1.0,0.0,0.20016636094205972,0.09619671621550267,0.08136363944211444,0.05743896100947868,3240.5440003871904,3694.7115719658987,951.6664473115169,25862.98100376129,6.0,0.8571428571428571,3.0,3641.878,235.12257142857143,773.504,4252.1702857142855,140.03085714285712,6,1,68,7.0
AS14.05,2014-04-28,7.4,7.466666666666666,7.314285714285714,0.2267786838055447,7.2,7.8,0.5999999999999996,0.06428571428571432,-0.6,-0.6285714285714284,0.508967208224281,1.0,1.0,0.0,0.018822482895967975,0.08934718845213858,0.07899785232126312,0.05993524728313651,2777.7720010280614,3318.4112864221847,623.8231854725566,23228.87900495529,6.0,0.8571428571428571,3.0,3167.2400000000002,224.67371428571428,685.0014285714286,3737.5184285714286,137.46114285714287,0,0,69,6.8
AS14.05,2014-04-29,7.0,7.400000000000001,7.285714285714286,0.25448360411214793,7.0,7.8,0.7999999999999998,0.014285714285713675,-0.6,-0.6285714285714284,0.508967208224281,1.0,1.0,0.0,0.01030462752911947,0.07643115712238238,0.06593030510240643,0.06397646229122839,4089.585000514983,3425.122000796454,689.1232695772256,23975.854005575176,7.0,1.0,3.0,3045.7401428571425,202.34885714285716,674.3117142857143,3589.438857142857,137.91314285714287,1,0,70,7.0
AS14.05,2014-04-30,6.8,7.066666666666666,7.228571428571429,0.3147183169877828,6.8,7.8,1.0,-0.05000000000000047,0.4,-0.6285714285714284,0.508967208224281,0.8,0.9714285714285714,0.07559289460184543,0.04116509714674098,0.023430735857276144,0.06283275044399499,0.06467170587580115,2197.080998897553,3308.949000358581,825.7191710093373,23162.643002510067,6.0,0.8571428571428571,2.0,2877.208428571429,216.79999999999998,555.4768571428572,3441.5384285714285,133.08442857142856,2,0,71,6.8
AS14.05,2014-05-01,7.0,6.933333333333334,7.200000000000001,0.32659863237109565,6.8,7.8,1.0,-0.07857142857142911,-0.6,-0.5714285714285714,0.4820590756130953,1.0,0.9714285714285714,0.07559289460184543,0.06160851782272659,0.037692747499529014,0.060070124863009,0.06418012281678923,1949.6339995861053,3088.4038576057974,962.9891336501719,21618.82700324058,6.0,0.8571428571428571,1.0,2685.9019999999996,214.53757142857143,478.6842857142857,3223.967,121.59857142857143,3,0,72,7.0
AS14.05,2014-05-02,6.8,6.866666666666667,7.142857142857143,0.35989416433697946,6.8,7.8,1.0,-0.12142857142857164,-0.2,-0.5142857142857142,0.5014265364224065,1.0,0.9714285714285714,0.07559289460184543,0.025292275106005607,0.04268863002515772,0.05805886899442977,0.06515016083517569,3806.620998859405,3235.785714524133,985.6993992864767,22650.50000166893,6.0,0.8571428571428571,1.0,2793.511285714286,213.29157142857144,469.1832857142857,3332.381285714286,120.52614285714286,4,0,73,6.75
AS14.05,2014-05-03,7.0,6.933333333333333,7.114285714285714,0.36253078686999063,6.8,7.8,1.0,-0.1285714285714294,-0.2,-0.3714285714285714,0.40708019567928533,1.0,0.9714285714285714,0.07559289460184543,0.006817240295425037,0.031239344408052414,0.05202522881972076,0.06801595506957292,4971.657999992369,3290.4135713236674,1079.358006565746,23032.89499926567,3.0,0.42857142857142855,8.0,2719.4217142857146,210.24042857142857,346.62600000000003,3282.9761428571433,158.73157142857144,5,1,74,7.0
AS14.05,2014-05-04,6.75,6.849999999999999,6.964285714285714,0.2211980366743207,6.75,7.4,0.6500000000000004,-0.06964285714285821,0.25,-0.22142857142857134,0.41619020377020555,1.0,0.9714285714285714,0.07559289460184543,0.05447085148853847,0.02886012229665637,0.031211584612074874,0.02154356985076837,3113.5239992141737,3272.2678568703786,1081.4018922961402,22905.87499809265,2.0,0.2857142857142857,12.0,2603.9557142857143,170.48157142857144,390.7907142857143,3099.7308571428575,147.42285714285714,6,1,75,6.333333333333333
AS14.06,2014-03-23,7.0,7.0,7.0,0.0,7.0,7.0,0.0,-9.310639696752773e-16,-1.0,-1.0,0.0,0.0,0.0,0.0,0.043431899641577044,0.043431899641577044,0.043431899641577044,0.0,0.0,0.0,0.0,0.0,1.0,0.14285714285714285,11.0,0.0,0.0,0.0,0.0,0.0,6,1,34,7.0
AS14.06,2014-03-24,7.0,7.0,7.0,0.0,7.0,7.0,0.0,-9.310639696752773e-16,-1.0,-1.0,0.0,0.0,0.0,0.0,0.043431899641577044,0.043431899641577044,0.043431899641577044,0.0,0.0,0.0,0.0,0.0,2.0,0.2857142857142857,10.0,0.0,0.0,0.0,0.0,0.0,0,0,35,7.0
AS14.06,2014-03-25,7.0,7.0,7.0,0.0,7.0,7.0,0.0,-9.310639696752773e-16,-1.0,-1.0,0.0,0.0,0.0,0.0,0.043431899641577044,0.043431899641577044,0.043431899641577044,0.0,2021.2819998264324,288.7545714037761,763.9727858674345,2021.2819998264324,5.0,0.7142857142857143,9.0,174.53028571428572,42.421142857142854,41.75671428571429,237.06728571428576,6.213571428571428,1,0,36,8.0
AS14.06,2014-03-26,7.0,7.0,7.0,0.0,7.0,7.0,0.0,-9.310639696752773e-16,-0.2,-0.8857142857142858,0.30237157840738177,0.6,0.08571428571428572,0.22677868380553634,0.1377085877085877,0.0748574623305806,0.05689999793686428,0.035633238722302986,5598.71200084686,1088.5705715247561,2126.6662395605968,7619.994000673292,4.0,0.5714285714285714,9.0,728.0214285714285,173.334,166.71842857142857,952.219,7.361571428571429,2,0,37,7.0
AS14.06,2014-03-27,8.0,7.333333333333333,7.142857142857143,0.37796447300922714,7.0,8.0,1.0,0.10714285714285628,0.5,-0.6714285714285715,0.5964178784328029,1.5,0.3,0.5744562646538028,0.13556265296587805,0.10556771343868093,0.07006153412605014,0.04548297775276512,5024.775000810621,1806.3955716405592,2511.243585401531,12644.769001483914,6.0,0.8571428571428571,9.0,1379.1291428571428,309.678,393.25457142857147,1833.4738571428572,11.99,3,0,38,7.6
AS14.06,2014-03-28,7.0,7.333333333333333,7.142857142857143,0.37796447300922714,7.0,8.0,1.0,0.07142857142857023,0.25,-0.4928571428571429,0.6648487117561479,0.25,0.33571428571428574,0.5602932905439538,0.1323286052009456,0.1351999486251371,0.08276106349167422,0.049077000683045977,6250.437000513076,2699.315143142427,2850.2446621128606,18895.20600199699,7.0,1.0,8.0,2062.857,433.4904285714286,547.76,2652.8562857142856,15.882428571428571,4,0,39,7.8
AS14.06,2014-03-29,7.6,7.533333333333334,7.228571428571429,0.4070801956792857,7.0,8.0,1.0,0.09999999999999908,-0.2,-0.37857142857142856,0.6310422218158509,0.8,0.45000000000000007,0.5619905100029122,0.17147079420003294,0.14645401745561887,0.1010523341428822,0.05542555231301069,4304.101001501085,3314.186714785439,2626.3388289056115,23199.307003498074,7.0,1.0,8.0,2804.9091428571433,535.0994285714286,875.0638571428572,3524.691714285714,21.92685714285714,5,1,40,7.8
AS14.06,2014-03-30,7.8,7.466666666666666,7.3428571428571425,0.4429339411136564,7.0,8.0,1.0,0.12857142857142753,0.0,-0.2357142857142857,0.5778655305765964,1.0,0.5928571428571429,0.5555992046344885,0.11158088235294117,0.13846009391797323,0.11078790310164852,0.049259885352840246,3626.9139997959155,3832.3172861848557,2184.0590505029354,26826.22100329399,7.0,1.0,2.0,3196.437857142857,597.9361428571428,1054.71,3989.3094285714287,26.557,6,1,41,7.0
AS14.06,2014-03-31,7.8,7.733333333333333,7.457142857142857,0.4429339411136565,7.0,8.0,1.0,0.1285714285714279,0.0,-0.09285714285714285,0.47119402534816734,0.8,0.7071428571428572,0.49195915432463455,0.21129785247432312,0.16478317634243242,0.13476875350632653,0.05179940193945844,3253.534998655318,4297.108000278472,1458.1268757962382,30079.756001949307,7.0,1.0,5.0,3382.657714285714,741.023,1162.3804285714286,4351.826714285714,52.731857142857145,0,0,42,7.75
AS14.06,2014-04-01,7.0,7.533333333333334,7.457142857142857,0.4429339411136565,7.0,8.0,1.0,0.014285714285714046,-0.2,0.021428571428571432,0.2674838668922275,0.4,0.7642857142857143,0.4130317640269791,0.16060545689131747,0.16116139723952724,0.1515078331134323,0.032819722507855094,3464.357000589372,4503.261571816036,1152.779184786459,31522.83100271225,5.0,0.7142857142857143,5.0,3683.4634285714283,790.8652857142857,1327.6568571428572,4703.062428571428,60.17814285714285,1,0,43,6.8
AS14.06,2014-04-02,7.75,7.516666666666666,7.564285714285715,0.40281745836284816,7.0,8.0,1.0,-0.01964285714285756,0.0,0.05,0.2499999999999996,0.75,0.7857142857142858,0.40693394807417843,0.22585362340247242,0.19925231092270435,0.16409998106970153,0.04220929428030128,2150.7579994201656,4010.696714469365,1329.7443073815916,28074.877001285553,8.0,1.1428571428571428,5.0,3726.3451428571425,728.4665714285715,1472.9442857142856,4677.283142857143,75.40685714285713,2,0,44,7.2
AS14.06,2014-04-03,6.8,7.183333333333334,7.392857142857143,0.4401028018434738,6.8,7.8,1.0,-0.039285714285714556,-0.6,-0.10714285714285714,0.2652492089661017,0.4,0.6285714285714284,0.27667240384183445,0.1625525210084034,0.1830038671007311,0.167955676504348,0.04036024852952305,6069.015000820161,4159.873857327871,1508.965550496971,29119.117001295093,10.0,1.4285714285714286,5.0,3923.6411428571423,674.1974285714285,1564.855,4753.172571428571,85.899,3,0,45,7.0
AS14.06,2014-04-04,7.2,7.25,7.421428571428572,0.41619020377020594,6.8,7.8,1.0,-0.11607142857142905,0.0,-0.14285714285714285,0.22253945610567435,0.4,0.6500000000000001,0.2466441431158125,0.20957389809629753,0.19932668083572444,0.17899071834654115,0.03954761073228788,4383.496000051498,3893.1680001190734,1214.0490587770958,27252.176000833515,11.0,1.5714285714285714,5.0,3982.077285714285,632.5981428571429,1678.297857142857,4811.494571428571,103.57857142857142,4,0,46,7.0
AS14.06,2014-04-05,7.0,7.0,7.3357142857142845,0.43465914396061095,6.8,7.8,1.0,-0.13571428571428623,-0.4,-0.1714285714285714,0.24299715851758202,0.2,0.5642857142857143,0.2868133622443432,0.1495238095238096,0.17388340954283685,0.17585543482136637,0.04108329044901901,3295.6999995708475,3749.11071412904,1216.9857073408793,26243.774998903278,11.0,1.5714285714285714,4.0,3721.8237142857147,793.6455714285714,1547.2432857142855,4740.329428571429,106.65857142857143,5,1,47,7.0
AS14.06,2014-04-06,7.0,7.066666666666666,7.221428571428571,0.39566099005034405,6.8,7.8,1.0,-0.10535714285714315,-0.4,-0.22857142857142856,0.24299715851758205,0.8,0.5357142857142858,0.2427520781138063,0.29227390180878554,0.21712386980963086,0.20166872331505845,0.049807597889922374,1969.0880000591285,3512.2784284523555,1393.2723696434348,24585.94899916649,13.0,1.8571428571428572,4.0,3666.5648571428574,786.3611428571429,1504.5365714285715,4711.291142857143,117.03385714285716,6,1,48,6.2
AS14.06,2014-04-07,7.0,7.0,7.107142857142857,0.30608900044019133,6.8,7.75,0.9500000000000002,-0.04642857142857196,-1.0,-0.3714285714285714,0.3545621041711671,0.4,0.4785714285714286,0.21574897229794426,0.020425724637681136,0.15407447865675875,0.17440127648125245,0.08409963306375173,1181.3529996871932,3216.252428599767,1653.2842475887624,22513.767000198368,13.0,1.8571428571428572,0.0,3751.0512857142858,667.2424285714286,1540.8897142857143,4657.583428571429,94.03399999999999,0,0,49,6.6
AS14.06,2014-04-08,6.2,6.733333333333333,6.992857142857143,0.462266672160643,6.2,7.75,1.5499999999999998,-0.15892857142857195,-0.6,-0.4285714285714285,0.3545621041711671,0.0,0.42142857142857143,0.2826321856776975,0.19494720965309198,0.16921561203318622,0.17930724116150595,0.08416236391085835,2916.0429995059985,3137.921857016427,1652.5592724374264,21965.45299911499,15.0,2.142857142857143,0.0,3942.8218571428574,624.0334285714287,1596.6238571428569,4803.223285714286,86.59799999999998,1,0,50,7.4
AS14.06,2014-04-09,6.6,6.6000000000000005,6.828571428571429,0.33523268393900935,6.2,7.2,1.0,-0.09285714285714392,-0.2,-0.4571428571428572,0.32071349029490903,0.0,0.31428571428571433,0.27945525240230884,0.1749485596707819,0.13010716465385166,0.17203508919983587,0.08163135022763679,4322.784998655318,3448.2114283357346,1640.1810748459504,24137.479998350143,16.0,2.2857142857142856,1.0,3951.555714285714,660.6971428571429,1466.688142857143,4862.655142857143,99.274,2,0,51,7.6
AS14.06,2014-04-10,7.4,6.733333333333333,6.914285714285714,0.39761191895520115,6.2,7.4,1.2000000000000002,-0.03571428571428679,0.4,-0.31428571428571433,0.44507891221134926,0.8,0.37142857142857144,0.3352326839390104,0.10309597523219816,0.157663914852024,0.1635412969460923,0.08577075533761694,4846.289999723435,3273.53642817906,1354.84295437793,22914.754997253418,13.0,1.8571428571428572,1.0,3769.5354285714284,726.6764285714286,1288.9601428571427,4738.879000000001,93.97071428571428,3,0,52,7.8
AS14.06,2014-04-11,7.6,7.2,6.971428571428572,0.468025233344975,6.2,7.6,1.3999999999999995,0.0785714285714278,-0.2,-0.34285714285714286,0.42761798705987886,0.8,0.42857142857142866,0.3728908942943219,0.22428424516659812,0.16744292668985938,0.16564277509899236,0.08725396528141995,5486.872999906541,3431.1617138726374,1554.9129128823872,24018.131997108463,12.0,1.7142857142857142,5.0,3774.9042857142854,748.1175714285715,1330.7067142857143,4861.891571428571,82.70885714285714,4,0,53,8.2
AS14.06,2014-04-12,7.8,7.599999999999999,7.0857142857142845,0.5639993245521109,6.2,7.8,1.5999999999999996,0.1714285714285709,-0.2,-0.3142857142857142,0.4298393941484478,1.0,0.5428571428571429,0.41173269183271033,0.20591670956453667,0.17776564332111097,0.17369890367623908,0.08811676631657236,3404.1159994602203,3446.649713856834,1553.8783439892297,24126.547996997837,12.0,1.7142857142857142,5.0,3977.840714285714,606.1371428571429,1399.4327142857144,4896.740714285714,80.50128571428571,5,1,54,7.0
AS14.06,2014-04-13,8.2,7.866666666666667,7.257142857142857,0.6996597812678735,6.2,8.2,1.9999999999999991,0.2785714285714279,0.4,-0.19999999999999998,0.5033222956847165,1.0,0.5714285714285714,0.4386125310350269,0.23391223155929042,0.22137106209680837,0.1653615222120255,0.07709995482207527,1801.7840008735652,3422.7491425446105,1581.4351805673255,23959.243997812275,10.0,1.4285714285714286,5.0,3853.1442857142856,678.4502857142858,1376.5885714285716,4830.480142857144,77.76285714285714,6,1,55,7.25
AS14.06,2014-04-14,7.0,7.666666666666667,7.257142857142857,0.6996597812678735,6.2,8.2,1.9999999999999991,0.2142857142857131,-1.3333333333333333,-0.2476190476190476,0.5984105932344764,0.6666666666666666,0.6095238095238095,0.43278353400006725,0.34474153297682714,0.26152349136688474,0.21169235197476063,0.07281414759433835,2878.302000522612,3665.1704283782415,1282.3684366878374,25656.19299864769,11.0,1.5714285714285714,5.0,4291.065,737.3744285714286,1484.9551428571428,5389.177142857144,84.7717142857143,0,0,56,7.0
AS14.06,2014-04-15,7.25,7.483333333333333,7.4071428571428575,0.526330513578501,6.6,8.2,1.5999999999999996,0.062499999999999514,-0.25,-0.1976190476190476,0.5783460270323699,0.75,0.7166666666666667,0.3395258131243895,0.17874293785310738,0.25246556746307497,0.20937745600333427,0.07368757633348393,2677.5539991855603,3631.1005711896078,1308.490342902833,25417.703998327255,10.0,1.4285714285714286,5.0,4010.2995714285717,736.1925714285715,1322.3982857142855,5105.94342857143,89.535,1,0,57,7.6
AS14.06,2014-04-16,7.0,7.083333333333333,7.464285714285714,0.43847680071117073,7.0,8.2,1.1999999999999993,-0.09642857142857186,-0.4,-0.22619047619047614,0.5834013565780788,0.6,0.8023809523809523,0.1528823595874161,0.20056360708534618,0.24134935930509357,0.21303674849112916,0.0723161525466602,3148.1399996280666,3463.294142757143,1280.0125291926834,24243.058999300003,11.0,1.5714285714285714,5.0,4032.1755714285714,703.7428571428571,1425.677857142857,5083.905857142857,74.79085714285715,2,0,58,6.8
AS14.06,2014-04-17,7.6,7.283333333333334,7.492857142857143,0.44010280184347284,7.0,8.2,1.1999999999999993,-0.09107142857142891,0.0,-0.2833333333333333,0.5288877217540807,0.4,0.7452380952380953,0.21574897229794437,0.14506508485747238,0.17479054326530863,0.21903233558045404,0.06279503628929933,5331.287997961045,3532.579571076802,1376.8147211343191,24728.056997537613,11.0,1.5714285714285714,5.0,4352.446142857143,678.162,1616.5054285714286,5402.869428571429,84.60799999999999,3,0,59,6.25
AS14.06,2014-04-18,6.8,7.133333333333333,7.378571428571428,0.5065053001179928,6.8,8.2,1.3999999999999995,-0.15000000000000047,0.2,-0.22619047619047614,0.5600807764871741,0.6,0.7166666666666667,0.22047927592204947,0.151670692431562,0.16576646145812685,0.20865897090402033,0.0675969193650768,6080.739001035689,3617.4175712381084,1527.3715946365046,25321.92299866676,11.0,1.5714285714285714,1.0,4372.574428571429,678.6687142857143,1543.4677142857142,5331.199571428571,92.63542857142859,4,0,60,6.8
AS14.06,2014-04-19,6.25,6.883333333333333,7.1571428571428575,0.6180807467668025,6.25,8.2,1.9499999999999993,-0.2107142857142863,-1.0,-0.34047619047619043,0.6309793345545639,0.5,0.645238095238095,0.19262184352553244,0.14621547543748678,0.14765041757550704,0.20013022317158463,0.07164560280707212,4282.510001182558,3742.9024286270137,1542.930607773394,26200.317000389095,14.0,2.0,1.0,4289.902714285714,631.1808571428571,1408.9871428571428,5239.743571428572,97.40385714285715,5,1,61,8.2
AS14.06,2014-04-20,6.8,6.616666666666667,6.957142857142856,0.4187566630599941,6.25,7.6,1.3499999999999996,-0.10000000000000019,0.2,-0.369047619047619,0.5953856959854903,0.6,0.588095238095238,0.11251102238772089,0.09826388888888893,0.13205001891931256,0.1807518885043844,0.078957205073066,3784.979001045228,4026.2160000801086,1288.1364311425336,28183.51200056076,18.0,2.5714285714285716,1.0,4423.719,574.1832857142857,1321.8804285714286,5335.319142857143,108.329,6,1,62,7.0
AS14.06,2014-04-21,8.2,7.083333333333333,7.128571428571428,0.6310422218158499,6.25,8.2,1.9499999999999993,0.03928571428571381,0.6,-0.09285714285714285,0.5167434658743246,0.8,0.6071428571428571,0.13671311638052977,0.029657567049808403,0.09137897712539468,0.13573989337195316,0.05650925283925875,2195.2630002498618,3928.6390000411443,1409.7166519121731,27500.47300028801,16.0,2.2857142857142856,1.0,4006.6284285714287,547.5827142857144,1263.7190000000003,4826.371,101.34485714285714,0,0,63,6.6
AS14.06,2014-04-22,7.0,7.333333333333333,7.0928571428571425,0.6300982538650683,6.25,8.2,1.9499999999999993,0.04285714285714252,0.2,-0.028571428571428557,0.5219012860502953,0.6,0.5857142857142856,0.12149857925879148,0.07823937267214573,0.06872027620361433,0.12138224120324435,0.056529972513444986,4849.295999765395,4238.8878572668345,1324.9164369862044,29672.215000867844,15.0,2.142857142857143,1.0,4143.8207142857145,628.044,1288.750142857143,5061.812285714286,95.51514285714286,1,0,64,7.0
AS14.06,2014-04-23,6.6,7.266666666666666,7.035714285714286,0.6574662765206313,6.25,8.2,1.9499999999999993,-0.023214285714286072,-0.4,-0.028571428571428557,0.5219012860502953,0.6,0.5857142857142856,0.12149857925879148,0.14449779911964783,0.0841315796138673,0.11337284006528744,0.046528510118233696,9050.318998098373,5082.056285619736,2141.4959387462272,35574.39399933815,16.0,2.2857142857142856,1.0,4565.136142857143,734.1855714285714,1254.1132857142857,5630.9661428571435,100.33385714285714,2,0,65,7.75
AS14.06,2014-04-24,7.0,6.866666666666667,6.950000000000001,0.6089608635481689,6.25,8.2,1.9499999999999993,0.05357142857142767,0.0,-0.028571428571428557,0.5219012860502953,0.8,0.6428571428571429,0.11338934190276871,0.13372735533587954,0.11882150904255769,0.11175316441934559,0.04542568654862218,6884.963999509813,5304.010000126703,2249.427510600686,37128.07000088692,19.0,2.7142857142857144,1.0,4480.898857142857,723.7987142857143,1095.9645714285714,5542.165428571429,89.07985714285714,3,0,66,6.4
AS14.06,2014-04-25,7.75,7.116666666666667,7.0857142857142845,0.6725042042708009,6.25,8.2,1.9499999999999993,0.11785714285714219,-0.25,-0.09285714285714285,0.5167434658743246,0.75,0.6642857142857144,0.11801936887041707,0.23571051267413404,0.17131188904322045,0.12375885302542732,0.06473538087461841,5439.212999582292,5212.363428490503,2225.448381946255,36486.54399943352,23.0,3.2857142857142856,4.0,4292.073857142857,715.849142857143,948.0265714285714,5340.682000000001,79.91471428571428,4,0,67,7.5
AS14.06,2014-04-26,6.4,7.05,7.107142857142857,0.6431877456780987,6.4,8.2,1.799999999999999,-0.07500000000000097,-1.0,-0.09285714285714285,0.5167434658743246,0.4,0.65,0.14433756729740688,0.26499999999999996,0.21147928933667118,0.14072807082007205,0.08423488832078616,4173.962000131609,5196.856571197511,2233.3715132068432,36377.995998382576,23.0,3.2857142857142856,4.0,4314.514571428571,749.8674285714286,999.7601428571428,5385.280857142857,80.76885714285713,5,1,68,7.2
AS14.06,2014-04-27,7.5,7.216666666666666,7.207142857142857,0.6418908081004182,6.4,8.2,1.799999999999999,-0.07678571428571486,0.0,-0.12142857142857141,0.5032040199703153,1.0,0.7071428571428571,0.19241572057347522,0.20659722222222224,0.23576924496545207,0.15620426129626255,0.08508040267913186,4277.856001377106,5267.267571244922,2188.764861276801,36870.872998714454,29.0,4.142857142857143,5.0,4387.202857142857,796.641,1027.0331428571428,5509.247285714287,86.16399999999999,6,1,69,6.75
AS14.06,2014-04-28,7.2,7.033333333333334,7.064285714285714,0.4732109164300525,6.4,7.75,1.3499999999999996,0.06428571428571432,-0.6,-0.2928571428571428,0.4127434346626758,1.0,0.7357142857142858,0.22119803667431506,0.05971583946078428,0.17710435389433546,0.16049830021211622,0.07810135279705357,1230.2140007019048,5129.403428452357,2431.449961850761,35905.823999166496,29.0,4.142857142857143,5.0,4272.4334285714285,780.0785714285714,933.9970000000001,5398.498857142858,82.96428571428571,0,0,70,7.25
AS14.06,2014-04-29,6.75,7.1499999999999995,7.028571428571428,0.48807200873875617,6.4,7.75,1.3499999999999996,0.021428571428570513,-0.25,-0.35714285714285715,0.35405810661124903,0.5,0.7214285714285715,0.23426684012243934,0.17232443482443488,0.14621249883581378,0.17393902337672898,0.06917090293602174,3771.8770005702977,4975.486428567342,2485.6346685411413,34828.4049999714,28.0,4.0,5.0,4483.524857142857,737.9774285714285,983.0110000000001,5549.059571428572,84.9872857142857,1,0,71,6.8
AS14.06,2014-04-30,7.25,7.066666666666666,7.121428571428571,0.45355736761107096,6.4,7.75,1.3499999999999996,-0.016071428571429045,0.0,-0.29999999999999993,0.3774917217635371,1.0,0.7785714285714285,0.24808792604159371,0.1751971158833905,0.13574579672286988,0.17832464005726362,0.06795567740965029,4658.894000768662,4348.140000377383,1722.9482359031902,30436.980002641685,24.0,3.4285714285714284,4.0,4141.815142857143,644.9854285714285,977.7208571428572,5066.149571428572,80.64200000000001,2,0,72,8.0
AS14.06,2014-05-01,6.8,6.933333333333334,7.0928571428571425,0.46853368024487646,6.4,7.75,1.3499999999999996,-0.06785714285714395,-0.6,-0.3857142857142857,0.36596252735569956,0.6,0.75,0.2565800719723446,0.10888427751577055,0.15213527607453195,0.1747756289401052,0.07124221868530921,5405.986999511718,4136.8575718062275,1424.9202410576222,28958.003002643592,21.0,3.0,4.0,3961.7629999999995,641.7727142857144,1033.6129999999998,4864.253714285714,86.16885714285715,3,0,73,7.2
AS14.06,2014-05-02,8.0,7.3500000000000005,7.128571428571429,0.5321788099072381,6.4,8.0,1.5999999999999996,0.12321428571428533,0.0,-0.35,0.39264063297965784,1.0,0.7857142857142857,0.2734262327610593,0.3267268445839875,0.2036027459943828,0.18777796207008426,0.09004203606413126,1683.4619998931878,3600.3217147077835,1554.043717242884,25202.252002954483,18.0,2.5714285714285716,1.0,3573.4024285714286,634.6501428571428,997.4974285714286,4484.2185714285715,97.69242857142856,4,0,74,6.25
AS14.06,2014-05-03,7.2,7.333333333333333,7.242857142857142,0.4246847570341336,6.75,8.0,1.25,0.026785714285713653,-0.8,-0.32142857142857145,0.3413907131830313,1.0,0.8714285714285713,0.22146697055682907,0.18526365348399243,0.2069582585279168,0.17638705542494032,0.08344680828495273,1749.0979988574977,3253.912571668625,1670.7424626499653,22777.388001680374,19.0,2.7142857142857144,1.0,3345.154714285714,574.3528571428571,934.1539999999999,4198.994142857143,101.44914285714286,5,1,75,7.6
AS14.06,2014-05-04,6.25,7.1499999999999995,7.064285714285714,0.5444525428616992,6.25,8.0,1.75,-0.042857142857143635,-0.75,-0.42857142857142855,0.3413907131830313,0.0,0.7285714285714285,0.38606685826112974,0.2202587145969499,0.2440830708883099,0.17833869719275855,0.08442513926464683,967.2519998550421,2780.9691428797587,1796.4274859941559,19466.78400015831,9.0,1.2857142857142858,0.0,3113.433,481.666,950.5477142857143,3832.8578571428566,73.43457142857142,6,1,76,7.0
AS14.06,2014-05-06,7.0,6.95,7.1571428571428575,0.5615666860285975,6.25,8.0,1.75,-0.03214285714285772,-0.6666666666666666,-0.5166666666666667,0.36016971308290474,0.6666666666666666,0.6952380952380952,0.3607751795214442,0.082037037037037,0.15646210292902687,0.18077974289346027,0.07959992732943126,2797.5749995708466,2673.252856867654,1715.8753532362282,18712.769998073578,9.0,1.2857142857142858,0.0,2987.6437142857144,439.7004285714285,953.1984285714286,3666.0138571428574,78.54414285714286,1,0,78,6.75
AS14.06,2014-05-07,6.875,7.158333333333334,7.103571428571429,0.569068788209549,6.25,8.0,1.75,-0.04910714285714362,-0.5833333333333333,-0.6,0.27905263010831866,0.4583333333333333,0.6178571428571428,0.34212126164849466,0.12715530656707127,0.125427633585734,0.17391662727684323,0.08219041766970611,3537.790999174119,2513.0952852112905,1543.2904068849923,17591.666996479034,8.0,1.1428571428571428,0.0,3086.254,444.2151428571429,1079.065142857143,3775.3154285714286,77.69828571428572,2,0,79,7.0
AS14.07,2014-03-24,7.75,6.916666666666667,6.628571428571428,0.7936503968252977,5.25,7.75,2.5,0.05178571428571379,0.0,-0.5452380952380953,0.5404657015974044,1.5,0.9214285714285714,0.7358991908187011,0.13434490180252895,0.13434490180252895,0.13434490180252895,0.0,5006.011996507645,3137.029714005334,2236.1700958980887,21959.20799803734,3.0,0.42857142857142855,4.0,3550.3247142857144,36.92942857142857,722.7248571428571,4073.136428571429,300.9191428571429,0,0,7,7.666666666666667
AS14.07,2014-03-25,8.0,7.25,6.8,0.9508767883730609,5.25,8.0,2.75,0.22321428571428506,0.5,-0.33095238095238094,0.6214103263149025,1.0,0.8642857142857141,0.7075275528876865,0.13434490180252895,0.13434490180252895,0.13434490180252895,0.0,3641.9139983654013,3657.3031423432485,1756.981399025669,25601.12199640274,7.0,1.0,12.0,4011.901571428571,42.65528571428571,746.8432857142858,4618.309714285714,369.3272857142857,1,0,8,6.6
AS14.07,2014-03-26,7.666666666666667,7.8055555555555545,6.923809523809523,1.0057177804773336,5.25,8.0,2.75,0.31607142857142845,-0.5,-0.25952380952380955,0.5570970677154411,1.3333333333333333,0.8547619047619047,0.6995179746263829,0.13434490180252895,0.13434490180252895,0.13434490180252895,0.0,3824.929998397827,4203.721713542938,716.952058177155,29426.051994800568,8.0,1.1428571428571428,12.0,4526.669142857143,48.73685714285715,771.1675714285714,5169.443428571429,387.2217142857143,2,0,9,6.8
AS14.07,2014-03-27,6.6,7.422222222222222,6.895238095238095,1.0126383895233817,5.25,8.0,2.75,0.2636904761904755,0.2,-0.0880952380952381,0.4689146536214797,0.6,0.7404761904761905,0.6598159916652089,0.10329373128561768,0.1239945116302252,0.12990902030011306,0.01173623930074402,4305.201999664307,4066.0542847769602,551.8460124415827,28462.37999343872,16.0,2.2857142857142856,14.0,4326.863,31.32714285714286,732.4868571428572,4897.491857142857,367.4994285714286,3,0,10,8.25
AS14.07,2014-03-28,6.8,7.022222222222222,7.116666666666666,0.72014659001561,6.0,8.0,2.0,0.018452380952380644,0.2,0.04761904761904762,0.3731036708561698,0.4,0.8333333333333334,0.5301991240195623,0.08970024791525805,0.10911296033446823,0.12353121260193149,0.018880188877474568,4340.090998888015,4145.312427486692,544.5939349961498,29017.186992406845,18.0,2.5714285714285716,21.0,4289.762142857143,22.726285714285716,717.965,4855.754714285715,367.9478571428572,4,0,11,7.0
AS14.07,2014-03-29,8.25,7.216666666666666,7.295238095238095,0.8325949109346545,6.0,8.25,2.25,0.12321428571428551,0.25,0.03571428571428572,0.3636782984478242,1.5,0.9047619047619049,0.5870291088209977,0.09809984248895876,0.0970312738966115,0.11835334698570718,0.02033435458205655,3594.812001228331,4169.0398562295095,510.73483013932946,29183.278993606564,19.0,2.7142857142857144,21.0,4253.065285714286,43.47042857142857,644.3149999999999,4998.011142857143,457.7191428571428,5,1,12,6.2
AS14.07,2014-03-30,7.0,7.3500000000000005,7.438095238095237,0.6358658638623371,6.6,8.25,1.6500000000000004,-0.09345238095238181,0.2,0.12142857142857144,0.31072112745614666,1.0,1.0476190476190477,0.4311299292243766,0.04187585355184262,0.07655864798535313,0.10514348294989485,0.033794697511019066,3017.4159998893742,3961.482427562986,645.3692461407367,27730.3769929409,19.0,2.7142857142857144,26.0,3932.1160000000004,63.20971428571428,645.4564285714285,4718.266285714286,491.69500000000005,6,1,13,4.333333333333333
AS14.07,2014-03-31,6.2,7.1499999999999995,7.216666666666667,0.7657603338440097,6.2,8.25,2.05,-0.18154761904761937,0.2,0.15000000000000005,0.30686587732536597,0.0,0.8333333333333334,0.5301991240195623,0.0625734602553756,0.06751638543205898,0.0948904198717301,0.0343416567523535,1262.4910004138944,3426.693713835307,1055.9773283785198,23986.85599684715,21.0,3.0,27.0,3582.575714285714,59.90657142857143,716.077142857143,4440.950142857143,526.2342857142856,0,0,14,6.6
AS14.07,2014-04-01,4.333333333333333,5.844444444444444,6.692857142857143,1.2448358936487993,4.333333333333333,8.25,3.916666666666667,-0.3785714285714297,-1.0,-0.06428571428571425,0.4905050846782712,0.0,0.6904761904761906,0.606970096802716,0.051366076733723814,0.05193846351364734,0.08303630200475791,0.03273674759684571,2800.347000360488,3306.4698569774623,1075.1234590036381,23145.288998842236,22.0,3.142857142857143,19.0,3552.902857142857,56.146857142857144,836.8878571428571,4444.300714285714,535.9051428571428,1,0,15,5.5
AS14.07,2014-04-02,6.6,5.711111111111111,6.54047619047619,1.1687226781459756,4.333333333333333,8.25,3.916666666666667,-0.24940476190476257,-1.0,-0.13571428571428568,0.5907017618295812,0.8,0.6142857142857142,0.5429197958832452,0.08076225802411184,0.06490059833773708,0.0753816386078412,0.02377887584984799,4392.312999486922,3387.5245714187618,1140.1467783696942,23712.67199993133,21.0,3.0,27.0,3543.2662857142855,58.88957142857142,869.022,4423.597571428571,545.4222857142856,2,0,16,6.2
AS14.07,2014-04-03,5.5,5.477777777777778,6.383333333333334,1.2316429857894893,4.333333333333333,8.25,3.916666666666667,-0.3523809523809534,-1.25,-0.3428571428571428,0.6978709117908622,0.25,0.5642857142857143,0.5602932905439537,0.1561874532182019,0.09610526265867918,0.08293788459821037,0.03817378333144645,3423.8079988956447,3261.6111427375245,1068.3174732184416,22831.27799916267,26.0,3.7142857142857144,27.0,3383.494857142857,62.50971428571428,824.524,4332.754428571429,605.401,3,0,17,6.5
AS14.07,2014-04-04,6.2,6.1000000000000005,6.297619047619048,1.218622042529876,4.333333333333333,8.25,3.916666666666667,-0.3125000000000007,-0.4,-0.42857142857142855,0.6556530731880637,0.2,0.5357142857142857,0.5749741195003807,0.09026347679477341,0.10907106267902905,0.08301834586671256,0.03819100205612531,2701.438000440597,3027.5178572450363,967.3753861646104,21192.625000715256,29.0,4.142857142857143,19.0,3198.915571428571,76.02014285714286,785.0022857142858,4202.7708571428575,618.1021428571429,4,0,18,6.0
AS14.07,2014-04-05,6.5,6.066666666666666,6.047619047619047,0.8852405286987257,4.333333333333333,7.0,2.666666666666667,-0.011904761904762636,-0.75,-0.5714285714285714,0.588682952910664,0.0,0.32142857142857145,0.41216617083520124,0.04963037634408607,0.09869376878568713,0.07609413641744503,0.03937640592474453,3135.5300018787375,2961.906143052237,937.6033742880645,20733.343001365658,35.0,5.0,21.0,3163.7101428571427,52.89714285714285,742.2541428571429,3998.4448571428575,540.8364285714285,5,1,19,6.75
AS14.07,2014-04-06,6.0,6.233333333333333,5.904761904761904,0.7804150299985423,4.333333333333333,6.6,2.2666666666666666,0.11904761904761874,0.0,-0.6,0.5484827557301445,0.6666666666666666,0.27380952380952384,0.33220045583524227,0.2313065813088305,0.12373347814923001,0.10315566895415759,0.06720210118930268,1690.350999832153,2772.325428758348,1051.7276051237704,19406.278001308438,44.0,6.285714285714286,21.0,3069.281,33.14871428571429,697.932,3939.469571428571,592.0600000000001,6,1,20,5.4
AS14.07,2014-04-07,6.75,6.416666666666667,5.983333333333333,0.8404694455415348,4.333333333333333,6.75,2.416666666666667,0.2517857142857143,-0.75,-0.7357142857142858,0.42003401222826153,1.0,0.4166666666666667,0.4024232155883211,0.05631576348488113,0.11241757371259924,0.10226171227265837,0.06787022100696315,3035.5220007896405,3025.615571669169,814.1833220391869,21179.309001684185,44.0,6.285714285714286,23.0,3040.5001428571427,35.73171428571429,638.1834285714285,3890.391,611.1694285714285,0,0,21,6.8
AS14.07,2014-04-08,5.4,6.050000000000001,6.135714285714285,0.5312832622640294,5.4,6.75,1.3499999999999996,-0.04642857142857196,-0.6,-0.6785714285714286,0.4050279237875075,0.2,0.44523809523809527,0.3740066207715477,0.0805241620390383,0.12271550227758332,0.10642715303056045,0.06506266273562497,3253.9589993953696,3090.417285817009,811.3123985238776,21632.921000719063,39.0,5.571428571428571,23.0,3188.9418571428573,41.65714285714286,566.1067142857144,4013.3532857142854,612.4411428571428,1,0,22,6.4
AS14.07,2014-04-09,6.8,6.316666666666667,6.164285714285714,0.5647376129040601,5.4,6.8,1.3999999999999995,0.09107142857142779,-0.4,-0.5928571428571427,0.3888321954140065,0.6,0.41666666666666663,0.3492054473292826,0.07680102095483002,0.07121364882624982,0.10586126202066304,0.06533972723533657,3633.5159993171687,2982.017714364187,641.240638877319,20874.12400054931,37.0,5.285714285714286,15.0,3088.3991428571426,51.00771428571429,554.3395714285714,3971.6604285714284,604.1218571428572,2,0,23,6.2
AS14.07,2014-04-10,6.4,6.2,6.292857142857144,0.4851362106224874,5.4,6.8,1.3999999999999995,0.021428571428570884,-1.0,-0.5571428571428572,0.3245876505000503,0.6,0.46666666666666673,0.34641016151377535,0.0707902001380262,0.07603846104396485,0.09366165443778082,0.06227776571674596,3137.6919991970067,2941.144000121524,617.049234330433,20588.00800085067,26.0,3.7142857142857144,13.0,3110.1725714285712,52.84628571428572,594.1505714285714,3850.254857142857,491.73885714285717,3,0,24,3.5
AS14.07,2014-04-11,6.2,6.466666666666666,6.292857142857144,0.4851362106224874,5.4,6.8,1.3999999999999995,-0.0017857142857150006,0.4,-0.4428571428571429,0.48855959328466386,0.0,0.43809523809523815,0.3788034628828826,0.0989583333333333,0.08218318480872984,0.09490377680043223,0.06228540189630037,1569.876000642777,2779.4922858646933,808.7538324054332,19456.446001052853,27.0,3.857142857142857,17.0,2864.391142857143,39.335857142857144,519.2955714285714,3534.441,470.5607142857143,4,0,25,6.4
AS14.07,2014-04-12,3.5,5.366666666666667,5.864285714285715,1.146267233863281,3.5,6.8,3.3,-0.2714285714285719,0.5,-0.2642857142857143,0.5778655305765965,-1.0,0.29523809523809524,0.6575568054403759,0.06868288982259571,0.07947714109798508,0.09762556444021932,0.06036393095996021,721.5230009555814,2434.6341428756714,1095.4817296123522,17042.4390001297,20.0,2.857142857142857,16.0,2536.7858571428574,35.53571428571429,484.3615714285715,3198.444,464.3302857142857,5,1,26,6.5
AS14.07,2014-04-13,6.4,5.366666666666667,5.921428571428572,1.1639935362281695,3.5,6.8,3.3,-0.19464285714285762,0.0,-0.2642857142857143,0.5778655305765965,0.7,0.3,0.6608075867199669,0.15313380173005842,0.10692500829532914,0.08645802450039472,0.03214648105023625,2233.6620004177094,2512.2500001021795,1052.3580011464087,17585.750000715256,13.0,1.8571428571428572,21.0,2778.998142857143,43.47142857142858,544.1121428571429,3503.959285714286,460.0581428571428,6,1,27,6.2
AS14.07,2014-04-14,6.5,5.466666666666668,5.885714285714286,1.137876049823491,3.5,6.8,3.3,-0.014285714285714977,-0.25,-0.19285714285714287,0.5372992426855598,1.0,0.3,0.6608075867199669,0.01631944444444443,0.07937871199903286,0.0807442646374752,0.04078952605391695,2453.4140019416814,2429.0917145524704,1026.806145307567,17003.642001867294,16.0,2.2857142857142856,18.0,2812.3247142857144,47.499857142857145,569.4664285714285,3532.691142857143,451.567,0,0,28,6.0
AS14.07,2014-04-15,6.2,6.366666666666667,6.0,1.121011448053352,3.5,6.8,3.3,-0.05000000000000028,-0.2,-0.1357142857142857,0.5072099217896913,0.4,0.3285714285714286,0.6600865744084525,0.03335375816993464,0.06760233478147916,0.07400563551331753,0.04455457405438219,1852.9840002059943,2228.9524289539886,974.4305247762784,15602.66700267792,18.0,2.5714285714285716,18.0,2521.9069999999997,39.75157142857143,541.6678571428571,3210.4697142857144,426.81300000000005,1,0,29,4.75
AS14.07,2014-04-16,6.0,6.233333333333333,5.885714285714286,1.0652520381402288,3.5,6.5,3.0,0.06428571428571367,-0.75,-0.1857142857142857,0.5528066914349338,0.5,0.31428571428571433,0.6542898731412843,0.019623337804315216,0.02309884680623143,0.065837395063244,0.04897829361903933,1401.8689999580372,1910.1457147598267,784.9515074104934,13371.020003318787,17.0,2.4285714285714284,18.0,2354.2334285714282,30.333285714285722,564.2745714285714,2943.5538571428574,392.3654285714286,2,0,30,3.8
AS14.07,2014-04-17,4.75,5.6499999999999995,5.6499999999999995,1.1139269874338003,3.5,6.5,3.0,0.016071428571428396,-1.25,-0.2214285714285714,0.6183695920571712,0.0,0.2285714285714286,0.6499084184567486,0.10595602036110062,0.052977705445116825,0.07086108366654033,0.05131853330327778,4048.160000085829,2040.2125720296585,1052.1966471956187,14281.48800420761,17.0,2.4285714285714284,24.0,2466.868285714286,24.874571428571436,530.412,3113.3139999999994,440.46728571428565,3,0,31,5.2
AS14.07,2014-04-18,3.8,4.8500000000000005,5.307142857142857,1.274241137379612,3.5,6.5,3.0,-0.1035714285714288,-1.2,-0.4499999999999999,0.6454972243679027,-0.4,0.17142857142857143,0.689720440261332,0.11809086629001884,0.08122340815181156,0.07359430266035256,0.0535264026559849,2234.222999811173,2135.1192861965724,1032.4791580757199,14945.835003376005,12.0,1.7142857142857142,20.0,2645.7952857142855,24.874571428571436,589.5822857142857,3261.907714285714,408.43414285714283,4,0,32,7.0
AS14.07,2014-04-19,5.2,4.583333333333333,5.549999999999999,1.00623058987491,3.8,6.5,2.7,-0.37321428571428644,-1.0,-0.6642857142857143,0.5129281022670116,-0.4,0.2571428571428572,0.5411627692821659,0.047270114942528745,0.09043900053121608,0.070535334820343,0.05445762049667708,1561.2390003204343,2255.0787146772655,878.1070117649604,15785.551002740858,13.0,1.8571428571428572,21.0,2680.6440000000002,24.874571428571436,581.4604285714286,3239.664285714286,381.6958571428571,5,1,33,3.0
AS14.07,2014-04-20,7.0,5.333333333333333,5.635714285714286,1.1108233754421,3.8,7.0,3.2,-0.09642857142857196,0.25,-0.6285714285714284,0.5721721352713293,0.75,0.2642857142857143,0.5482656637937834,0.003125470618354867,0.05616215061696749,0.04910557323295677,0.04527827820822814,808.790000677109,2051.52557185718,1035.027112333758,14360.679003000258,11.0,1.5714285714285714,11.0,2285.136142857143,15.51128571428572,451.64885714285714,2656.9605714285713,286.1917142857143,6,1,34,6.6
AS14.07,2014-04-21,3.0,5.066666666666666,5.135714285714286,1.405558692511718,3.0,7.0,4.0,-0.2553571428571432,-2.0,-0.8785714285714284,0.7375958371951532,-1.0,-0.021428571428571415,0.6176954096054291,0.08680555555555557,0.04573371370547972,0.05917501767740121,0.04460444169074667,359.81500053405733,1752.4400002275192,1190.3705188152612,12267.080001592634,6.0,0.8571428571428571,11.0,1941.5247142857145,10.912857142857147,314.5364285714286,2262.328,232.3161428571429,0,0,35,6.0
AS14.07,2014-04-22,6.6,5.533333333333334,5.192857142857143,1.462995947655753,3.0,7.0,4.0,0.05357142857142777,-0.4,-0.9071428571428571,0.7102983947073296,0.8,0.03571428571428573,0.6786716717936869,0.061785468319559195,0.05057216483115654,0.063236690555919,0.04313145413588927,1128.1969988346095,1648.8990000316069,1211.5016088992243,11542.293000221249,4.0,0.5714285714285714,10.0,2232.2079999999996,17.943000000000005,501.31257142857146,2612.3014285714285,254.12385714285713,1,0,36,6.0
AS14.07,2014-04-23,6.0,5.2,5.192857142857143,1.462995947655753,3.0,7.0,4.0,0.2553571428571422,-0.2,-0.8285714285714284,0.7593073284564155,0.4,0.021428571428571446,0.6682421859233513,0.09099018199233717,0.07986040195581731,0.0734319540113507,0.03937525023296953,1595.401999473572,1676.5465713909691,1207.1249784032525,11735.825999736784,4.0,0.5714285714285714,12.0,2123.0317142857143,9.186428571428577,419.36942857142856,2510.023142857143,273.08314285714283,2,0,37,5.6
AS14.07,2014-04-24,6.0,6.2,5.371428571428572,1.4761597539045799,3.0,7.0,4.0,0.2785714285714282,-0.6666666666666666,-0.7452380952380951,0.7370307223679929,0.0,0.021428571428571446,0.6682421859233513,0.07537353651992687,0.07604972894394109,0.06906302774832589,0.036775907465183055,2163.8959999084473,1407.3659999370575,689.0399396845662,9851.561999559402,7.0,1.0,4.0,2244.6485714285714,11.767857142857148,518.2164285714287,2637.0695714285716,282.5774285714286,3,0,38,3.3333333333333335
AS14.07,2014-04-25,5.6,5.866666666666667,5.628571428571429,1.3034752084514794,3.0,7.0,4.0,0.0785714285714278,-0.6,-0.6595238095238093,0.7097115443548005,0.4,0.13571428571428573,0.6523766075628693,0.15798611111111105,0.10811660987445837,0.07476234843705334,0.04724230841772035,1905.658999681473,1360.4282856328148,632.1705470134599,9522.997999429703,9.0,1.2857142857142858,5.0,2190.768,11.767857142857148,463.48857142857145,2594.754571428571,300.03171428571426,4,0,39,5.4
AS14.07,2014-04-26,3.3333333333333335,4.977777777777778,5.3619047619047615,1.5695515485297302,3.0,7.0,4.0,-0.22857142857142904,0.3333333333333333,-0.469047619047619,0.7786757854434532,-0.6666666666666666,0.09761904761904763,0.6952503260502765,0.07604166666666666,0.10313377143256819,0.07887257011193019,0.045677438860099624,1970.4180002212522,1418.8824284757886,671.5258625113363,9932.17699933052,14.0,2.0,3.0,2230.0565714285713,11.767857142857148,522.5591428571429,2648.2562857142852,322.3715714285714,5,1,40,6.0
AS14.07,2014-04-27,5.4,4.777777777777778,5.133333333333334,1.3984117975602064,3.0,6.6,3.5999999999999996,0.009523809523809084,-0.4,-0.5619047619047618,0.7147723210222054,-0.2,-0.038095238095238064,0.6369570517030843,0.018915739069801873,0.08431450561585986,0.0811283227478512,0.041513351450973596,1774.9600019454954,1556.9067143712725,622.7500097044882,10898.347000598907,14.0,2.0,3.0,2451.9370000000004,16.660571428571433,642.2321428571429,2911.4782857142854,350.3731428571428,6,1,41,6.75
AS14.07,2014-04-28,6.0,4.911111111111111,5.561904761904763,1.0525856297406482,3.3333333333333335,6.6,3.266666666666666,-0.20238095238095283,-0.6,-0.36190476190476184,0.34610455037222454,0.4,0.16190476190476197,0.4866470968015701,0.013407752824023426,0.036121719520163985,0.07064292235763232,0.04851870663501014,2199.755001544952,1819.7552859442574,370.47383971079,12738.287001609802,15.0,2.142857142857143,4.0,2661.8301428571426,14.796142857142863,695.5018571428571,3151.7404285714283,378.6091428571429,0,0,42,5.0
AS14.07,2014-04-29,6.75,6.05,5.583333333333333,1.0784505345891227,3.3333333333333335,6.75,3.4166666666666665,0.07321428571428495,0.25,-0.269047619047619,0.41459803954135427,0.75,0.1547619047619048,0.47597018714160966,0.09448967086834738,0.04227105425405756,0.07531495129317348,0.04909481863883404,6544.9010033607465,2593.570143733705,1755.0274614593998,18154.991006135937,24.0,3.4285714285714284,7.0,2852.961142857143,19.166857142857147,566.9174285714286,3502.1118571428565,518.4325714285715,1,0,43,5.0
AS14.07,2014-04-30,5.0,5.916666666666667,5.44047619047619,1.0802887621019759,3.3333333333333335,6.75,3.4166666666666665,0.07023809523809489,-2.0,-0.5261904761904761,0.7702727476810443,0.0,0.09761904761904765,0.4655172920594347,0.13463824767244986,0.08084522378827357,0.0815503892474753,0.05394933291762106,2694.980000019073,2750.6527152402055,1699.11487338252,19254.56900668144,25.0,3.5714285714285716,14.0,3154.0294285714285,21.894142857142864,674.5887142857143,3960.552571428571,647.632,2,0,44,5.0
AS14.07,2014-05-01,5.0,5.583333333333333,5.297619047619047,1.0598929266076962,3.3333333333333335,6.75,3.4166666666666665,0.10297619047618997,-2.0,-0.7166666666666666,0.9537935951882996,0.5,0.16904761904761909,0.48595348918470943,0.02414791881612267,0.08442527911897331,0.07423244386121756,0.058231158559097614,1965.6930007934577,2722.338001080921,1712.124137183114,19056.36600756645,20.0,2.857142857142857,14.0,2994.468857142857,25.761000000000006,578.2828571428572,3798.3778571428566,626.2461428571429,3,0,45,6.2
AS14.07,2014-05-02,5.0,5.0,5.211904761904762,1.0556161219048377,3.3333333333333335,6.75,3.4166666666666665,0.11428571428571395,-1.6666666666666667,-0.869047619047619,1.0152735706598608,-0.3333333333333333,0.06428571428571432,0.5064791841933525,0.10358452683650247,0.08745689777502501,0.0664607889648449,0.047904913841888455,881.2810003757471,2575.998286894389,1833.0681689284181,18031.988008260723,17.0,2.4285714285714284,13.0,2933.4841428571426,26.193142857142863,608.0932857142858,3737.679428571428,612.286142857143,4,0,46,5.666666666666667
AS14.07,2014-05-03,6.2,5.3999999999999995,5.621428571428572,0.7022921654940296,5.0,6.75,1.75,-0.048214285714286396,-0.6,-1.0023809523809524,0.8838273551156886,0.6,0.24523809523809526,0.4208362800462604,0.05910464220123313,0.06227902928461943,0.06404121404121155,0.04776788303729041,1986.1989991664886,2578.2527153151373,1832.208758606953,18047.76900720596,11.0,1.5714285714285714,13.0,3013.027857142857,26.193142857142863,662.54,3827.9054285714287,603.375,5,1,47,8.0
AS14.07,2014-05-04,5.666666666666667,5.622222222222223,5.65952380952381,0.6954785950627693,5.0,6.75,1.75,-0.07500000000000041,-0.6666666666666666,-1.0404761904761903,0.8589322151744864,0.0,0.27380952380952384,0.39132457197947657,0.07569444444444444,0.07946120449406004,0.07215245766616049,0.04345412768007609,797.7419998645781,2438.650143589292,1937.8016190583255,17070.551005125042,12.0,1.7142857142857142,13.0,2829.65,23.792857142857144,652.9417142857143,3625.6854285714285,594.1241428571429,6,1,48,5.5
AS14.08,2014-03-04,6.333333333333333,6.333333333333333,6.333333333333333,0.0,6.333333333333333,6.333333333333333,0.0,0.0,0.0,0.0,0.0,0.3333333333333333,0.3333333333333333,0.0,0.00555555555555555,0.00555555555555555,0.00555555555555555,0.0,0.0,0.0,0.0,0.0,1.0,0.14285714285714285,11.0,0.0,0.0,0.0,0.0,0.0,1,0,15,6.333333333333333
AS14.08,2014-03-05,6.333333333333333,6.333333333333333,6.333333333333333,0.0,6.333333333333333,6.333333333333333,0.0,0.0,0.0,0.0,0.0,0.3333333333333333,0.3333333333333333,0.0,0.00555555555555555,0.00555555555555555,0.00555555555555555,0.0,0.0,0.0,0.0,0.0,0.0,0.0,11.0,0.0,0.0,0.0,0.0,0.0,2,0,16,7.2
AS14.08,2014-03-06,6.333333333333333,6.333333333333333,6.333333333333333,0.0,6.333333333333333,6.333333333333333,0.0,0.0,0.0,0.0,0.0,0.3333333333333333,0.3333333333333333,0.0,0.00555555555555555,0.00555555555555555,0.00555555555555555,0.0,0.0,0.0,0.0,0.0,0.0,0.0,11.0,0.0,0.0,0.0,0.0,0.0,3,0,17,7.4
AS14.08,2014-03-07,7.2,6.622222222222223,6.457142857142856,0.3275692099413303,6.333333333333333,7.2,0.8666666666666671,0.09285714285714224,-0.6,-0.08571428571428572,0.22677868380553634,0.6,0.3714285714285714,0.10079052613579394,0.00555555555555555,0.00555555555555555,0.00555555555555555,0.0,0.0,0.0,0.0,0.0,0.0,0.0,24.0,0.0,0.0,0.0,0.0,0.0,4,0,18,7.0
AS14.08,2014-03-08,7.4,6.977777777777778,6.609523809523809,0.47520533016802946,6.333333333333333,7.4,1.0666666666666673,0.17619047619047595,0.6,0.0,0.34641016151377546,1.2,0.49523809523809526,0.32627446491416773,0.00555555555555555,0.00555555555555555,0.00555555555555555,0.0,0.0,0.0,0.0,0.0,0.0,0.0,23.0,0.0,0.0,0.0,0.0,0.0,5,1,19,7.2
AS14.08,2014-03-09,7.0,7.2,6.704761904761905,0.4774269660759726,6.333333333333333,7.4,1.0666666666666673,0.1785714285714285,0.0,0.0,0.34641016151377546,1.0,0.5904761904761904,0.3660167400109645,0.00555555555555555,0.00555555555555555,0.00555555555555555,0.0,0.0,0.0,0.0,0.0,0.0,0.0,23.0,0.0,0.0,0.0,0.0,0.0,6,1,20,6.8
AS14.08,2014-03-10,7.2,7.2,6.828571428571428,0.4774269660759726,6.333333333333333,7.4,1.0666666666666673,0.1785714285714281,-1.0,-0.14285714285714285,0.5126959555693246,1.2,0.7142857142857143,0.4086369133890464,0.00555555555555555,0.00555555555555555,0.00555555555555555,0.0,0.0,0.0,0.0,0.0,0.0,0.0,23.0,0.0,0.0,0.0,0.0,0.0,0,0,21,6.6
AS14.08,2014-03-11,6.8,7.0,6.895238095238095,0.42662698228145624,6.333333333333333,7.4,1.0666666666666673,0.1047619047619045,-1.0,-0.2857142857142857,0.5984105932344765,0.6,0.7523809523809524,0.37852400621416776,0.00555555555555555,0.00555555555555555,0.00555555555555555,0.0,0.0,0.0,0.0,0.0,0.0,0.0,20.0,0.0,0.0,0.0,0.0,0.0,1,0,22,7.0
AS14.08,2014-03-12,6.6,6.866666666666667,6.933333333333333,0.37712361663282534,6.333333333333333,7.4,1.0666666666666673,-0.007142857142857209,0.4,-0.2285714285714286,0.6473388749701496,0.4,0.761904761904762,0.36688305303348995,0.00555555555555555,0.00555555555555555,0.00555555555555555,0.0,0.0,0.0,0.0,0.0,0.0,0.0,23.0,0.0,0.0,0.0,0.0,0.0,2,0,23,6.6
AS14.08,2014-03-13,7.0,6.8,7.028571428571428,0.2690370836538199,6.6,7.4,0.8000000000000007,-0.08571428571428634,0.6,-0.14285714285714285,0.7184639700016113,1.0,0.8571428571428571,0.3207134902949093,0.00555555555555555,0.00555555555555555,0.00555555555555555,0.0,0.0,0.0,0.0,0.0,0.0,0.0,23.0,0.0,0.0,0.0,0.0,0.0,3,0,24,7.4
AS14.08,2014-03-14,6.6,6.733333333333333,6.942857142857143,0.2992052966172382,6.6,7.4,0.8000000000000007,-0.10714285714285778,0.0,-0.05714285714285715,0.6900655593423541,0.6,0.8571428571428571,0.3207134902949093,0.00555555555555555,0.00555555555555555,0.00555555555555555,0.0,825.9980003833764,117.99971434048234,312.19789892157837,825.9980003833764,0.0,0.0,21.0,43.786,0.0,28.707285714285717,62.07042857142858,6.565571428571429,4,0,25,6.4
AS14.08,2014-03-15,7.4,7.0,6.942857142857143,0.2992052966172382,6.6,7.4,0.8000000000000007,0.007142857142856651,-0.2,-0.17142857142857143,0.626403186758299,1.2,0.8571428571428571,0.3207134902949093,0.00555555555555555,0.00555555555555555,0.00555555555555555,0.0,2526.6670007705693,478.9521430219923,953.9874861410891,3352.665001153946,0.0,0.0,29.0,221.5397142857143,0.0,151.7797142857143,364.93499999999995,36.07157142857143,5,1,26,7.0
AS14.08,2014-03-16,6.4,6.8,6.857142857142857,0.3598941643369747,6.4,7.4,1.0,-0.04285714285714307,-0.6,-0.2571428571428572,0.6399404734221844,0.6,0.7999999999999999,0.32659863237109044,0.00555555555555555,0.00555555555555555,0.00555555555555555,0.0,914.6920001506816,609.622428757804,939.9914667208411,4267.357001304627,0.0,0.0,32.0,359.23857142857145,11.084285714285715,234.87800000000001,530.2707142857142,39.93685714285714,6,1,27,5.4
AS14.08,2014-03-17,7.0,6.933333333333334,6.828571428571428,0.33523268393900996,6.4,7.4,1.0,0.02142857142857126,-1.25,-0.2928571428571428,0.6930780207575067,1.25,0.8071428571428572,0.3371801835672972,0.00555555555555555,0.00555555555555555,0.00555555555555555,0.0,697.0709998607638,709.2040001664844,900.7493238448586,4964.428001165391,0.0,0.0,32.0,444.5034285714286,11.084285714285715,301.9358571428571,626.7444285714284,41.51800000000001,0,0,28,6.4
AS14.08,2014-03-18,5.4,6.266666666666667,6.628571428571429,0.636957051703084,5.4,7.4,2.0,-0.13571428571428643,0.0,-0.15,0.6224949798994366,0.2,0.75,0.4051748593714406,0.00555555555555555,0.00555555555555555,0.00555555555555555,0.0,1046.902000188827,858.7614287648883,848.7828266274399,6011.3300013542175,0.0,0.0,28.0,617.0108571428572,11.084285714285715,392.0508571428571,817.1059999999999,49.60142857142858,1,0,29,7.0
AS14.08,2014-03-19,6.4,6.266666666666667,6.6000000000000005,0.6429100507328632,5.4,7.4,2.0,-0.1642857142857147,-0.2,-0.23571428571428574,0.5735229476041664,0.6,0.7785714285714286,0.3828153850717328,0.028491361781937872,0.01320082429768299,0.008832099302181595,0.008668919913396347,863.8769996166226,982.17242871012,761.4171845802244,6875.20700097084,0.0,0.0,25.0,736.8274285714285,11.70014285714286,449.6847142857143,945.1179999999998,50.44714285714286,2,0,30,6.4
AS14.08,2014-03-20,7.0,6.266666666666667,6.6000000000000005,0.6429100507328632,5.4,7.4,2.0,-0.06428571428571489,-0.2,-0.35000000000000003,0.44440972086577946,1.0,0.7785714285714286,0.3828153850717328,0.0630171632209882,0.032354693519493875,0.017040900397243403,0.02200187696471548,1551.8039989471429,1203.8587142739977,644.7661792576503,8427.010999917984,1.0,0.14285714285714285,25.0,935.5841428571429,15.481714285714286,543.29,1166.569857142857,57.56671428571428,3,0,31,6.6
AS14.08,2014-03-21,6.4,6.6000000000000005,6.571428571428571,0.6473388749701492,5.4,7.4,2.0,-0.08571428571428652,-0.2,-0.37857142857142856,0.424123746542153,0.8,0.8071428571428572,0.37464268691266733,0.05752387767589226,0.049677467559606114,0.024464946414434363,0.025902505117511954,1096.5499994754791,1242.5089998585838,626.1815610809217,8697.562999010086,1.0,0.14285714285714285,15.0,1027.3361428571427,15.481714285714286,610.2007142857143,1253.2361428571426,57.34128571428572,4,0,32,6.4
AS14.08,2014-03-22,6.6,6.666666666666667,6.457142857142857,0.5380741673076386,5.4,7.0,1.5999999999999996,0.0357142857142853,-0.4,-0.40714285714285714,0.41676189388003826,0.6,0.7214285714285714,0.33647330609468223,0.00894230236465267,0.04316111442051104,0.024948767387162524,0.025519232827690343,2284.6109995841975,1207.9295711176735,544.8493267115174,8455.506997823715,1.0,0.14285714285714285,8.0,1127.8194285714285,15.481714285714286,642.1544285714286,1252.0901428571428,36.960142857142856,5,1,33,7.2
AS14.08,2014-03-23,6.4,6.466666666666666,6.457142857142856,0.5380741673076386,5.4,7.0,1.5999999999999996,0.021428571428570884,-0.4,-0.37857142857142856,0.4081024614574373,0.8,0.7500000000000001,0.3329164059239697,0.022231454452349513,0.02956587816429815,0.027331038658133085,0.02414866481562314,866.5940003395078,1201.0584282875059,549.4475928198626,8407.40899801254,1.0,0.14285714285714285,5.0,1090.6857142857143,4.397428571428572,623.7357142857143,1210.1377142857143,34.602999999999994,6,1,34,6.8
AS14.08,2014-03-24,7.2,6.733333333333333,6.485714285714287,0.5756983337031389,5.4,7.2,1.7999999999999998,0.1785714285714282,-0.2,-0.2285714285714286,0.13801311186847087,0.8,0.6857142857142857,0.2544836041121407,0.04218482538831055,0.024452860735104248,0.0325637914913838,0.0225600660262095,1135.882000207901,1263.7457140513827,505.65019392909215,8846.219998359678,3.0,0.42857142857142855,5.0,1149.97,4.397428571428572,648.0388571428572,1338.0027142857143,45.336,0,0,35,7.2
AS14.08,2014-03-25,6.8,6.8,6.685714285714285,0.32366943748507443,6.4,7.2,0.7999999999999998,0.057142857142856746,-0.8,-0.3428571428571429,0.22253945610567477,1.0,0.8,0.16329931618554536,0.04630791276266164,0.03690806420110724,0.03838555680668467,0.01947624568583799,1140.0079998970036,1277.0465711525505,500.1906549487299,8939.325998067854,3.0,0.42857142857142855,5.0,1140.8554285714285,4.397428571428572,693.5945714285715,1322.1072857142858,39.31357142857143,1,0,36,6.5
AS14.08,2014-03-26,7.2,7.066666666666666,6.8,0.3464101615137755,6.4,7.2,0.7999999999999998,0.07142857142857098,-0.6,-0.39999999999999997,0.23094010767585038,1.0,0.8571428571428571,0.1511857892036911,0.016897661842514778,0.03513013333116232,0.03672931395819566,0.0208988732881385,726.2829999923706,1257.3902854919431,521.3877279754432,8801.731998443602,3.0,0.42857142857142855,6.0,1094.0597142857143,4.804571428571428,699.0079999999999,1276.7874285714283,40.411,2,0,37,6.333333333333333
AS14.08,2014-03-27,6.5,6.833333333333333,6.728571428571429,0.34982989063393694,6.4,7.2,0.7999999999999998,0.06785714285714246,-0.25,-0.40714285714285714,0.22440397246292879,0.5,0.7857142857142857,0.186445447147161,0.08950139311864187,0.050902322574606106,0.04051277537214618,0.02773150039948297,1433.1120009422302,1240.4342857769557,512.0639807723147,8683.04000043869,2.0,0.2857142857142857,11.0,1082.258,1.023,664.4989999999999,1271.4150000000002,54.272,3,0,38,6.25
AS14.08,2014-03-28,6.333333333333333,6.677777777777777,6.719047619047619,0.36099509735931357,6.333333333333333,7.2,0.8666666666666671,-0.02142857142857219,0.0,-0.37857142857142856,0.264350056517778,0.5,0.7428571428571429,0.21491969707422404,0.08701150136063528,0.06447018544059731,0.044725293041395185,0.0325646881033405,1231.6390001773843,1259.7327144486565,508.2690865716461,8818.129001140594,2.0,0.2857142857142857,16.0,1128.6365714285716,1.023,669.1261428571428,1334.483714285714,66.244,4,0,39,7.166666666666667
AS14.08,2014-03-29,6.25,6.361111111111112,6.669047619047619,0.40212727985844116,6.25,7.2,0.9500000000000002,-0.08869047619047676,-0.25,-0.35714285714285715,0.26837252006084666,0.5,0.7285714285714286,0.2288688541085318,0.016559762046113646,0.06435755217513027,0.04581350156731818,0.031271229582237825,1936.6580002307896,1210.025143112455,395.9337551573713,8470.176001787186,3.0,0.42857142857142855,24.0,1088.3505714285716,1.023,615.0144285714285,1328.189142857143,83.22614285714285,5,1,40,6.8
AS14.08,2014-03-30,7.166666666666667,6.583333333333333,6.778571428571429,0.42061620203932876,6.25,7.2,0.9500000000000002,-0.07380952380952462,-0.16666666666666666,-0.3238095238095239,0.2765289387537116,1.0,0.7571428571428571,0.2507132682112036,0.024944120627437023,0.04283846134472865,0.0462010253066164,0.030945397314333604,935.010000705718,1219.7988574504852,386.78179272923364,8538.592002153397,3.0,0.42857142857142855,26.0,1128.0238571428572,1.7161428571428572,613.9778571428571,1361.1645714285714,88.403,6,1,41,7.6
AS14.08,2014-03-31,6.8,6.73888888888889,6.721428571428571,0.3789256603671175,6.25,7.2,0.9500000000000002,-0.011309523809524179,0.0,-0.29523809523809524,0.3007266332344176,0.6,0.7285714285714285,0.25634797778466234,0.0784470781932718,0.03998365362227416,0.05138134713589658,0.033119816864561495,779.8929989337921,1168.9432858398984,421.49970984608416,8182.603000879289,1.0,0.14285714285714285,26.0,1087.113285714286,1.7161428571428572,594.9818571428572,1248.037,77.50685714285714,0,0,42,7.2
AS14.08,2014-04-01,7.6,7.188888888888889,6.835714285714286,0.5059304383663906,6.25,7.6,1.3499999999999996,0.09404761904761859,0.0,-0.18095238095238095,0.2173980330221613,1.2,0.7571428571428571,0.2992052966172383,0.07893465181771635,0.06077528354614172,0.05604230985804725,0.03455166774296448,1670.5409996509547,1244.7337143761772,461.25295387055803,8713.13600063324,1.0,0.14285714285714285,26.0,1164.8268571428573,4.599571428571429,524.6571428571428,1327.2391428571427,75.88128571428571,1,0,43,6.6
AS14.08,2014-04-02,7.2,7.199999999999999,6.835714285714286,0.5059304383663906,6.25,7.6,1.3499999999999996,0.18511904761904732,-1.0,-0.23809523809523808,0.354953607520847,1.0,0.7571428571428571,0.2992052966172383,0.062353854585312354,0.0732451948654335,0.0625360516784469,0.02993119279195635,1448.3550007343301,1347.886857339314,403.05339047011853,9435.208001375198,1.0,0.14285714285714285,25.0,1378.8484285714287,16.734428571428573,600.798,1557.7471428571428,77.96742857142858,2,0,44,7.0
AS14.08,2014-04-03,6.6,7.133333333333333,6.85,0.49618918136503487,6.25,7.6,1.3499999999999996,0.1119047619047619,-0.4,-0.25952380952380955,0.36027987357273694,0.8,0.7999999999999999,0.2768874620972693,0.008289547359385422,0.04985935125413804,0.050934359427124556,0.033288177485624106,696.810000658035,1242.7008572987147,467.9567820837015,8698.906001091003,1.0,0.14285714285714285,20.0,1265.8887142857145,19.470714285714287,571.4425714285715,1433.5055714285716,61.824571428571424,3,0,45,7.5
AS14.08,2014-04-04,7.0,6.933333333333334,6.9452380952380945,0.44145322785200236,6.25,7.6,1.3499999999999996,0.05416666666666632,0.0,-0.25952380952380955,0.36027987357273694,1.3333333333333333,0.9190476190476191,0.3042033572130371,0.07876788563729693,0.04980376252733157,0.04975670003807622,0.031916697306247736,1824.2079987525947,1327.3535713808876,516.6828357024808,9291.474999666214,1.0,0.14285714285714285,14.0,1366.0401428571429,19.470714285714287,579.6054285714287,1531.511285714286,48.721999999999994,4,0,46,7.4
AS14.08,2014-04-05,7.5,7.033333333333334,7.1238095238095225,0.35834717581236464,6.6,7.6,1.0,0.014285714285714046,0.25,-0.1880952380952381,0.40878255173524053,1.25,1.0261904761904763,0.26102666652072315,0.031123972587273636,0.03939380186131866,0.051837301543956216,0.029796232769321813,1265.5080008506782,1231.4750000408717,441.58634503722766,8620.325000286102,2.0,0.2857142857142857,2.0,1266.7257142857143,19.470714285714287,579.9631428571429,1390.4654285714284,32.13657142857143,5,1,47,7.6
AS14.08,2014-04-06,7.4,7.3,7.1571428571428575,0.373528860362635,6.6,7.6,1.0,0.049999999999999725,0.2,-0.1357142857142857,0.4346591439606113,1.2,1.0547619047619048,0.26852034299690364,0.12841414141414143,0.079435333212904,0.06661873308491399,0.0385966905303137,1270.216000080109,1279.3615713800705,421.8112737530263,8955.530999660494,2.0,0.2857142857142857,0.0,1289.5347142857142,18.77757142857143,606.8231428571428,1407.491142857143,26.68585714285714,6,1,48,7.0
AS14.08,2014-04-07,7.6,7.5,7.271428571428571,0.36839419880650265,6.6,7.6,1.0,0.04642857142857065,0.0,-0.1357142857142857,0.4346591439606113,1.2,1.1404761904761904,0.1804975486796574,0.007280235288804587,0.05560611643007321,0.05645204124141867,0.04396180791469105,641.931000471115,1259.652714456831,451.2350290351565,8817.569001197817,2.0,0.2857142857142857,0.0,1309.4360000000001,20.353571428571428,610.5748571428572,1429.198,26.576999999999998,0,0,49,6.5
AS14.08,2014-04-08,7.0,7.333333333333333,7.185714285714285,0.34846602621858386,6.6,7.6,1.0,0.06428571428571395,0.0,-0.1357142857142857,0.4346591439606113,1.0,1.111904761904762,0.1852711440710534,0.10247313379515043,0.07938917016603214,0.05981468152390925,0.0467781378149324,1752.4119987487793,1271.3485714708058,464.52543640746194,8899.44000029564,3.0,0.42857142857142855,6.0,1351.2375714285715,18.337,723.584,1498.6657142857143,54.57299999999999,1,0,50,6.25
AS14.08,2014-04-09,6.5,7.033333333333334,7.0857142857142845,0.4336994790119508,6.5,7.6,1.0999999999999996,-0.007142857142857396,-0.25,-0.028571428571428574,0.2306822180279305,0.5,1.0404761904761906,0.2978094628961215,0.05814829222796919,0.05596722043730806,0.05921388690143166,0.04676709640833309,2019.2860009670253,1352.9101429326195,544.0919620926232,9470.371000528336,3.0,0.42857142857142855,6.0,1415.3365714285715,8.201285714285714,738.5287142857143,1561.8741428571427,60.23857142857143,2,0,51,7.6
AS14.08,2014-04-10,6.25,6.583333333333333,7.035714285714286,0.5121151284251464,6.25,7.6,1.3499999999999996,-0.16607142857142934,0.25,0.0642857142857143,0.18192096661802903,0.5,0.9976190476190476,0.35439418462389904,0.04036626596543953,0.06699589732951972,0.0637962752737251,0.042304302999398406,1378.8210000991817,1450.340285709926,461.8751501682996,10152.381999969482,3.0,0.42857142857142855,6.0,1565.3244285714286,5.464999999999999,783.0377142857143,1706.555,62.90428571428571,3,0,52,7.6
AS14.08,2014-04-11,7.6,6.783333333333332,7.121428571428572,0.5536674263920699,6.25,7.6,1.3499999999999996,-0.11071428571428628,1.2,0.2357142857142857,0.4616223977400121,1.4,1.0071428571428573,0.3656370826249388,0.20657326274273782,0.10169594031204886,0.08205418628878809,0.06899949775783365,1947.1649997234347,1467.9055715629033,480.4286073891222,10275.339000940323,3.0,0.42857142857142855,6.0,1625.1207142857143,5.464999999999999,799.9544285714285,1762.3481428571429,70.59557142857143,4,0,53,7.0
AS14.08,2014-04-12,7.6,7.1499999999999995,7.135714285714286,0.5662113016314997,6.25,7.6,1.3499999999999996,-0.0053571428571436985,0.6,0.2857142857142857,0.4819355815478918,1.0,0.9714285714285715,0.34982989063393727,0.07413554916192037,0.10702502595669923,0.08819869722802333,0.06553639852337548,1581.9210007190707,1513.1074286869593,473.04019685264205,10591.752000808716,2.0,0.2857142857142857,6.0,1692.636857142857,10.05742857142857,840.1567142857142,1833.4394285714286,68.49457142857143,5,1,54,7.6
AS14.08,2014-04-13,7.0,7.3999999999999995,7.078571428571428,0.5551705014806577,6.25,7.6,1.3499999999999996,0.017857142857142187,0.0,0.2571428571428571,0.49365015566742815,0.8,0.9142857142857144,0.33876526498728415,0.025027439155129106,0.10191208368659577,0.07342916833387872,0.0666038915249812,767.0680000782011,1441.229142972401,548.3331308425682,10088.604000806807,2.0,0.2857142857142857,6.0,1623.2939999999999,10.05742857142857,823.8627142857143,1760.6961428571428,67.26028571428571,6,1,55,6.6
AS14.08,2014-04-14,7.6,7.3999999999999995,7.078571428571429,0.5551705014806577,6.25,7.6,1.3499999999999996,0.1482142857142849,0.0,0.2571428571428571,0.49365015566742815,1.2,0.9142857142857144,0.33876526498728415,0.0048270957916190715,0.034663361369556174,0.07307871983428078,0.06701513947443075,913.1640002727509,1479.9767143726347,488.7877843161523,10359.837000608442,2.0,0.2857142857142857,6.0,1659.8558571428568,9.135571428571428,813.7901428571429,1796.8332857142857,67.115,0,0,56,6.4
AS14.08,2014-04-15,6.6,7.066666666666666,7.021428571428571,0.5844207551478802,6.25,7.6,1.3499999999999996,0.0857142857142854,0.2,0.2857142857142857,0.4819355815478918,0.6,0.8571428571428571,0.3552329886011099,0.06490308655585147,0.031585873834199876,0.06771157022866665,0.0657613600526448,1913.5790009498612,1503.0005718299321,507.208087022567,10521.004002809525,1.0,0.14285714285714285,0.0,1639.215714285714,8.268714285714285,734.7937142857144,1762.0498571428575,51.40014285714285,1,0,57,6.6
AS14.08,2014-04-16,6.4,6.866666666666666,7.007142857142858,0.6002975452699622,6.25,7.6,1.3499999999999996,-0.055357142857143424,-0.8,0.20714285714285713,0.6113022789017526,0.6,0.8714285714285713,0.3401680257083046,0.03409090909090908,0.03460703047945987,0.06427480120908664,0.06696211834065238,1186.6119992733,1384.0471430165428,461.53041036795315,9688.330001115799,1.0,0.14285714285714285,0.0,1417.8185714285717,10.41642857142857,682.3347142857143,1541.7417142857144,55.151428571428575,2,0,58,6.2
AS14.08,2014-04-17,6.6,6.533333333333334,7.057142857142857,0.5380741673076387,6.4,7.6,1.1999999999999993,-0.20714285714285816,-0.6,0.08571428571428572,0.6817344825970773,0.8,0.9142857142857144,0.30237157840738194,0.06859735641438541,0.05586378402038198,0.06830781413036462,0.0661271021461057,1400.7949995994566,1387.1862858022962,461.563667831931,9710.304000616074,1.0,0.14285714285714285,0.0,1335.9928571428572,13.624714285714287,693.1634285714287,1469.7981428571427,55.61185714285715,3,0,59,6.0
AS14.08,2014-04-18,6.2,6.3999999999999995,6.857142857142857,0.5623081683476385,6.2,7.6,1.3999999999999995,-0.2214285714285724,-1.0,-0.2285714285714286,0.5822779568622009,0.8,0.8285714285714285,0.2138089935299397,0.09718156742586877,0.06662327764372107,0.05268042908509762,0.03225837109797126,1608.253999471664,1338.7704286234718,407.6624878851985,9371.393000364304,1.0,0.14285714285714285,0.0,1236.0011428571431,14.637285714285714,664.4422857142857,1382.075,50.08014285714286,4,0,60,7.8
AS14.08,2014-04-19,6.0,6.266666666666667,6.628571428571428,0.5345224838248496,6.0,7.6,1.5999999999999996,-0.20714285714285777,-0.4,-0.37142857142857144,0.4535573676110726,0.6,0.7714285714285715,0.21380899352993968,0.049041986144740375,0.07160696999499817,0.049095634368357614,0.030839843959715885,655.9479994773859,1206.4885713032313,462.1989226827188,8445.41999912262,0.0,0.0,0.0,1152.2695714285715,10.044857142857142,619.9557142857144,1289.9879999999998,43.93628571428572,5,1,61,6.4
AS14.08,2014-04-20,7.8,6.666666666666667,6.742857142857142,0.6900655593423546,6.0,7.8,1.7999999999999998,-0.028571428571429584,1.4,-0.17142857142857146,0.8118174789000413,1.2,0.8285714285714285,0.26903708365381984,0.039002894386140255,0.06174214931891645,0.051092127972787775,0.029442767434738552,1175.3119988441463,1264.8091425555092,421.4735226580304,8853.663997888565,0.0,0.0,0.0,1217.282,22.697,635.8301428571428,1382.856857142857,55.183142857142855,6,1,62,6.4
AS14.08,2014-04-21,6.4,6.733333333333333,6.571428571428571,0.5822779568622019,6.0,7.8,1.7999999999999998,0.057142857142856746,-1.2,-0.3428571428571429,0.8922950611711779,0.8,0.7714285714285714,0.21380899352993968,0.004899344795389425,0.03098140844209001,0.051102449259040686,0.029423852553508118,863.9159996509553,1257.7737138952527,428.67122346315915,8804.41599726677,0.0,0.0,0.0,1202.3872857142856,33.01557142857143,702.8441428571429,1387.084,61.32142857142857,0,0,63,6.0
AS14.08,2014-04-22,6.4,6.866666666666667,6.542857142857144,0.5855400437691209,6.0,7.8,1.7999999999999998,0.04285714285714214,-1.0,-0.5142857142857142,0.885867882227313,0.6,0.7714285714285715,0.21380899352993968,0.029294959666751913,0.02439906628276052,0.04601557398916932,0.029716868125091778,879.7469995021819,1110.0834279741557,332.33787659806535,7770.58399581909,0.0,0.0,0.0,1155.2414285714285,33.01557142857143,732.8631428571429,1326.9194285714286,55.61857142857143,1,0,64,5.6
AS14.08,2014-04-23,6.0,6.266666666666667,6.485714285714286,0.620291790016526,6.0,7.8,1.7999999999999998,-0.03571428571428623,-0.6,-0.4857142857142857,0.8783100656536799,0.4,0.7428571428571429,0.25071326821120365,0.07739994303879248,0.037198082500311265,0.052202578838866955,0.031287327817132934,1109.7189996242525,1099.0987137385775,330.6533049094722,7693.690996170042,0.0,0.0,0.0,1220.3175714285715,30.859142857142853,712.3937142857142,1378.0997142857143,44.90528571428571,2,0,65,6.666666666666667
AS14.08,2014-04-24,5.6,6.0,6.342857142857143,0.6996597812678753,5.6,7.8,2.2,-0.1142857142857148,0.0,-0.39999999999999997,0.8944271909999157,0.4,0.6857142857142858,0.27945525240230884,0.1249760272490379,0.07722364331819409,0.060256674672388724,0.04172626697798534,1308.8530004024506,1085.9641424247195,318.2656755531369,7601.748996973036,0.0,0.0,0.0,1289.7041428571429,27.65085714285714,689.59,1438.1568571428568,42.729142857142854,3,0,66,6.333333333333333
AS14.08,2014-04-25,6.666666666666667,6.088888888888889,6.40952380952381,0.7059834972665437,5.6,7.8,2.2,-0.10000000000000056,0.3333333333333333,-0.2095238095238095,0.8873001675315897,1.0,0.7142857142857143,0.3023715784073819,0.12800591195077682,0.11012729407953574,0.0646601524616613,0.047499588184130026,1174.5579996109007,1024.0075710160388,229.47407296676707,7168.052997112272,0.0,0.0,0.0,1243.5038571428572,38.48057142857143,672.211,1378.7772857142857,39.14371428571428,4,0,67,6.0
AS14.08,2014-04-26,6.333333333333333,6.199999999999999,6.457142857142857,0.6846773464801289,5.6,7.8,2.2,-0.1666666666666676,0.0,-0.15238095238095237,0.885867882227313,0.75,0.7357142857142858,0.2982089392164016,0.028321012544802848,0.09376765058153917,0.061700013375955945,0.04924857742940168,815.0710005760197,1046.739428315844,191.71140719654298,7327.175998210907,0.0,0.0,0.0,1332.0142857142857,38.48057142857143,691.3477142857143,1468.3295714285716,42.48371428571428,5,1,68,6.0
AS14.08,2014-04-27,6.0,6.333333333333333,6.200000000000001,0.3548604316149206,5.6,6.666666666666667,1.0666666666666673,-0.023809523809524714,-0.5,-0.4238095238095238,0.5632952931647728,0.25,0.6,0.2661453237111886,0.047178819444444485,0.06783524798000805,0.06286800266999941,0.04871462946374588,702.6440005302428,979.2154285567148,220.02799277291848,6854.507999897003,0.0,0.0,0.0,1229.6110000000003,25.82842857142857,635.2105714285715,1353.1041428571427,49.042142857142856,6,1,69,5.8
AS14.08,2014-04-28,6.0,6.111111111111111,6.142857142857143,0.34945157334944704,5.6,6.666666666666667,1.0666666666666673,-0.01666666666666676,-0.8333333333333334,-0.37142857142857144,0.4915691321067786,0.6666666666666666,0.5809523809523809,0.25393725009168505,0.005429837164750958,0.02697655638466609,0.0629437872941939,0.048609717993422244,394.927999973297,912.2171428884778,312.8232606812049,6385.520000219345,0.0,0.0,3.0,1204.2594285714288,14.855714285714287,602.2511428571428,1308.091,45.27114285714286,0,0,70,5.75
AS14.08,2014-04-29,5.8,5.933333333333334,6.057142857142857,0.34945157334944715,5.6,6.666666666666667,1.0666666666666673,-0.01666666666666713,-0.8,-0.34285714285714286,0.45326563453424895,0.6,0.5809523809523809,0.25393725009168505,0.02225241545893721,0.024953690689377542,0.061937709550220384,0.04948718166445667,864.7580003738399,910.0758572987146,313.1337091425392,6370.5310010910025,0.0,0.0,3.0,1072.640142857143,14.855714285714287,538.8414285714285,1171.0367142857144,39.39828571428571,1,0,71,6.666666666666667
AS14.08,2014-04-30,5.75,5.8500000000000005,6.021428571428571,0.3685198479144377,5.6,6.666666666666667,1.0666666666666673,-0.05773809523809567,-0.25,-0.2928571428571428,0.4392604414806043,0.25,0.5595238095238095,0.277030741518034,0.030996148459383754,0.01955946702769063,0.05530859603887628,0.05017398132366429,1109.3250000476842,910.0195716449192,313.09187502505995,6370.137001514435,0.0,0.0,3.0,1111.207142857143,27.75771428571429,556.8092857142857,1221.7574285714286,39.739,2,0,72,7.0
AS14.08,2014-05-01,6.666666666666667,6.072222222222223,6.173809523809523,0.3853638423688614,5.75,6.666666666666667,0.916666666666667,-0.04880952380952448,-0.5,-0.36428571428571427,0.42409255753254776,1.0,0.6452380952380953,0.3102738166037239,0.03482503992976501,0.029357867949361984,0.042429883564694446,0.03981115184155577,1098.4199988842008,879.9577142851693,276.3632101221977,6159.703999996185,0.0,0.0,3.0,1031.7755714285715,32.062000000000005,569.2628571428571,1144.5554285714286,39.49142857142857,3,0,73,7.2
AS14.08,2014-05-02,7.0,6.472222222222222,6.221428571428571,0.46812414127046803,5.75,7.0,1.25,0.11011904761904735,0.4,-0.3547619047619048,0.44270990896078155,0.8,0.6166666666666666,0.27988092706244444,0.037314098552964456,0.0343784289807044,0.02947391022214982,0.013149656338285274,1447.6210005283358,918.9667144162314,337.4068037374885,6432.76700091362,0.0,0.0,3.0,991.0791428571429,21.534714285714283,553.3092857142857,1096.1787142857142,40.96314285714286,4,0,74,7.4
AS14.08,2014-05-03,7.2,6.955555555555556,6.345238095238095,0.598973990478587,5.75,7.2,1.4500000000000002,0.2309523809523808,-0.4,-0.4119047619047619,0.414183074313303,1.0,0.6523809523809524,0.31364472875056565,0.1817380077030812,0.08462571539527021,0.051390623816189585,0.058960595084310334,703.1720004081725,902.9811429636819,345.6984179471295,6320.868000745773,0.0,0.0,3.0,865.0697142857143,25.737285714285715,499.54100000000005,973.6164285714285,40.60671428571429,5,1,75,6.8
AS14.08,2014-05-04,7.4,7.2,6.545238095238095,0.691128591622956,5.75,7.4,1.6500000000000004,0.2946428571428569,0.4,-0.2833333333333333,0.5107184482014854,1.0,0.7595238095238095,0.27952624319537633,0.22181372986475956,0.14695527870693506,0.07633846816194888,0.08710878433779476,883.2579998970028,928.7831428732189,334.8228900890737,6501.482000112533,0.0,0.0,3.0,946.9984285714287,25.737285714285715,528.0468571428572,1051.8308571428572,28.642,6,1,76,6.666666666666667
AS14.09,2014-03-20,7.0,7.0,7.0,0.0,7.0,7.0,0.0,-9.310639696752773e-16,0.0,0.0,0.0,1.0,1.0,0.0,0.06284722222222221,0.06284722222222221,0.06284722222222221,0.0,0.0,0.0,0.0,0.0,10.0,1.4285714285714286,4.0,0.0,0.0,0.0,0.0,0.0,3,0,31,7.0
AS14.09,2014-03-21,7.0,7.0,7.0,0.0,7.0,7.0,0.0,-9.310639696752773e-16,0.0,0.0,0.0,1.0,1.0,0.0,0.06284722222222221,0.06284722222222221,0.06284722222222221,0.0,0.0,0.0,0.0,0.0,14.0,2.0,4.0,0.0,0.0,0.0,0.0,0.0,4,0,32,7.0
AS14.09,2014-03-22,7.0,7.0,7.0,0.0,7.0,7.0,0.0,-9.310639696752773e-16,0.0,0.0,0.0,1.0,1.0,0.0,0.06284722222222221,0.06284722222222221,0.06284722222222221,0.0,1847.4749987125397,263.9249998160771,698.2799142861078,1847.4749987125397,17.0,2.4285714285714284,5.0,118.38957142857143,73.01328571428571,0.0,199.371,4.186714285714285,5,1,33,6.75
AS14.09,2014-03-23,7.0,7.0,7.0,0.0,7.0,7.0,0.0,-9.310639696752773e-16,0.0,0.0,0.0,0.6666666666666666,0.9523809523809524,0.12598815766974242,0.06284722222222221,0.06284722222222221,0.06284722222222221,0.0,3581.850000858307,775.6178570815495,1416.0821467432675,5429.324999570847,17.0,2.4285714285714284,5.0,458.3334285714286,189.2057142857143,17.50971428571429,712.4577142857144,10.040000000000001,6,1,34,7.25
AS14.09,2014-03-24,6.75,6.916666666666667,6.964285714285714,0.09449111825230683,6.75,7.0,0.25,-0.02678571428571533,0.75,0.10714285714285714,0.2834733547569204,0.25,0.8452380952380952,0.290388355182154,0.033333333333333305,0.053009259259259235,0.05863095238095236,0.01115520146034178,3828.6529996395125,1322.5682856014798,1763.381647130182,9257.97799921036,16.0,2.2857142857142856,6.0,822.24,283.6761428571429,20.128714285714288,1223.903,25.24528571428571,0,0,35,6.2
AS14.09,2014-03-25,7.25,7.0,7.0,0.14433756729740624,6.75,7.25,0.5,0.008928571428571279,0.5,0.17857142857142858,0.31339158526400435,0.5,0.7738095238095238,0.30699516567208635,0.07916666666666668,0.05844907407407407,0.06096230158730157,0.013616922215398885,4639.274000644683,1985.321714265006,2034.442764833404,13897.251999855042,13.0,1.8571428571428572,6.0,1318.3284285714287,385.1764285714286,149.15085714285715,1935.5477142857144,33.85357142857143,1,0,36,7.75
AS14.09,2014-03-26,6.2,6.733333333333333,6.885714285714286,0.33505507720657635,6.2,7.25,1.0499999999999998,-0.07678571428571504,0.4,0.2357142857142857,0.3118684093682859,-0.2,0.6023809523809524,0.45769435979059975,0.02569444444444444,0.04606481481481481,0.055654761904761894,0.018954341644234783,5512.5680012702915,2772.8314287321905,2198.2003012956243,19409.820001125332,11.0,1.5714285714285714,6.0,1681.2189999999998,494.72457142857144,166.72214285714287,2457.402428571429,48.74399999999999,2,0,37,7.8
AS14.09,2014-03-27,7.75,7.066666666666666,6.992857142857143,0.47030891570379163,6.2,7.75,1.5499999999999998,0.03214285714285697,0.5,0.3071428571428571,0.30608900044019255,0.75,0.5666666666666667,0.43043905233816526,0.08631557618626584,0.06372556243245898,0.059007383899625274,0.022230894157687333,3505.5000004768367,3273.617143086024,1829.627109989365,22915.32000160217,11.0,1.5714285714285714,4.0,1914.7642857142857,590.4402857142858,212.2717142857143,2831.406,67.02014285714286,3,0,38,8.25
AS14.09,2014-03-28,7.8,7.25,7.107142857142857,0.5608242233746767,6.2,7.8,1.5999999999999996,0.11964285714285644,-0.4,0.25,0.3968626966596886,0.8,0.5380952380952381,0.40262038523052285,0.027083333333333345,0.04636445132134787,0.05389825691549829,0.025122879103643487,2897.7919991016392,3687.5874286719727,1176.880603371728,25813.112000703808,8.0,1.1428571428571428,4.0,2099.374142857143,655.2405714285715,283.93128571428576,3112.1535714285715,73.96957142857143,4,0,39,8.0
AS14.09,2014-03-29,8.25,7.933333333333334,7.285714285714286,0.7022074039023212,6.2,8.25,2.05,0.22678571428571392,-0.25,0.21428571428571427,0.4327376858581937,1.0,0.5380952380952381,0.40262038523052285,0.07977843915343912,0.06439244955767943,0.05631700219138642,0.02688153603739433,4521.216001749036,4069.5504291057578,875.3989980395845,28486.853003740303,9.0,1.2857142857142858,3.0,2309.105,708.0102857142857,325.8911428571429,3483.1194285714287,89.18857142857142,5,1,40,7.75
AS14.09,2014-03-30,8.0,8.016666666666667,7.428571428571429,0.7353327720932102,6.2,8.25,2.05,0.2624999999999994,-0.4,0.15714285714285717,0.4885595932846639,1.0,0.5857142857142856,0.4384768007111719,0.08229166666666667,0.06305114638447971,0.0590947799691642,0.02861738677113276,4865.786999464036,4252.970000335148,890.559957658252,29770.790002346035,14.0,2.0,3.0,2459.2105714285713,748.1297142857144,335.3595714285714,3676.085857142857,110.90814285714285,6,1,41,7.0
AS14.09,2014-03-31,7.75,8.0,7.571428571428571,0.6762994546655732,6.2,8.25,2.05,0.19999999999999946,-1.0,-0.09285714285714285,0.57476703355111,1.0,0.6928571428571428,0.4343851703160182,0.11195652173913048,0.09134220918641207,0.07032666402713524,0.03204516091235808,4703.9129989147195,4378.007143088749,882.4631144811202,30646.050001621243,16.0,2.2857142857142856,3.0,2605.822142857143,814.0562857142858,403.011,3863.337857142857,106.60685714285715,0,0,42,7.6
AS14.09,2014-04-01,7.0,7.583333333333333,7.535714285714286,0.7022074039023211,6.2,8.25,2.05,0.09285714285714299,-0.2,-0.19285714285714284,0.5118826130313566,0.2,0.65,0.4699290726623894,0.08333333333333336,0.09252717391304349,0.07092190212237331,0.032274607326393215,4903.132999420165,4415.701285770961,900.9252416174843,30909.909000396725,19.0,2.7142857142857144,3.0,2509.991857142857,848.0902857142858,275.4381428571429,3810.9965714285713,117.03571428571429,1,0,43,6.2
AS14.09,2014-04-02,7.6,7.45,7.735714285714286,0.3869908329171426,7.0,8.25,1.25,-0.09107142857142947,0.0,-0.25,0.4536885862938733,0.6,0.7642857142857143,0.2925666387256723,0.07986111111111115,0.09171698872785833,0.07865999736046857,0.02538090283518925,5491.478001117705,4412.688428606306,896.6709870826844,30888.81900024414,23.0,3.2857142857142856,3.0,2762.8591428571426,919.0291428571428,273.16657142857144,4158.918,130.64742857142858,2,0,44,7.6
AS14.09,2014-04-03,6.2,6.933333333333334,7.514285714285713,0.6968466388634141,6.2,8.25,2.05,-0.25357142857142917,0.2,-0.2928571428571428,0.3790652663994371,0.0,0.6571428571428573,0.41173269183271016,0.041386554621848724,0.06819366635543107,0.07224156570840898,0.028599152565247917,2585.158999919892,4281.211142812456,1096.9641582020704,29968.477999687195,22.0,3.142857142857143,1.0,2633.8742857142856,892.5027142857142,232.44985714285716,4005.541714285714,134.8842857142857,3,0,45,7.25
AS14.09,2014-04-04,7.6,7.133333333333333,7.485714285714286,0.6872131436184149,6.2,8.25,2.05,-0.2035714285714289,0.0,-0.2357142857142857,0.3902075149992691,0.6,0.6285714285714287,0.4070801956792859,0.18090277777777775,0.10071681450357921,0.09421577205761532,0.04338855841713432,5221.895999431611,4613.226000002453,950.3845362801527,32292.582000017166,24.0,3.4285714285714284,1.0,2765.8707142857143,989.841,190.7367142857143,4417.865428571428,154.9385714285714,4,0,46,7.5
AS14.09,2014-04-05,7.25,7.016666666666667,7.3428571428571425,0.6002975452699624,6.2,8.0,1.7999999999999998,-0.11964285714285774,-0.75,-0.3071428571428571,0.43629937297358434,0.75,0.5928571428571429,0.379065266399437,0.07604166666666666,0.09944366635543105,0.09368194741664783,0.04361817043627315,4166.501000165939,4562.552428347723,965.4452608730384,31937.866998434067,23.0,3.2857142857142856,2.0,2816.046857142857,1024.998,172.53671428571428,4466.114857142857,159.61657142857143,5,1,47,6.8
AS14.09,2014-04-06,7.5,7.45,7.271428571428571,0.5353014282136923,6.2,7.75,1.5499999999999998,-0.00892857142857221,0.0,-0.25,0.44814432199162507,0.75,0.5571428571428572,0.3445148417564563,0.11562500000000002,0.1241898148148148,0.0984438521785526,0.043985409807550294,4756.722000837325,4546.971714258194,960.6038567530649,31828.801999807358,18.0,2.5714285714285716,2.0,2721.6102857142855,1031.1125714285713,161.15857142857143,4336.924857142857,139.62242857142857,6,1,48,6.2
AS14.09,2014-04-07,6.8,7.183333333333333,7.135714285714286,0.5137397896100431,6.2,7.6,1.3999999999999995,0.00892857142857072,-0.4,-0.16428571428571428,0.31978415339398036,0.8,0.5285714285714286,0.3080275188695847,0.1388888888888889,0.1101851851851852,0.10229133319994665,0.04647200705802369,5070.152001857759,4599.291571821485,980.3472251952535,32195.041002750397,16.0,2.2857142857142856,1.0,2610.1264285714283,984.2591428571429,128.09214285714287,4191.545714285714,146.72614285714286,0,0,49,7.2
AS14.09,2014-04-08,6.2,6.833333333333333,7.021428571428571,0.6257376599243641,6.2,7.6,1.3999999999999995,-0.11071428571428628,-0.5,-0.20714285714285716,0.3445148417564564,0.1,0.5142857142857143,0.3275086331104949,0.07812500000000003,0.11087962962962965,0.10154728558089902,0.04686614857474152,3938.0530016422267,4461.4230007103515,998.1939294674593,31229.961004972458,13.0,1.8571428571428572,1.0,2518.3309999999997,949.4767142857143,169.66557142857144,4025.463285714286,138.7882857142857,1,0,50,6.5
AS14.09,2014-04-09,7.2,6.733333333333333,6.964285714285714,0.5807425460235414,6.2,7.6,1.3999999999999995,-0.008928571428571837,0.0,-0.20714285714285716,0.3445148417564564,0.6,0.5142857142857142,0.3275086331104949,0.08645833333333332,0.10115740740740742,0.10248974589835934,0.04642158978683627,3752.194000244142,4212.953857728413,911.7913495872626,29490.677004098892,8.0,1.1428571428571428,2.0,2153.622857142857,890.7194285714286,159.27600000000004,3609.818,121.55785714285715,2,0,51,6.0
AS14.09,2014-04-10,6.5,6.633333333333333,7.007142857142858,0.5231543521662383,6.2,7.6,1.3999999999999995,-0.16785714285714323,0.25,-0.19999999999999998,0.35472994422987936,0.25,0.5499999999999999,0.270801280154532,0.034126984126984145,0.0662367724867725,0.10145266439909298,0.04806613921914768,3196.5470006465907,4300.295000689371,743.656312231662,30102.065004825592,9.0,1.2857142857142858,2.0,2298.1362857142853,887.8860000000001,158.49771428571427,3725.3034285714284,108.48214285714286,3,0,52,6.8
AS14.09,2014-04-11,6.0,6.566666666666667,6.778571428571429,0.5685193802451122,6.0,7.5,1.5,-0.19107142857142984,0.75,-0.09285714285714286,0.5061526214398936,0.0,0.4642857142857143,0.338765264987284,0.030357142857142857,0.050314153439153436,0.07994614512471657,0.039510889859524945,1656.6440014839172,3790.973286696843,1128.5558774114268,26536.8130068779,7.0,1.0,2.0,2127.6925714285712,776.2385714285714,156.59,3249.665,88.10557142857144,4,0,53,7.0
AS14.09,2014-04-12,6.8,6.433333333333334,6.714285714285714,0.5304984179322049,6.0,7.5,1.5,-0.12142857142857219,0.0,0.014285714285714282,0.4150444611868766,0.6,0.4428571428571429,0.32201005603936683,0.1142857142857143,0.0595899470899471,0.08540958049886622,0.041476257627045036,1228.1449992656708,3371.20814371109,1462.616294581526,23598.45700597763,4.0,0.5714285714285714,1.0,1858.7247142857143,655.3312857142856,132.83014285714287,2829.216571428572,64.30871428571429,5,1,54,6.0
AS14.09,2014-04-13,7.0,6.6000000000000005,6.642857142857143,0.43149794459588936,6.0,7.2,1.2000000000000002,0.0214285714285707,0.0,0.014285714285714282,0.4150444611868766,0.8,0.45000000000000007,0.33040379335998343,0.06944444444444443,0.07136243386243386,0.078812358276644,0.03949457829190206,2490.158000230789,3047.4132864815847,1351.429952008382,21331.893005371094,6.0,0.8571428571428571,1.0,1700.9285714285713,541.9274285714285,117.23014285714287,2555.1712857142857,56.73,6,1,55,5.8
AS14.09,2014-04-14,6.0,6.6000000000000005,6.528571428571429,0.48550415622761356,6.0,7.2,1.2000000000000002,-0.024999999999999956,-0.8,-0.042857142857142864,0.500357015397149,0.1,0.35,0.31224989991991986,0.1722222222222222,0.11865079365079363,0.08357426303854876,0.048847404025066266,933.0389997959134,2456.397143329893,1217.3867938037624,17194.78000330925,6.0,0.8571428571428571,2.0,1373.8167142857144,458.84842857142854,80.02614285714287,2167.0178571428573,40.46328571428571,0,0,56,6.0
AS14.09,2014-04-15,5.8,6.266666666666666,6.471428571428571,0.5498917642417949,5.8,7.2,1.4000000000000004,-0.15000000000000047,-0.2,-7.93016446160826e-18,0.4663689526544407,-0.2,0.3071428571428571,0.36790915027645454,0.08333333333333319,0.10833333333333327,0.08431831065759635,0.04879019985504612,823.1890001296997,2011.4165716852463,1153.1257828848366,14079.916001796724,7.0,1.0,3.0,1092.0234285714287,392.4827142857143,37.003428571428586,1752.357,31.40742857142857,1,0,57,5.5
AS14.09,2014-04-16,6.0,5.933333333333333,6.299999999999999,0.4654746681256327,5.8,7.0,1.2000000000000002,-0.09642857142857224,0.0,-7.93016446160826e-18,0.4663689526544407,0.0,0.22142857142857145,0.3580702245569794,0.08854166666666669,0.11469907407407402,0.0846159297052154,0.04881177899273937,1266.1309995651238,1656.2647144453863,877.5352854488189,11593.853001117704,8.0,1.1428571428571428,3.0,926.064,329.9978571428572,32.093285714285734,1446.769,22.732428571428567,2,0,58,7.0
AS14.09,2014-04-17,5.5,5.766666666666666,6.157142857142857,0.5411627692821672,5.5,7.0,1.5,-0.15357142857142878,-0.5,-0.10714285714285714,0.48513621062248363,-0.25,0.14999999999999997,0.39895697345286074,0.015584415584415586,0.062486471861471805,0.08196699134199133,0.05238103474486998,588.7820003032683,1283.726857253483,634.555973596958,8986.088000774382,5.0,0.7142857142857143,3.0,714.5385714285713,273.68271428571427,28.038714285714303,1163.9215714285715,14.741,3,0,59,6.6
AS14.09,2014-04-18,7.0,6.166666666666667,6.299999999999999,0.6191391873668913,5.5,7.0,1.5,-0.08571428571428634,0.0,-0.21428571428571427,0.3184785258515421,0.75,0.2571428571428571,0.44947058805199863,0.11045653907496016,0.07152754044201413,0.09340976223025092,0.047774043921798064,2211.44800043106,1362.9845713887894,718.0522877958995,9540.891999721525,5.0,0.7142857142857143,4.0,724.3015714285714,285.4995714285714,0.0,1207.5992857142858,12.627571428571429,4,0,60,8.0
AS14.09,2014-04-19,6.6,6.366666666666667,6.271428571428571,0.596417878432804,5.5,7.0,1.5,0.017857142857142,-1.2,-0.38571428571428573,0.47056197405716005,0.6,0.2571428571428572,0.44947058805199863,0.11473829201101932,0.08025974889013167,0.0934744161910088,0.04780729927409267,2364.1620001792908,1525.2727143764494,805.544016207069,10676.909000635145,7.0,1.0,5.0,694.2031428571428,330.8691428571429,5.44528571428573,1191.9068571428572,13.086428571428572,5,1,61,6.25
AS14.09,2014-04-20,8.0,7.2,6.414285714285714,0.8610624666239799,5.5,8.0,2.5,0.3071428571428564,0.25,-0.35000000000000003,0.5123475382979799,1.0,0.2857142857142857,0.4938912546589293,0.11314935064935065,0.1127813939117767,0.09971797422028113,0.04699293664839625,1080.8729991912853,1323.94628565652,692.3592694515232,9267.62399959564,5.0,0.7142857142857143,5.0,570.3821428571429,325.98371428571426,10.656142857142871,1060.3015714285714,14.966,6,1,62,6.5
AS14.09,2014-04-21,6.25,6.95,6.45,0.8460693430998044,5.5,8.0,2.5,0.23035714285714234,0.0,-0.2357142857142857,0.4836616290637199,0.25,0.3071428571428571,0.4877060004317589,0.041548295454545435,0.08981197937163844,0.08105027039632728,0.038595077311342395,421.08100032806396,1250.8094285896843,763.880702537347,8755.66600012779,5.0,0.7142857142857143,4.0,572.1885714285714,307.43157142857143,48.92642857142859,989.8267142857143,13.51242857142857,0,0,63,6.6
AS14.09,2014-04-22,6.5,6.916666666666667,6.549999999999999,0.7963458210266867,5.5,8.0,2.5,0.14285714285714224,-1.0,-0.35000000000000003,0.5619905100029121,0.5,0.40714285714285714,0.4353433237386436,0.015309343434343438,0.05666899651274649,0.07133255755361446,0.04581320671524671,848.1339998245237,1254.3729999746595,761.6081388594246,8780.610999822617,6.0,0.8571428571428571,3.0,555.059,284.6452857142857,48.92642857142858,957.4309999999999,13.713571428571429,1,0,64,6.333333333333333
AS14.09,2014-04-23,6.6,6.45,6.635714285714285,0.7586799312590515,5.5,8.0,2.5,0.06964285714285653,-0.2,-0.37857142857142856,0.5460899978156399,0.4,0.4642857142857143,0.3976119189552018,0.06439393939393938,0.04041719276094274,0.06788288222893914,0.04520654197455769,1147.9629995822897,1237.4918571199687,762.6130265739926,8662.44299983978,20.0,2.857142857142857,2.0,593.1672857142858,257.08542857142857,52.70757142857144,974.3742857142859,21.719428571428573,2,0,65,7.2
AS14.09,2014-04-24,6.333333333333333,6.477777777777778,6.754761904761906,0.5994375670788393,6.25,8.0,1.75,-0.1250000000000005,-0.3333333333333333,-0.3547619047619048,0.5435407141479909,0.3333333333333333,0.5476190476190477,0.26041785714013593,0.03922032828282828,0.03964120370370369,0.07125944118585524,0.04136905638357277,1628.529999732971,1386.0272856099266,714.9730421295955,9702.190999269485,22.0,3.142857142857143,4.0,645.0122857142858,269.17199999999997,56.726857142857156,1051.653,31.579,3,0,66,7.25
AS14.09,2014-04-25,7.2,6.711111111111111,6.783333333333332,0.6175669104549646,6.25,8.0,1.75,-0.042261904761905174,0.2,-0.3261904761904762,0.5699136665334384,1.0,0.5833333333333334,0.3059593291780969,0.04203282828282827,0.04854903198653197,0.061484625358407825,0.03855158060753373,763.8369996547699,1179.2257140704564,642.0737070065827,8254.579998493195,26.0,3.7142857142857144,3.0,532.3694285714286,233.183,56.726857142857156,865.7917142857143,30.407000000000004,4,0,67,8.0
AS14.09,2014-04-26,7.25,6.927777777777777,6.876190476190476,0.6340534752872277,6.25,8.0,1.75,-0.01845238095238176,0.25,-0.11904761904761904,0.4503525955487104,1.0,0.6404761904761905,0.3445148417564563,0.11581439393939394,0.0656891835016835,0.061638354205318484,0.03880066906262154,1263.7550008296962,1022.0247141633714,388.08031577564867,7154.1729991436,24.0,3.4285714285714284,2.0,545.1774285714285,196.39428571428576,51.28157142857144,847.2482857142858,30.236,5,1,68,6.25
AS14.09,2014-04-27,8.0,7.483333333333334,6.876190476190476,0.6340534752872277,6.25,8.0,1.75,0.2624999999999994,0.0,-0.15476190476190474,0.42543162023063524,1.0,0.6404761904761905,0.3445148417564563,0.11026936026936031,0.08937219416386083,0.061226927008177,0.03817363533473594,1459.8650000095372,1076.1664285659788,422.5635470050857,7533.164999961851,24.0,3.4285714285714284,2.0,547.7724285714286,197.39957142857142,47.245857142857155,859.3564285714285,39.03242857142857,6,1,69,6.6
AS14.09,2014-04-28,6.25,7.166666666666667,6.876190476190476,0.6340534752872277,6.25,8.0,1.75,0.10595238095238048,-1.0,-0.29761904761904756,0.5217872217311428,0.25,0.6404761904761905,0.3445148417564563,0.11026936026936031,0.11211770482603818,0.07104422198172199,0.04100125072114122,0.0,1016.0119999476839,543.9097787089266,7112.083999633787,24.0,3.4285714285714284,2.0,474.04357142857145,185.48714285714283,8.975571428571437,764.6665714285713,38.745000000000005,0,0,70,6.75
AS14.09,2014-04-29,6.6,6.95,6.890476190476191,0.625230116367326,6.25,8.0,1.75,0.02261904761904687,-0.1,-0.16904761904761906,0.4210248267761709,0.6,0.6547619047619048,0.3397594854253636,0.11026936026936031,0.11026936026936031,0.08460993867243868,0.03471466900761861,0.0,894.8499999727519,667.877587798096,6263.949999809263,22.0,3.142857142857143,2.0,464.50371428571424,173.88728571428572,8.975571428571437,718.5021428571428,36.50042857142857,1,0,71,7.0
AS14.09,2014-04-30,6.75,6.533333333333334,6.911904761904762,0.616119448324086,6.25,8.0,1.75,-0.033928571428571974,-0.5,-0.2119047619047619,0.4395614697790125,0.5,0.669047619047619,0.3292005708880466,0.11026936026936031,0.11026936026936031,0.09116357022607025,0.03459219119475304,0.0,730.8552857467106,733.1204200219936,5115.9870002269745,7.0,1.0,2.0,341.3051428571429,142.2022857142857,5.19442857142858,553.016,25.89785714285714,2,0,72,7.5
AS14.09,2014-05-01,7.0,6.783333333333334,7.007142857142857,0.5608242233746783,6.25,8.0,1.75,-0.10714285714285758,-0.5,-0.2357142857142857,0.45158451194496413,0.75,0.7285714285714285,0.29418976706816125,0.11026936026936031,0.11026936026936031,0.10131343193843198,0.02622184563193367,0.0,498.20814292771473,655.0127233700675,3487.4570004940033,5.0,0.7142857142857143,0.0,251.91171428571428,120.07500000000002,1.1751428571428655,422.47200000000004,14.592428571428572,3,0,73,7.6
AS14.09,2014-05-02,7.5,7.083333333333333,7.05,0.5887840577551912,6.25,8.0,1.75,-0.026785714285714583,-0.25,-0.3,0.4092676385936225,0.75,0.6928571428571428,0.2699206232527311,0.11026936026936031,0.11026936026936031,0.11106150793650797,0.0020958257289133953,0.0,389.0885715484619,666.9024297460923,2723.6200008392334,0.0,0.0,0.0,208.629,93.75600000000001,1.1751428571428655,347.2227142857143,11.250714285714286,4,0,74,7.75
AS14.09,2014-05-03,7.6,7.366666666666667,7.1000000000000005,0.6224949798994378,6.25,8.0,1.75,0.06071428571428488,0.0,-0.33571428571428574,0.3613796315444993,0.8,0.6642857142857144,0.24102953780654776,0.11026936026936031,0.11026936026936031,0.11026936026936031,1.698028313207303e-09,0.0,208.5521428585053,551.7771053932037,1459.8650000095372,0.0,0.0,0.0,116.59071428571428,45.142428571428574,1.1751428571428655,183.3207142857143,10.676,5,1,75,6.6
AS14.09,2014-05-04,7.75,7.616666666666667,7.064285714285715,0.5669467095138422,6.25,7.75,1.5,0.25892857142857106,0.25,-0.3,0.4092676385936225,0.75,0.6285714285714287,0.19760470401187058,0.11026936026936031,0.11026936026936031,0.11026936026936031,1.698028313207303e-09,0.0,0.0,0.0,0.0,0.0,0.0,0.0,0.0,0.0,0.0,0.0,0.0,6,1,76,6.0
AS14.12,2014-03-14,5.5,5.5,5.5,0.0,5.5,5.5,0.0,-4.655319848376387e-16,0.0,0.0,0.0,-0.5,-0.5,0.0,0.1482905365606453,0.1482905365606453,0.1482905365606453,0.0,0.0,0.0,0.0,0.0,15.0,2.142857142857143,9.0,0.0,0.0,0.0,0.0,0.0,4,0,23,5.5
AS14.12,2014-03-26,6.75,6.625,6.375,0.2700308624336606,6.0,6.75,0.75,0.12499999999999968,-0.41666666666666663,-0.29166666666666663,0.09001028747788692,0.75,0.375,0.27003086243366087,0.1482905365606453,0.1482905365606453,0.1482905365606453,0.0,0.0,0.0,0.0,0.0,6.0,0.8571428571428571,1.0,0.0,0.0,0.0,0.0,0.0,2,0,35,7.0
AS14.12,2014-03-27,6.875,6.75,6.5,0.2700308624336606,6.125,6.875,0.75,0.12499999999999968,-0.4583333333333333,-0.3333333333333333,0.09001028747788693,0.875,0.5,0.27003086243366087,0.1482905365606453,0.1482905365606453,0.1482905365606453,0.0,0.0,0.0,0.0,0.0,5.0,0.7142857142857143,1.0,0.0,0.0,0.0,0.0,0.0,3,0,36,6.75
AS14.12,2014-03-28,7.0,6.875,6.625,0.2700308624336606,6.25,7.0,0.75,0.12499999999999958,-0.5,-0.375,0.09001028747788696,1.0,0.625,0.27003086243366087,0.1482905365606453,0.1482905365606453,0.1482905365606453,0.0,2499.070000171661,357.010000024523,944.5596756280512,2499.070000171661,6.0,0.8571428571428571,1.0,387.7584285714285,11.75,334.387,476.2264285714286,65.72414285714287,4,0,37,6.75
AS14.12,2014-03-29,6.75,6.875,6.696428571428571,0.21478117324605583,6.375,7.0,0.625,0.08482142857142819,0.0,-0.3392857142857143,0.16567163289800083,0.75,0.6964285714285714,0.21478117324605617,0.1121886973180077,0.1362565901464328,0.1431331309545542,0.013645212644007363,5248.457999944688,1106.7897143023354,2050.0722727562256,7747.528000116348,13.0,1.8571428571428572,1.0,925.0311428571428,55.56185714285714,700.556857142857,1252.6412857142857,247.9005714285714,5,1,38,5.5
AS14.12,2014-03-30,6.75,6.833333333333333,6.75,0.16137430609197534,6.5,7.0,0.5,0.0446428571428564,1.0,-0.1547619047619047,0.535063537739201,1.0,0.7857142857142857,0.18700331038577395,0.12607506942792832,0.1288514344355271,0.1399594927927375,0.014781890636780926,2925.1319994926444,1524.6657142298561,2084.699046079991,10672.659999608994,18.0,2.5714285714285716,1.0,1253.0837142857142,142.63957142857143,867.2717142857143,1821.645142857143,370.1678571428571,6,1,39,6.4
AS14.12,2014-03-31,5.5,6.333333333333333,6.607142857142857,0.5022271825151869,5.5,7.0,1.5,-0.1250000000000007,0.0,-0.10714285714285711,0.5313423900365333,0.0,0.7142857142857143,0.34395286221889687,0.050002669288337596,0.09608881201142454,0.12591836889669356,0.03640919624599687,2440.790000677108,1873.3500000408717,1989.1134426435076,13113.450000286102,19.0,2.7142857142857144,1.0,1496.6875714285713,177.912,997.9172857142858,2211.928,471.7478571428571,0,0,40,6.4
AS14.12,2014-04-01,6.4,6.216666666666666,6.575,0.5080600358225394,5.5,7.0,1.5,-0.14464285714285732,0.4,0.003571428571428598,0.5467466308143822,0.4,0.6821428571428572,0.36363737824533776,0.07254649006645171,0.08287474292757253,0.11509779082609448,0.03975388161989051,2406.0169999599466,2217.066714320864,1811.3871010293124,15519.467000246048,20.0,2.857142857142857,1.0,1721.455857142857,197.23914285714287,1132.156,2648.3411428571426,569.7127142857142,1,0,41,6.0
AS14.12,2014-04-02,6.4,6.1000000000000005,6.5249999999999995,0.5051814855409227,5.5,7.0,1.5,-0.1383928571428577,0.4,0.12023809523809526,0.5289721239692201,0.8,0.6892857142857143,0.365677779055876,0.1407921548420124,0.08778043806560056,0.11402659343771833,0.03879999215841742,3925.278999328614,2777.8208570820943,1606.664625509784,19444.74599957466,20.0,2.857142857142857,0.0,2231.0095714285712,236.79628571428572,1343.157,3368.2404285714283,716.4864285714285,2,0,42,5.4
AS14.12,2014-04-03,6.0,6.266666666666667,6.3999999999999995,0.5123475382979801,5.5,7.0,1.5,-0.14464285714285752,-0.4,0.1285714285714286,0.5186980037050645,0.4,0.6214285714285713,0.3695235026999217,0.14706022748475056,0.12013295746440489,0.1138508349983048,0.03862128793765259,3771.7980000972752,3316.6491428102768,1058.8970448441376,23216.543999671936,23.0,3.2857142857142856,0.0,2686.0642857142857,247.28557142857144,1643.9825714285714,3980.467285714286,836.8978571428571,3,0,43,6.5
AS14.12,2014-04-04,5.4,5.933333333333334,6.171428571428572,0.5551705014806587,5.4,6.75,1.3499999999999996,-0.16607142857142934,0.4,0.2571428571428572,0.4429339411136565,0.0,0.4785714285714286,0.39142596453772155,0.15734126984126984,0.14839788405601093,0.11514379689553687,0.04008999442427763,5579.823001861572,3756.756714480264,1279.6637090009594,26297.297001361847,24.0,3.4285714285714284,0.0,2946.104142857143,281.129,1652.341142857143,4446.8042857142855,940.7648571428571,4,0,44,6.2
AS14.12,2014-04-05,6.5,5.966666666666666,6.135714285714286,0.5185832348124761,5.4,6.75,1.3499999999999996,-0.048214285714286396,0.75,0.36428571428571427,0.4607188999399794,0.625,0.46071428571428574,0.37965366422820773,0.13877989048726838,0.14772712927109624,0.11894253877685983,0.04101252886868684,5453.933998823166,3786.1104286057607,1321.2646577242551,26502.773000240326,23.0,3.2857142857142856,3.0,2748.904714285714,250.0867142857143,1448.394,4423.279714285714,903.264,5,1,45,6.25
AS14.12,2014-04-06,6.2,6.033333333333334,6.057142857142857,0.4466808810815726,5.4,6.5,1.0999999999999996,0.046428571428571215,0.0,0.22142857142857145,0.3784366336842744,0.4,0.375,0.29615592739861424,0.15029831343020303,0.14880649125291376,0.12240300220575621,0.042701781980484396,3432.819000959397,3858.6371431010116,1279.3977672945155,27010.46000170708,21.0,3.0,4.0,2749.380428571428,177.34757142857146,1579.858857142857,4341.831571428572,879.9018571428571,6,1,46,6.4
AS14.12,2014-04-07,6.25,6.316666666666666,6.164285714285714,0.37496031536049046,5.4,6.5,1.0999999999999996,-0.012500000000000537,0.25,0.2571428571428572,0.3656370826249386,0.75,0.48214285714285715,0.27260865024880654,0.08721111947339887,0.1254297744636234,0.1277184950893364,0.03351500225615421,1746.9380004405973,3759.5154287815103,1426.0293844468276,26316.608001470573,20.0,2.857142857142857,4.0,2681.179428571428,142.81514285714286,1600.9045714285712,4254.227,849.7588571428571,0,0,47,6.25
AS14.12,2014-04-08,6.4,6.283333333333334,6.1642857142857155,0.37496031536049046,5.4,6.5,1.0999999999999996,0.04642857142857074,0.2,0.22857142857142856,0.3603900003897893,1.0,0.5678571428571428,0.3306289100948012,0.12565511935667534,0.12105485075342574,0.1353054421307969,0.023441086723527304,3196.0669999122624,3872.3797144889836,1329.016336624558,27106.658001422886,19.0,2.7142857142857144,4.0,2876.1202857142853,150.27314285714286,1792.8829999999998,4423.438,852.9761428571429,1,0,48,5.25
AS14.12,2014-04-09,6.25,6.300000000000001,6.142857142857143,0.3633508077929783,5.4,6.5,1.0999999999999996,0.08928571428571344,0.0,0.17142857142857143,0.3603900003897893,0.25,0.48928571428571427,0.33161760824063313,0.11765497159315706,0.11017373680774374,0.13200013023810328,0.024158734678332433,5794.271000623703,4139.378571816854,1516.0010768890781,28975.650002717975,19.0,2.7142857142857144,4.0,3046.0287142857137,138.232,2062.6884285714286,4617.639571428571,884.2411428571429,2,0,49,6.4
AS14.12,2014-04-10,5.25,5.966666666666668,6.035714285714286,0.4980915960897538,5.25,6.5,1.25,-0.026785714285714954,0.0,0.2285714285714286,0.27667240384183417,-0.5,0.3607142857142857,0.5024641659812549,0.16551672904404247,0.13627560666462493,0.13463677331800214,0.02692507947024092,4603.710998535157,4258.223285879408,1514.9904429921448,29807.563001155857,16.0,2.2857142857142856,4.0,3251.584142857143,181.77985714285714,2245.546,4936.4839999999995,957.0547142857142,3,0,50,6.6
AS14.12,2014-04-11,6.4,5.966666666666666,6.178571428571429,0.42314018840996365,5.25,6.5,1.25,-0.0785714285714293,0.2,0.19999999999999998,0.26614532371118843,0.6,0.44642857142857145,0.48141037834777967,0.13382078343157316,0.13899749468959088,0.13127670383090262,0.025019661053144626,4357.883999824522,4083.6605713026865,1403.6368068653162,28585.623999118805,13.0,1.8571428571428572,4.0,3172.5658571428576,149.2642857142857,2393.358857142857,4734.2201428571425,937.8864285714286,4,0,51,6.8
AS14.12,2014-04-12,6.6,6.083333333333333,6.192857142857143,0.4372533318231853,5.25,6.6,1.3499999999999996,0.012499999999999047,-0.5,0.021428571428571432,0.25471739709127117,1.0,0.5,0.5236092690801669,0.07151068346684088,0.12361606531415215,0.12166681711369869,0.03322933080984373,2685.457997798922,3688.163999727795,1341.8628914692777,25817.147998094562,7.0,1.0,1.0,3083.1187142857148,153.01228571428572,2457.5915714285716,4362.766,867.784,5,1,52,5.6
AS14.12,2014-04-13,6.8,6.599999999999999,6.278571428571429,0.49401176002967734,5.25,6.8,1.5499999999999998,0.0785714285714279,0.0,0.021428571428571432,0.25471739709127117,0.8,0.5571428571428572,0.5326260190701128,0.08403201429421403,0.096454493730876,0.11220020295141454,0.03315224696375987,4384.7400002479535,3824.152713911874,1359.788136709802,26769.068997383118,4.0,0.5714285714285714,0.0,3195.5228571428574,186.767,2423.4894285714286,4625.763,977.5918571428572,6,1,53,6.6
AS14.12,2014-04-14,5.6,6.333333333333333,6.185714285714286,0.5573107195229952,5.25,6.8,1.5499999999999998,0.0017857142857135109,0.6,0.07142857142857142,0.3302235894778249,0.0,0.45,0.5619905100029121,0.09538332496422719,0.083642007575094,0.11336766087867574,0.03225740550260769,4813.279002189638,4262.201428447452,1033.9637142712004,29835.40999913216,7.0,1.0,0.0,3517.5334285714293,250.47557142857144,2636.2525714285716,5079.327428571429,1067.5102857142858,0,0,54,6.8
AS14.12,2014-04-15,6.6,6.333333333333333,6.214285714285714,0.574974119500381,5.25,6.8,1.5499999999999998,0.07678571428571403,-0.4,-0.01428571428571429,0.36709931185158157,0.8,0.42142857142857143,0.5337424026447143,0.08742418577600534,0.0889465083448155,0.10790609893858003,0.03305682710962488,3791.3749995231624,4347.245428391866,952.9684593903326,30430.71799874306,8.0,1.1428571428571428,0.0,3637.6677142857147,255.78014285714286,2725.4398571428574,5214.043428571429,1119.4907142857141,1,0,55,7.0
AS14.12,2014-04-16,6.8,6.333333333333333,6.292857142857143,0.6167310133738558,5.25,6.8,1.5499999999999998,0.14464285714285696,0.2,0.014285714285714282,0.3760699023168052,1.0,0.5285714285714286,0.5677860093212515,0.12005049713493486,0.10095266929172246,0.10824831687311971,0.0331867167429159,5510.068999528886,4306.645142521177,884.6496741616808,30146.515997648243,12.0,1.7142857142857142,0.0,3639.4485714285715,232.73414285714284,2653.251714285714,5215.852142857143,1153.8791428571428,2,0,56,6.8
AS14.12,2014-04-17,7.0,6.8,6.542857142857143,0.4577377082170633,5.6,7.0,1.4000000000000004,0.07142857142857098,0.0,0.014285714285714282,0.3760699023168052,1.0,0.7428571428571429,0.35989416433697485,0.19809923260395704,0.1351913051716324,0.11290296023882178,0.04330128000437829,3889.198002576828,4204.571857384273,885.8810660423638,29432.00300168991,15.0,2.142857142857143,2.0,3412.1955714285714,193.257,2430.817,4944.711571428571,1145.2225714285714,3,0,57,6.6
AS14.12,2014-04-18,6.8,6.866666666666667,6.6,0.4618802153517003,5.6,7.0,1.4000000000000004,0.0785714285714278,-0.6,-0.09999999999999999,0.42817441928883754,0.8,0.7714285714285715,0.35456210417116724,0.13106163600075882,0.1497371219132169,0.11250879632013401,0.04309118185515804,5346.74299955368,4345.837428774153,987.4268033967811,30420.86200141907,17.0,2.4285714285714284,2.0,3439.4757142857147,180.17914285714286,2314.110714285714,4996.0584285714285,1135.5511428571428,4,0,58,5.8
AS14.12,2014-04-19,6.6,6.8,6.6,0.4618802153517003,5.6,7.0,1.4000000000000004,0.0785714285714278,-0.6,-0.1142857142857143,0.4450789122113493,0.8,0.7428571428571429,0.34086724129853857,0.07997912314877687,0.1363799972511642,0.11371857341755345,0.041849311377790674,3713.243999719619,4492.66400047711,746.3777471862969,31448.648003339767,15.0,2.142857142857143,2.0,3683.8734285714286,203.66914285714287,2537.5714285714284,5317.337428571429,1150.9837142857143,5,1,59,6.4
AS14.12,2014-04-20,5.8,6.3999999999999995,6.457142857142856,0.5380741673076394,5.6,7.0,1.4000000000000004,0.021428571428570884,0.4,-0.05714285714285715,0.48599431703516466,0.4,0.6857142857142857,0.3625307868699862,0.16716522568030542,0.126068661609947,0.12559474647270935,0.04377239925118646,4653.52900147438,4531.062429223742,746.8140478479529,31717.437004566193,19.0,2.7142857142857144,4.0,3700.317714285714,185.3062857142857,2625.2965714285715,5248.1581428571435,1114.6785714285713,6,1,60,6.0
AS14.12,2014-04-21,6.4,6.266666666666667,6.571428571428571,0.39036002917941287,5.8,7.0,1.2000000000000002,-0.1071428571428574,0.4,-0.08571428571428572,0.44507891221134943,1.0,0.8285714285714285,0.2138089935299394,0.22026726549487374,0.15580387144131866,0.14343530940565888,0.053725061943998405,5877.61099934578,4683.109857388905,905.3641299810328,32781.769001722336,16.0,2.2857142857142856,4.0,3846.0868571428573,246.94628571428572,2834.6965714285716,5531.1262857142865,1151.2424285714285,0,0,61,6.5
AS14.12,2014-04-22,6.0,6.066666666666666,6.485714285714287,0.44507891221134926,5.8,7.0,1.2000000000000002,-0.1642857142857147,-0.25,-0.06428571428571428,0.43080765788834124,0.75,0.8214285714285714,0.21574897229794399,0.0702309086923999,0.15255446662252634,0.14097912696514378,0.057005412277522954,2708.074999809265,4528.352714572635,1144.2631155967492,31698.46900200844,16.0,2.2857142857142856,4.0,3683.5754285714283,227.97600000000003,2648.1297142857147,5281.541714285714,1079.5555714285715,1,0,62,5.8
AS14.12,2014-04-23,6.5,6.3,6.442857142857143,0.4237025012007948,5.8,7.0,1.2000000000000002,-0.1178571428571433,0.25,-0.05714285714285713,0.43629937297358434,1.0,0.8214285714285714,0.21574897229794399,0.16462706487320147,0.15170841302015833,0.14734720807061047,0.056767144833895805,5870.773000240324,4579.881857531411,1202.4812581697086,32059.173002719876,12.0,1.7142857142857142,4.0,3802.3881428571426,271.3058571428572,2757.162,5602.361857142858,1103.2491428571427,2,0,63,6.6
AS14.12,2014-04-24,5.8,6.1000000000000005,6.271428571428571,0.4029651999626678,5.8,6.8,1.0,-0.1071428571428574,0.0,-0.05714285714285714,0.43629937297358434,0.8,0.7928571428571428,0.20089087300607464,0.11449388733473977,0.1164506203001137,0.13540358731786514,0.05297810011048234,4235.120999097822,4629.299428462982,1176.1865105282648,32405.095999240875,15.0,2.142857142857143,2.0,3894.4157142857143,287.1345714285714,2943.2752857142855,5680.897428571429,1059.0267142857142,3,0,64,5.75
AS14.12,2014-04-25,6.6,6.3,6.242857142857143,0.3644957377763742,5.8,6.6,0.7999999999999998,0.003571428571427953,-0.6,-0.05714285714285714,0.43629937297358434,0.6,0.7642857142857143,0.21353041491843272,0.08522280013775359,0.12144791744856492,0.12885518219457867,0.056331107659774254,4194.688998460771,4464.720285449709,1139.081876867973,31253.041998147964,14.0,2.0,2.0,3872.406428571429,318.2864285714286,3102.148,5669.026142857144,1034.3855714285714,4,0,65,7.0
AS14.12,2014-04-26,5.75,6.05,6.121428571428572,0.3672614223968442,5.75,6.6,0.8499999999999996,0.0017857142857135109,0.0,0.028571428571428574,0.3649853226011776,0.25,0.6857142857142858,0.2868133622443429,0.13467870198927026,0.11146512982058786,0.13666940774322062,0.052052491982513174,3528.6610009670258,4438.35128562791,1161.2972803611135,31068.45899939537,17.0,2.4285714285714284,3.0,3648.3922857142857,282.86800000000005,2850.106285714286,5532.368428571428,1093.7635714285714,5,1,66,6.0
AS14.12,2014-04-27,7.0,6.45,6.292857142857144,0.4604604320935836,5.75,7.0,1.25,0.049999999999998976,0.25,0.007142857142857141,0.34330328116279757,1.0,0.7714285714285715,0.27667240384183417,0.3325771057511279,0.18415953595938392,0.16029967632476666,0.09110239258108717,1952.3549993038164,4052.46928531783,1482.2960736259715,28367.284997224808,19.0,2.7142857142857144,1.0,3338.2841428571433,268.4725714285714,2603.6814285714286,5185.911,1032.8352857142856,6,1,67,6.6
AS14.12,2014-04-28,6.0,6.25,6.235714285714286,0.4696756733057808,5.75,7.0,1.25,0.03392857142857049,0.0,-0.05,0.29720924166878343,0.75,0.7357142857142858,0.2577374078952672,0.19347949106485993,0.22024509960175268,0.15647285140619327,0.08869437396344203,2398.7369992733,3555.4872853074753,1345.236059743355,24888.41099715233,20.0,2.857142857142857,1.0,2869.076142857143,148.23114285714286,2161.6172857142856,4546.624714285715,938.0768571428572,0,0,68,6.0
AS14.12,2014-04-29,6.6,6.533333333333334,6.321428571428571,0.47421614521329036,5.75,7.0,1.25,0.039285714285713626,-0.6,-0.09999999999999999,0.3593976442141304,1.0,0.7714285714285715,0.27667240384183417,0.0853976874322089,0.2038180947493989,0.15863953408330883,0.08639183650739016,2565.7450001239777,3535.1544282095774,1361.1605693014064,24746.08099746704,21.0,3.0,9.0,2788.7290000000003,150.102,2123.9987142857144,4496.7,951.7387142857143,1,0,69,6.25
AS14.12,2014-04-30,6.0,6.2,6.25,0.48045117684665284,5.75,7.0,1.25,0.030357142857142534,-0.4,-0.19285714285714287,0.3371801835672971,1.0,0.7714285714285715,0.27667240384183417,0.07919763729171322,0.11935827192959399,0.14643533014309623,0.09129974696469527,3209.7260000705705,3155.0048567567546,890.29416895216,22085.033997297283,23.0,3.2857142857142856,9.0,2402.440285714286,116.24171428571428,1896.8038571428572,3829.2101428571436,846.8762857142857,2,0,70,6.2
AS14.12,2014-05-01,6.25,6.283333333333334,6.314285714285715,0.43847680071117195,5.75,7.0,1.25,-0.033928571428571974,-0.25,-0.2285714285714286,0.32641632778955626,0.75,0.7642857142857143,0.2764571782909088,0.12199319253000575,0.09552950575130927,0.14750665945670563,0.09090562035414775,3424.2829997539516,3039.170856850488,771.1116944852605,21274.195997953415,19.0,2.7142857142857144,9.0,2258.6872857142857,111.74757142857143,1683.8611428571432,3711.9187142857145,846.3254285714285,3,0,71,5.5
AS14.12,2014-05-02,6.2,6.1499999999999995,6.257142857142857,0.42074197499632693,5.75,7.0,1.25,-0.0053571428571433264,-0.2,-0.17142857142857143,0.2826321856776973,0.5,0.75,0.28867513459481275,0.09557003863382328,0.09892028948518074,0.14898483638471563,0.08980147481478055,3855.1280004978157,2990.6621428557805,693.0333914004746,20934.634999990463,18.0,2.5714285714285716,11.0,2178.7112857142856,115.86257142857143,1475.345,3702.540571428571,874.0831428571428,4,0,72,5.6
AS14.12,2014-05-03,5.5,5.983333333333333,6.221428571428571,0.47771778877731375,5.5,7.0,1.5,-0.15892857142857195,0.0,-0.17142857142857146,0.2826321856776973,0.5,0.7857142857142857,0.2249338527106092,0.1309995432502886,0.11618759147137252,0.1484592422791468,0.08990986302690607,3704.4909987449655,3015.7807139669144,718.5012126462352,21110.464997768402,16.0,2.2857142857142856,10.0,2464.9815714285714,145.60814285714287,1655.2255714285714,3978.7892857142856,907.2397142857143,5,1,73,4.8
AS14.12,2014-05-04,5.6,5.766666666666667,6.021428571428571,0.3806323060132359,5.5,6.6,1.0999999999999996,-0.11428571428571517,-0.4,-0.26428571428571435,0.22119803667431456,0.2,0.6714285714285714,0.2913433582235096,0.08514009749880902,0.10390322646097361,0.11311109824310124,0.04055076706174867,4096.187001466751,3322.0424285616195,642.5591783539867,23254.296999931335,11.0,1.5714285714285714,11.0,2615.3792857142857,152.14485714285712,1739.957285714286,4179.427,994.1267142857142,6,1,74,6.0
AS14.13,2014-03-12,7.0,7.0,7.0,0.0,7.0,7.0,0.0,-9.310639696752773e-16,-2.0,-2.0,0.0,1.0,1.0,0.0,0.2875173962358836,0.2875173962358836,0.2875173962358836,0.0,0.0,0.0,0.0,0.0,8.0,1.1428571428571428,2.0,0.0,0.0,0.0,0.0,0.0,2,0,23,7.0
AS14.13,2014-03-13,7.0,7.0,7.0,0.0,7.0,7.0,0.0,-9.310639696752773e-16,-2.0,-2.0,0.0,1.0,1.0,0.0,0.2875173962358836,0.2875173962358836,0.2875173962358836,0.0,0.0,0.0,0.0,0.0,7.0,1.0,1.0,0.0,0.0,0.0,0.0,0.0,3,0,24,7.8
AS14.13,2014-03-14,7.0,7.0,7.0,0.0,7.0,7.0,0.0,-9.310639696752773e-16,-2.0,-2.0,0.0,1.0,1.0,0.0,0.2875173962358836,0.2875173962358836,0.2875173962358836,0.0,828.971999883652,118.42457141195028,313.32196507542966,828.971999883652,4.0,0.5714285714285714,0.0,71.14428571428572,0.434,24.870285714285718,105.01057142857142,9.218142857142857,4,0,25,7.0
AS14.13,2014-03-15,7.8,7.266666666666667,7.114285714285714,0.30237157840738177,7.0,7.8,0.7999999999999998,0.08571428571428504,0.2,-1.6857142857142857,0.8315218406202999,1.4,1.0571428571428572,0.15118578920369086,0.2875173962358836,0.2875173962358836,0.2875173962358836,0.0,5837.463001728058,952.3478573731014,2176.174157515627,6666.43500161171,3.0,0.42857142857142855,3.0,538.0960000000001,5.263142857142857,159.01285714285717,862.4147142857145,94.44114285714286,5,1,26,6.4
AS14.13,2014-03-16,7.0,7.266666666666667,7.114285714285714,0.30237157840738177,7.0,7.8,0.7999999999999998,0.05714285714285637,0.2,-1.3714285714285714,1.0734900802433867,0.4,0.9714285714285714,0.2927700218845599,0.2875173962358836,0.2875173962358836,0.2875173962358836,0.0,3362.068998575212,1432.6434285981318,2298.52874935895,10028.504000186922,3.0,0.42857142857142855,6.0,852.7687142857143,21.519571428571428,239.73828571428572,1291.987142857143,151.28942857142857,6,1,27,6.6
AS14.13,2014-03-17,6.4,7.066666666666666,7.028571428571429,0.4070801956792858,6.4,7.8,1.3999999999999995,-0.03571428571428623,-1.0,-1.2285714285714284,1.0419761445034554,0.2,0.8571428571428571,0.4117326918327102,0.2875173962358836,0.2875173962358836,0.2875173962358836,0.0,2708.8439993858324,1819.6211427961077,2244.525373516263,12737.347999572754,3.0,0.42857142857142855,6.0,992.1855714285714,26.943,321.338,1521.859142857143,158.26828571428572,0,0,28,7.0
AS14.13,2014-03-18,6.6,6.666666666666667,6.971428571428571,0.4386125310350268,6.4,7.8,1.3999999999999995,-0.08571428571428615,0.0,-0.9428571428571428,1.0690449676496974,0.8,0.8285714285714285,0.4070801956792859,0.2875173962358836,0.2875173962358836,0.2875173962358836,0.0,2139.142998933792,2125.2129997866496,2096.2161683207705,14876.490998506546,3.0,0.42857142857142855,6.0,1164.3308571428572,26.943,382.26800000000003,1791.4748571428572,204.43057142857145,1,0,29,7.8
AS14.13,2014-03-19,7.0,6.666666666666667,6.971428571428571,0.4386125310350268,6.4,7.8,1.3999999999999995,-0.07857142857142893,-0.2,-0.6857142857142857,0.9856107606091622,0.8,0.7999999999999999,0.4,0.2875173962358836,0.2875173962358836,0.2875173962358836,0.0,1659.7529985904696,2362.3205710138595,1900.4962536968687,16536.243997097015,1.0,0.14285714285714285,6.0,1332.6115714285716,26.943,441.8025714285714,2040.4184285714289,260.99228571428574,2,0,30,6.4
AS14.13,2014-03-20,7.8,7.133333333333333,7.085714285714286,0.5398412465054623,6.4,7.8,1.3999999999999995,0.014285714285714233,-0.2,-0.42857142857142855,0.8035634920242989,1.2,0.8285714285714285,0.42314018840996304,0.2875173962358836,0.2875173962358836,0.2875173962358836,0.0,4135.655998706817,2953.128570829119,1672.9264514741208,20671.899995803833,1.0,0.14285714285714285,6.0,1836.962142857143,32.28442857142857,483.8757142857143,2597.2834285714284,289.199,3,0,31,6.4
AS14.13,2014-03-21,6.4,7.066666666666666,7.0,0.5999999999999999,6.4,7.8,1.3999999999999995,-0.07142857142857229,0.8,-0.02857142857142858,0.5468524655221175,0.2,0.7142857142857143,0.47409060817728166,0.2875173962358836,0.2875173962358836,0.2875173962358836,0.0,5908.132998704911,3678.722999232156,1699.347746510348,25751.06099462509,0.0,0.0,6.0,2515.3477142857146,55.677,530.0917142857143,3304.489857142857,305.3182857142857,4,0,32,8.4
AS14.13,2014-03-22,6.4,6.866666666666667,6.8,0.5163977794943222,6.4,7.8,1.3999999999999995,-0.021428571428571817,0.6,0.028571428571428557,0.5936168397046634,0.6,0.6,0.3651483716701108,0.08464871219157337,0.21989450155444687,0.25853615565812504,0.07667715525488315,5325.194998264314,3605.5418558801925,1598.9538177843885,25238.792991161346,0.0,0.0,5.0,2821.801142857143,72.27014285714286,419.20471428571426,3370.650857142857,226.42314285714286,5,1,33,7.4
AS14.13,2014-03-23,8.4,7.066666666666667,7.0,0.7999999999999998,6.4,8.4,2.0,0.17857142857142802,1.4,0.19999999999999998,0.7916228058025275,1.6,0.7714285714285715,0.5089672082242814,0.09397349961866085,0.15537986934870596,0.23088702756995036,0.09675221986856579,8781.38100004196,4379.729284661157,2512.4486216391647,30658.104992628098,0.0,0.0,2.0,3338.794428571429,121.99771428571428,432.02599999999995,3917.810428571429,217.81685714285715,6,1,34,8.8
AS14.13,2014-03-24,7.4,7.400000000000001,7.142857142857143,0.7634508123364218,6.4,8.4,2.0,0.13571428571428493,1.6,0.5714285714285714,0.7432233529572061,1.0,0.8857142857142858,0.44507891221134943,0.11916263386851622,0.09926161522625014,0.20683634723175498,0.10115355259585543,5049.68000078201,4714.134427717754,2406.538911168955,32998.94099402428,0.0,0.0,4.0,3692.2509999999997,135.36357142857145,386.01671428571433,4240.202428571428,235.17000000000002,0,0,35,7.6
AS14.13,2014-03-25,8.8,8.200000000000001,7.457142857142857,0.9360504666899508,6.4,8.8,2.4000000000000004,0.23571428571428513,1.0,0.7142857142857143,0.710465977202219,1.8,1.0285714285714287,0.5589105048046175,0.3074129857071034,0.17351637306476012,0.2096785742990721,0.10403679475090688,3158.5090005397797,4859.758142232895,2250.537822150853,34018.306995630264,2.0,0.2857142857142857,4.0,3874.529571428571,148.15057142857145,351.66428571428565,4375.053000000001,212.27457142857142,1,0,36,8.4
AS14.13,2014-03-26,7.6,7.9333333333333345,7.542857142857144,0.9144345117013434,6.4,8.8,2.4000000000000004,0.18571428571428522,1.2,0.9142857142857144,0.5984105932344759,1.8,1.1714285714285715,0.6156684327197708,0.09856848536516054,0.17504803498026003,0.18268587274611167,0.10498274149811061,3693.359999418258,5150.273428065436,1867.2252463078269,36051.91399645805,2.0,0.2857142857142857,4.0,4250.928571428572,159.1005714285714,346.6101428571429,4736.988857142858,161.44857142857146,2,0,37,7.4
AS14.13,2014-03-27,8.4,8.266666666666667,7.628571428571428,0.9690446940402784,6.4,8.8,2.4000000000000004,0.3142857142857142,-1.0,0.8,0.8640987597877143,1.0,1.1428571428571428,0.6187545093630775,0.303655124259914,0.23654553177739265,0.1849912624638303,0.10780767119978343,4713.1509993076315,5232.772713865553,1827.2550126422818,36629.40899705887,3.0,0.42857142857142855,5.0,4387.292857142857,158.59857142857143,339.4525714285714,4877.748714285714,173.338,3,0,38,7.6
AS14.13,2014-03-28,7.4,7.8,7.771428571428572,0.8199883855158862,6.4,8.8,2.4000000000000004,0.11428571428571424,-1.2,0.5142857142857142,1.148083288831972,1.0,1.2571428571428573,0.4720774754816657,0.10809412957208692,0.17010591306572045,0.15935936722614505,0.1004469730616769,4077.4859991073613,4971.251713923046,1845.399167860441,34798.76199746132,3.0,0.42857142857142855,6.0,4126.448428571429,139.72471428571427,318.7685714285714,4571.5707142857145,150.53271428571426,4,0,39,7.2
AS14.13,2014-03-29,7.6,7.8,7.942857142857143,0.5740416444159833,7.4,8.8,1.4000000000000004,-0.10000000000000038,-1.0,0.2857142857142857,1.2798809468443686,1.2,1.342857142857143,0.37796447300922686,0.3355837397178655,0.2491109978499554,0.1952072283013296,0.11329565294857608,3650.5239992141715,4732.012999773025,1899.6222538473623,33124.09099841117,3.0,0.42857142857142855,4.0,4295.628857142857,132.09542857142858,722.5578571428571,4855.999857142857,242.53085714285712,5,1,40,6.2
AS14.13,2014-03-30,7.2,7.3999999999999995,7.771428571428572,0.5936168397046612,7.2,8.8,1.6000000000000005,-0.1142857142857146,-1.8,-0.17142857142857143,1.382888626166602,1.0,1.2571428571428573,0.37796447300922686,0.37008537798408486,0.2712544157580124,0.23465178235353304,0.12004056214817051,4350.742001533508,4099.064571414675,657.6484148895181,28693.45199990272,3.0,0.42857142857142855,4.0,3926.2822857142855,76.81342857142859,721.881,4393.8851428571425,212.80314285714286,6,1,41,7.0
AS14.13,2014-03-31,6.2,7.0,7.6000000000000005,0.840634680861231,6.2,8.8,2.6000000000000005,-0.3357142857142859,-0.6,-0.4857142857142857,1.142261749671197,0.8,1.2285714285714284,0.4070801956792856,0.1106315203947191,0.2721002126988898,0.2334330518572763,0.12144361119155517,5340.082999944685,4140.5507141522,732.5091547511381,28983.8549990654,3.0,0.42857142857142855,2.0,4113.390142857143,82.91000000000001,699.8498571428571,4565.473857142858,192.37142857142857,0,0,42,7.5
AS14.13,2014-04-01,7.0,6.8,7.342857142857143,0.6704653678780184,6.2,8.4,2.2,-0.22857142857142904,-1.2,-0.7999999999999999,0.9521904571390464,0.6,1.0571428571428572,0.37796447300922686,0.2922268907563025,0.2576479297117021,0.2312636097214476,0.12002919347757905,3839.038997888564,4237.7692852020255,616.4091180155157,29664.38499641418,2.0,0.2857142857142857,2.0,4187.050857142857,80.05871428571429,777.101,4651.232714285714,210.65942857142858,1,0,43,7.4
AS14.13,2014-04-02,7.5,6.900000000000001,7.328571428571428,0.6651172470932847,6.2,8.4,2.2,-0.175000000000001,-1.5,-1.1857142857142855,0.3848314411469492,1.0,0.9428571428571428,0.19023794624226767,0.43874834656084655,0.280535585903956,0.27986073274940276,0.12606360904221678,3596.219000577928,4223.891999653408,631.6141291049834,29567.243997573853,5.0,0.7142857142857143,5.0,3968.9271428571424,71.26214285714286,776.9821428571429,4458.673285714286,280.73214285714283,2,0,44,7.6
AS14.13,2014-04-03,7.4,7.3,7.185714285714286,0.4775931721614488,6.2,7.6,1.3999999999999995,-0.014285714285714604,-1.2,-1.2142857142857142,0.3760699023168049,1.0,0.9428571428571428,0.19023794624226767,0.37120794503799426,0.36739439411838104,0.28951113571769993,0.13068947249866836,6580.184997320175,4490.611142226628,1096.0829548530314,31434.277995586395,4.0,0.5714285714285714,4.0,4212.106857142857,73.76285714285714,785.6031428571429,4691.908857142857,265.9731428571429,3,0,45,7.8
AS14.13,2014-04-04,7.6,7.5,7.214285714285714,0.4980915960897505,6.2,7.6,1.3999999999999995,0.06071428571428507,-0.8,-1.157142857142857,0.40766466144427566,1.4,1.0,0.2581988897471606,0.30396614520281895,0.37130747893388655,0.3174928522363759,0.10351683542379132,6702.100999593735,4865.55614229611,1350.5749267957867,34058.89299607277,7.0,1.0,10.0,4689.813428571429,68.81014285714286,740.2810000000001,5239.397714285714,331.7015714285714,4,0,46,6.8
AS14.13,2014-04-05,7.8,7.6000000000000005,7.242857142857143,0.5287001130355531,6.2,7.8,1.5999999999999996,0.17857142857142838,-0.6,-1.1,0.4582575694955836,1.0,0.9714285714285715,0.24299715851758177,0.19674225941227172,0.29063878321769493,0.2976583550498626,0.11239364291331148,5072.420003414155,5068.684142896107,1239.7565925923243,35480.78900027275,7.0,1.0,13.0,4396.307428571429,56.74728571428572,370.103,4854.326,284.0232857142857,5,1,47,6.25
AS14.13,2014-04-06,6.8,7.3999999999999995,7.185714285714285,0.555063273956434,6.2,7.8,1.5999999999999996,0.12499999999999976,0.2,-0.8142857142857143,0.5610364558225287,0.8,0.942857142857143,0.25071326821120293,0.15646127217935726,0.21905655893148257,0.26714062564918717,0.1182973694477649,6713.724999904632,5406.2531426634105,1330.1019477789746,37843.771998643875,7.0,1.0,13.0,4647.797285714286,55.80114285714286,289.0257142857143,5075.236714285714,266.27671428571426,6,1,48,7.4
AS14.13,2014-04-07,6.25,6.95,7.192857142857142,0.5403922737454772,6.25,7.8,1.5499999999999998,-0.11607142857142942,0.25,-0.6928571428571428,0.6918746101646421,0.75,0.9357142857142858,0.25611567327135176,0.32032102320237915,0.22450818493133604,0.2970962689074244,0.09662407949093561,3992.66599869728,5213.764999628067,1434.661137588889,36496.35499739647,7.0,1.0,13.0,4383.543142857143,37.25742857142858,350.64685714285713,4892.066285714286,293.81457142857147,0,0,49,8.2
AS14.13,2014-04-08,7.4,6.816666666666666,7.25,0.53774219349672,6.25,7.8,1.5499999999999998,-0.12142857142857182,-0.4,-0.5785714285714285,0.6594550419709835,1.0,0.9928571428571429,0.20902266908274786,0.30800465676571875,0.26159565071581836,0.29935023548019807,0.09667557081094648,5141.261999368668,5399.796856982367,1305.2870450454038,37798.57799887657,7.0,1.0,14.0,4658.254571428572,28.92228571428572,377.81742857142854,5144.919714285715,266.9704285714286,1,0,50,7.8
AS14.13,2014-04-09,8.2,7.283333333333334,7.35,0.6461423991660018,6.25,8.2,1.9499999999999993,0.016071428571428115,0.8,-0.25,0.6958208581716028,1.4,1.05,0.25980762113533107,0.12433551478229142,0.2508870649167964,0.25443411665469023,0.09412147375016452,8083.63500213623,6040.856285776411,1372.1054008548597,42285.994000434875,6.0,0.8571428571428571,11.0,5283.123285714285,34.66957142857144,346.0704285714286,5737.478428571429,220.69914285714285,2,0,51,7.6
AS14.13,2014-04-10,7.8,7.8,7.407142857142857,0.6685983918046815,6.25,8.2,1.9499999999999993,0.07142857142857079,-0.2,-0.10714285714285714,0.5570970677154403,1.2,1.0785714285714285,0.2643500565177774,0.19026514823987342,0.20753510659596117,0.2285851456835301,0.08057859034887485,8079.691996574402,6255.071571384157,1572.7257475872946,43785.5009996891,10.0,1.4285714285714286,11.0,5400.108285714286,28.07257142857144,332.5187142857143,5882.028428571429,250.8827142857143,3,0,52,6.8
AS14.13,2014-04-11,7.6,7.866666666666666,7.4071428571428575,0.6685983918046815,6.25,8.2,1.9499999999999993,0.11964285714285607,0.6,0.09285714285714285,0.5167434658743238,1.0,1.0214285714285716,0.22334044054078542,0.3092114046758542,0.20793735589933962,0.22933446846539227,0.08141644335740897,4733.812999010086,5973.887571300779,1653.3672159041616,41817.21299910545,8.0,1.1428571428571428,4.0,4951.844285714286,28.07257142857144,342.1142857142857,5387.194142857144,210.82042857142855,4,0,53,6.8
AS14.13,2014-04-12,6.8,7.3999999999999995,7.264285714285713,0.6774426702153978,6.25,8.2,1.9499999999999993,0.11071428571428535,0.6,0.2642857142857143,0.442261504197728,1.2,1.05,0.2327373340628151,0.46870776282540977,0.3227281052470457,0.2681866832386977,0.1193333449530411,3541.379999160767,5755.167570693152,1878.4443539653826,40286.172994852066,9.0,1.2857142857142858,1.0,4638.200285714285,26.34242857142858,338.8347142857143,5052.326285714285,200.84271428571427,5,1,54,6.6
AS14.13,2014-04-13,6.8,7.066666666666666,7.264285714285714,0.6774426702153978,6.25,8.2,1.9499999999999993,-0.005357142857143885,0.6,0.32142857142857145,0.4581276594803584,1.0,1.0785714285714285,0.20788046015507436,0.09549919484702095,0.29113945411609493,0.259477815048364,0.13054384562324875,4536.360000371931,5444.115427902767,1873.53074191044,38108.80799531937,13.0,1.8571428571428572,7.0,4488.803285714286,16.586571428571435,375.92999999999995,4926.842571428571,231.9701428571429,6,1,55,6.8
AS14.13,2014-04-14,6.6,6.733333333333333,7.314285714285715,0.598410593234474,6.6,8.2,1.5999999999999996,-0.22142857142857145,0.2,0.3142857142857142,0.4598136268408868,0.8,1.0857142857142856,0.19518001458970596,0.1513406794183811,0.23851587903027058,0.2353377659363642,0.13301799634292333,6788.259999752047,5843.485999482019,1809.4311194261713,40904.40199637413,13.0,1.8571428571428572,9.0,4934.185285714287,10.244428571428577,323.10828571428567,5274.672571428571,212.69000000000003,0,0,56,6.0
AS14.13,2014-04-15,6.8,6.733333333333333,7.228571428571428,0.6264031867582965,6.6,8.2,1.5999999999999996,-0.2642857142857147,-0.6,0.2857142857142857,0.5145501965424788,1.0,1.0857142857142856,0.19518001458970596,0.26101854320329393,0.16928613915623195,0.22862546399887498,0.1298886474534014,3772.5539994239816,5647.956285204206,1965.2083678352162,39535.69399642944,12.0,1.7142857142857142,8.0,4806.507571428571,8.643857142857149,222.70485714285715,5171.893571428572,238.63599999999997,1,0,57,6.0
AS14.13,2014-04-16,6.0,6.466666666666666,6.914285714285714,0.6094494002200417,6.0,7.8,1.7999999999999998,-0.2571428571428582,-0.8,0.05714285714285713,0.5968169536721247,0.2,0.9142857142857144,0.3436498771936893,0.36993455507009726,0.2607645925639241,0.2637110411828472,0.13019296323220525,5721.915001153945,5310.567713635309,1655.716628131634,37173.97399544716,12.0,1.7142857142857142,9.0,4435.407714285714,0.7431428571428652,225.63442857142854,4838.399285714287,289.23099999999994,2,0,58,6.4
AS14.13,2014-04-17,6.0,6.266666666666667,6.6571428571428575,0.550324579550232,6.0,7.6,1.5999999999999996,-0.22857142857142904,-0.25,0.04999999999999998,0.6006940430313358,0.75,0.85,0.3227486121839508,0.3382828282828283,0.32307864218540644,0.2848564240461265,0.12828224596382876,5592.763998746873,4955.292285374233,1152.9980019869006,34687.04599761963,10.0,1.4285714285714286,9.0,4098.0698571428575,0.0,235.38757142857142,4500.699428571429,279.4855714285714,3,0,59,3.5
AS14.13,2014-04-18,6.4,6.133333333333333,6.485714285714286,0.3625307868699815,6.0,6.8,0.7999999999999998,-0.12142857142857182,-1.2,-0.20714285714285713,0.7026311096090716,1.0,0.85,0.3227486121839508,0.04141105260380633,0.2498761453189106,0.24659923089297678,0.15661268668100642,4489.193000793456,4920.346571343286,1164.4793832301998,34442.425999403,11.0,1.5714285714285714,10.0,4084.6734285714288,0.0,266.48371428571426,4467.190428571428,262.79242857142856,4,0,60,7.2
AS14.13,2014-04-19,3.5,5.3,6.014285714285713,1.1582005747833866,3.5,6.8,3.3,-0.39642857142857196,-1.0,-0.43571428571428567,0.6549263862668616,-1.0,0.5357142857142857,0.7341175460568771,0.1181818181818182,0.1659585663561509,0.19652409594389228,0.1269982937718212,529.6150004863741,4490.094428675516,2009.030860059997,31430.661000728607,10.0,1.4285714285714286,10.0,3857.7144285714285,0.0,222.40528571428572,4200.732285714285,229.27542857142856,5,1,61,6.6
AS14.13,2014-04-20,7.2,5.7,6.071428571428571,1.2120427463780374,3.5,7.2,3.7,-0.15714285714285767,-0.6,-0.6071428571428571,0.46942213716136355,1.0,0.5357142857142857,0.7341175460568771,0.24085059179676505,0.13348115419412981,0.21728858122242717,0.11938178279264909,5189.620001077651,4583.417285919189,2026.6335556603774,32083.921001434326,7.0,1.0,4.0,3975.089,0.4982857142857223,201.06085714285715,4340.124000000001,236.5565714285714,6,1,62,7.4
AS14.13,2014-04-21,6.6,5.766666666666667,6.071428571428571,1.2120427463780374,3.5,7.2,3.7,-0.0250000000000007,-1.6,-0.8642857142857144,0.4460140933071182,0.6,0.5071428571428571,0.7259640552560499,0.26218487394957973,0.2070724279760543,0.23312346615545554,0.11649277993284807,2509.4930009841914,3972.164857523782,1891.5551468715744,27805.154002666473,7.0,1.0,2.0,3467.4842857142858,2.134000000000008,203.82028571428572,3826.8492857142855,226.92699999999996,0,0,63,5.75
AS14.13,2014-04-22,7.4,7.066666666666666,6.1571428571428575,1.2908100077821185,3.5,7.4,3.9000000000000004,0.2214285714285709,-1.4,-0.9785714285714286,0.46891465362147916,1.0,0.5071428571428571,0.7259640552560499,0.15710176822377517,0.2200457446567066,0.21827821258695285,0.1189410911734717,4593.550000190733,4089.450000490461,1902.5364477222222,28626.150003433228,7.0,1.0,2.0,3425.2775714285713,2.134000000000008,193.16614285714286,3771.3707142857143,214.96314285714283,1,0,64,7.4
AS14.13,2014-04-23,5.75,6.583333333333333,6.121428571428572,1.2993130052894422,3.5,7.4,3.9000000000000004,0.15535714285714183,-1.25,-1.042857142857143,0.4711940253481669,0.75,0.5857142857142856,0.7168881163951394,0.27103526538463674,0.2301073025193305,0.20414974263188707,0.1026874414415342,2886.4410009384155,3684.382286173957,1795.9027122782272,25790.676003217697,5.0,0.7142857142857143,2.0,3210.1448571428577,2.134000000000008,238.38271428571426,3514.2588571428573,179.80342857142858,2,0,65,7.666666666666667
AS14.13,2014-04-24,7.4,6.8500000000000005,6.321428571428571,1.382587291655618,3.5,7.4,3.9000000000000004,0.27499999999999974,-0.8,-1.1214285714285714,0.34623828843868754,1.0,0.6214285714285713,0.732494108541235,0.43857334881770976,0.28890346080870716,0.21847695985115584,0.1283186932192898,3616.485000371933,3402.056714977537,1589.357023835247,23814.397004842758,6.0,0.8571428571428571,4.0,2976.5105714285714,2.134000000000008,286.15014285714284,3294.590428571428,198.10785714285717,3,0,66,7.75
AS14.13,2014-04-25,7.666666666666667,6.93888888888889,6.502380952380952,1.4744248273237157,3.5,7.666666666666667,4.166666666666667,0.43035714285714266,1.0,-0.8071428571428572,0.8681534865393766,1.0,0.6214285714285713,0.732494108541235,0.4378101065601064,0.38247290692081753,0.2751053961306273,0.12456682098693939,3334.201001405713,3237.0578579221446,1515.9431184033156,22659.405005455013,6.0,0.8571428571428571,3.0,2941.949285714286,2.134000000000008,310.884,3302.950428571429,238.7047142857143,4,0,67,8.8
AS14.13,2014-04-26,7.75,7.605555555555557,7.109523809523809,0.7077518621753656,5.75,7.75,2.0,0.13511904761904722,-0.25,-0.7000000000000001,0.8864724097981463,1.25,0.9428571428571428,0.20902266908274816,0.44056884395745244,0.43898409977842284,0.3211606855271465,0.11619442960361583,2668.4059994220734,3542.599429198673,1010.6210777582036,24798.196004390713,6.0,0.8571428571428571,3.0,3284.1551428571433,2.134000000000008,458.66628571428566,3730.9247142857143,266.8867142857143,5,1,68,8.0
AS14.13,2014-04-27,8.8,8.072222222222223,7.338095238095238,0.9564940942739545,5.75,8.8,3.0500000000000007,0.3291666666666662,-1.8,-0.8714285714285713,0.9754730232290478,1.6,1.0285714285714285,0.3264163277895562,0.169494766505636,0.34929123900773157,0.31096699619984236,0.12703827084019692,3449.52199935913,3294.014000381741,706.1106396624651,23058.098002672188,5.0,0.7142857142857143,3.0,3313.8172857142854,1.6357142857142937,490.6808571428572,3767.875714285714,241.49085714285712,6,1,69,8.166666666666666
AS14.13,2014-04-28,8.0,8.183333333333335,7.538095238095238,0.9221911450108966,5.75,8.8,3.0500000000000007,0.2946428571428566,-0.5,-0.7142857142857143,0.9258843906027924,1.5,1.157142857142857,0.30608900044019266,0.2649346728151076,0.2916660944260653,0.3113598246092035,0.1268664210198048,8140.1279995441455,4098.390428747449,1885.5481536093025,28688.733001232144,5.0,0.7142857142857143,3.0,4108.755714285714,0.0,582.7532857142858,4637.765142857143,261.3957142857143,0,0,70,8.5
AS14.13,2014-04-29,8.166666666666666,8.322222222222223,7.647619047619047,0.9482160917289674,5.75,8.8,3.0500000000000007,0.34226190476190427,-1.6666666666666667,-0.7523809523809524,0.963521154865328,1.0,1.157142857142857,0.30608900044019266,0.29876844002231007,0.24439929311435116,0.33159792058042276,0.10806361089690748,5612.179999828338,4243.90900012425,1967.6507701439828,29707.36300086975,5.0,0.7142857142857143,3.0,4400.680714285714,0.0,640.7144285714286,4935.4292857142855,247.36214285714286,1,0,71,7.833333333333333
AS14.13,2014-04-30,8.5,8.222222222222221,8.04047619047619,0.48988444809646153,7.4,8.8,1.4000000000000004,0.16249999999999953,-1.25,-0.7523809523809524,0.963521154865328,1.25,1.2285714285714284,0.2480879260415935,0.325002877061394,0.2962353299662705,0.339307579391388,0.10490158206802944,5782.096000432966,4657.574000052043,1938.8727856427968,32603.0180003643,5.0,0.7142857142857143,2.0,4776.570857142857,0.0,596.4777142857143,5367.017857142857,220.9457142857143,2,0,72,8.333333333333334
AS14.13,2014-05-01,7.833333333333333,8.166666666666666,8.102380952380953,0.41749124757166384,7.666666666666667,8.8,1.1333333333333337,0.04880952380952262,-1.1666666666666667,-0.8047619047619048,0.9764217689602535,1.0,1.2285714285714284,0.2480879260415935,0.29367141217445164,0.3058142430860518,0.3186073027280654,0.09596484436425917,5447.480001211166,4919.144714457647,1898.0918746821858,34434.01300120353,2.0,0.2857142857142857,0.0,5117.994571428571,0.0,604.965,5666.924857142857,170.4518571428571,3,0,73,8.0
AS14.13,2014-05-02,8.333333333333334,8.222222222222223,8.197619047619046,0.375453869956898,7.75,8.8,1.0500000000000007,0.011309523809523249,-1.0,-1.0904761904761906,0.5671449895339277,2.0,1.3714285714285714,0.35807022455697984,0.1467776308054086,0.2551506400137514,0.27703123476310865,0.09871815929096647,3981.6289992332463,5011.63442843301,1822.2479387109743,35081.44099903107,0.0,0.0,0.0,5286.416428571429,0.0,594.3737142857143,5858.434,133.5452857142857,4,0,74,7.25
AS14.13,2014-05-03,8.0,8.055555555555555,8.233333333333333,0.3355481971231489,7.833333333333333,8.8,0.9666666666666677,-0.07380952380952424,-1.4,-1.2547619047619047,0.4340500787921491,0.8,1.3071428571428572,0.41875666305999604,0.22384322876155907,0.2214307572471397,0.2460704325922667,0.06812496520704268,3893.2819995880122,5186.616714171001,1605.6767204277749,36306.316999197006,0.0,0.0,0.0,5437.338428571428,0.0,508.9604285714286,6005.449571428572,136.82542857142857,5,1,75,8.0
AS14.14,2014-03-19,7.0,7.0,7.0,0.0,7.0,7.0,0.0,-9.310639696752773e-16,0.3333333333333333,0.3333333333333333,0.0,0.6666666666666666,0.6666666666666666,0.0,0.1733855664203312,0.1733855664203312,0.1733855664203312,0.0,0.0,0.0,0.0,0.0,24.0,3.4285714285714284,7.0,0.0,0.0,0.0,0.0,0.0,2,0,30,7.0
AS14.14,2014-03-20,7.0,7.0,7.0,0.0,7.0,7.0,0.0,-9.310639696752773e-16,0.3333333333333333,0.3333333333333333,0.0,0.6666666666666666,0.6666666666666666,0.0,0.1733855664203312,0.1733855664203312,0.1733855664203312,0.0,0.0,0.0,0.0,0.0,24.0,3.4285714285714284,8.0,0.0,0.0,0.0,0.0,0.0,3,0,31,6.4
AS14.14,2014-03-21,7.0,7.0,7.0,0.0,7.0,7.0,0.0,-9.310639696752773e-16,0.3333333333333333,0.3333333333333333,0.0,0.6666666666666666,0.6666666666666666,0.0,0.1733855664203312,0.1733855664203312,0.1733855664203312,0.0,0.0,0.0,0.0,0.0,23.0,3.2857142857142856,4.0,0.0,0.0,0.0,0.0,0.0,4,0,32,5.8
AS14.14,2014-03-22,6.4,6.8,6.914285714285714,0.22677868380553629,6.4,7.0,0.5999999999999996,-0.06428571428571489,-0.6,0.19999999999999998,0.3527668414752787,0.4,0.6285714285714284,0.10079052613579391,0.1733855664203312,0.1733855664203312,0.1733855664203312,0.0,6395.692998886109,913.6704284123014,2417.344733852792,6395.692998886109,27.0,3.857142857142857,3.0,457.8757142857143,30.701285714285717,201.7027142857143,814.2992857142856,237.12785714285715,5,1,33,6.0
AS14.14,2014-03-23,5.8,6.3999999999999995,6.742857142857143,0.472077475481666,5.8,7.0,1.2000000000000002,-0.17142857142857193,-0.6,0.06666666666666665,0.4554200340426488,0.0,0.5333333333333333,0.25531389540169014,0.09600046671698097,0.14759053318588114,0.16233055217699546,0.02924881842814328,6923.871999740599,1902.7949998038155,3253.216119622853,13319.564998626709,18.0,2.5714285714285716,3.0,1276.3145714285715,45.22614285714286,467.7142857142857,1998.8124285714287,534.632,6,1,34,6.5
AS14.14,2014-03-24,6.0,6.066666666666666,6.6000000000000005,0.5291502622129183,5.8,7.0,1.2000000000000002,-0.214285714285715,-0.6,-0.06666666666666667,0.49888765156985887,0.2,0.4666666666666667,0.2748737083745107,0.0664366525273635,0.11194089522155855,0.1470521359065715,0.04577549726768278,5408.882001876832,2675.492428643363,3366.330315663335,18728.44700050354,15.0,2.142857142857143,3.0,1749.8907142857145,90.30857142857144,618.0845714285715,2820.4015714285715,806.0561428571428,0,0,35,5.75
AS14.14,2014-03-25,6.5,6.1000000000000005,6.528571428571429,0.4990467102863412,5.8,7.0,1.2000000000000002,-0.1678571428571438,-1.0,-0.2571428571428572,0.5701573160798387,0.25,0.40714285714285714,0.26940557729817893,0.08183477959828252,0.08142396628087566,0.13397345207485026,0.04989132707938028,8249.674000263216,3854.017285823822,3700.9880065922243,26978.121000766754,15.0,2.142857142857143,3.0,2536.4945714285714,108.48757142857143,753.8870000000001,3919.603428571428,1023.1178571428571,1,0,36,7.0
AS14.14,2014-03-26,5.75,6.083333333333333,6.3500000000000005,0.5251983752196249,5.75,7.0,1.25,-0.18392857142857247,-0.25,-0.3404761904761905,0.5087982521350298,0.0,0.31190476190476196,0.27999905517603246,0.0869440958385846,0.07840517598807688,0.12162467056317217,0.04920343122097686,7925.853999137879,4986.282142843519,3534.027739586648,34903.97499990463,11.0,1.5714285714285714,2.0,3302.7092857142857,108.48757142857143,921.4147142857144,5144.491714285714,1234.374,2,0,37,6.6
AS14.14,2014-03-27,7.0,6.416666666666667,6.3500000000000005,0.5251983752196249,5.75,7.0,1.25,-0.021428571428572,-0.2,-0.4166666666666667,0.4239365780658968,1.0,0.3595238095238095,0.3656370826249386,0.13618336177266901,0.10165407906984537,0.11631006989922042,0.044461436758501345,7792.341999769211,6099.473857096264,2865.6792141029555,42696.31699967384,12.0,1.7142857142857142,2.0,3957.825714285714,126.81271428571429,1026.2707142857143,6173.536428571429,1482.6364285714285,3,0,38,6.2
AS14.14,2014-03-28,6.6,6.449999999999999,6.292857142857143,0.46046043209358406,5.75,7.0,1.25,0.09821428571428491,-1.0,-0.6071428571428571,0.31679195516480974,0.8,0.3785714285714286,0.3871446142992982,0.08024686578120244,0.10112477446415202,0.10300454123648775,0.038001313330252556,8822.625002145767,7359.8488574028015,1180.7383978151186,51518.94200181961,12.0,1.7142857142857142,2.0,4830.115,126.81271428571429,1167.0278571428573,7278.388428571428,1691.3788571428572,4,0,39,8.0
AS14.14,2014-03-29,6.2,6.599999999999999,6.264285714285714,0.45890656793647955,5.75,7.0,1.25,0.10357142857142805,-0.4,-0.5785714285714285,0.3264163277895562,0.6,0.40714285714285714,0.39626229889280346,0.0696839987353426,0.09537140876307136,0.08819003156720366,0.023399005884854798,7536.258999109269,7522.786857434682,1101.5550720121523,52659.50800204278,4.0,0.5714285714285714,2.0,5035.682428571429,98.44528571428573,1042.1147142857144,7400.922571428571,1706.2459999999999,5,1,40,6.5
AS14.14,2014-03-30,8.0,6.933333333333333,6.578571428571428,0.7493648103878509,5.75,8.0,2.25,0.22321428571428523,-0.25,-0.5285714285714286,0.3486368010517808,1.25,0.5857142857142856,0.4589065679364788,0.16564287093948113,0.10519124515200873,0.09813894645613226,0.037705335466230186,3667.639998197557,7057.6108572142475,1837.991602325111,49403.27600049973,5.0,0.7142857142857143,3.0,4521.459,85.55614285714285,815.5515714285715,6710.556142857144,1570.1104285714284,6,1,41,6.75
AS14.14,2014-03-31,6.5,6.900000000000001,6.6499999999999995,0.7076957915187386,5.75,8.0,2.25,0.1321428571428565,-1.0,-0.5857142857142856,0.39233731842455594,1.0,0.7000000000000001,0.4462809279665294,0.009551822310687779,0.08162623066183718,0.0900125421394643,0.049850656849424364,1404.8240008354192,6485.602571351189,2805.1921156093404,45399.21799945832,6.0,0.8571428571428571,3.0,4091.7851428571425,40.47371428571428,665.1812857142858,5988.642285714285,1350.989857142857,0,0,42,6.2
AS14.14,2014-04-01,6.75,7.083333333333333,6.685714285714285,0.7051679975451988,5.75,8.0,2.25,0.12142857142857116,-0.25,-0.4785714285714286,0.36154430670982174,0.75,0.7714285714285715,0.39985116278554494,0.0465551757426134,0.0739166229975941,0.08497259873151156,0.05252679890144489,2273.146999597549,5631.812999827523,3075.2982062302362,39422.690998792656,10.0,1.4285714285714286,5.0,3408.476,22.29471428571429,529.3788571428571,5097.0812857142855,1232.6547142857144,1,0,43,7.0
AS14.14,2014-04-02,6.2,6.483333333333333,6.75,0.621154838452808,6.2,8.0,1.7999999999999998,-0.06428571428571507,0.0,-0.4428571428571429,0.3983597321397786,0.4,0.8285714285714285,0.28263218567769727,0.0520055667194414,0.0360375215909142,0.0799813802859197,0.05394895764337086,430.88399982452404,4561.102999925614,3427.9939073454025,31927.720999479297,9.0,1.2857142857142858,4.0,2660.485,22.294714285714285,366.4862857142857,3928.3995714285716,1053.6382857142858,2,0,44,7.333333333333333
AS14.14,2014-04-03,7.0,6.6499999999999995,6.75,0.621154838452808,6.2,8.0,1.7999999999999998,-0.0017857142857142557,-1.0,-0.5571428571428572,0.43053123331198956,1.0,0.8285714285714285,0.28263218567769727,0.06348750312481978,0.05401608186229153,0.06959625762194122,0.04799543387376332,779.8729991912842,3559.3217141287673,3350.091740164659,24915.25199890137,8.0,1.1428571428571428,3.0,2038.582142857143,3.9695714285714243,271.87771428571426,2987.603428571429,858.4012857142856,3,0,45,7.5
AS14.14,2014-04-04,7.333333333333333,6.844444444444444,6.854761904761905,0.6526806749797824,6.2,8.0,1.7999999999999998,0.039285714285713626,-0.5,-0.48571428571428577,0.3837471886045613,1.0,0.8571428571428571,0.28929306281083916,0.06938709391802698,0.061626721254096066,0.06804486164148758,0.04776876686228577,1367.3189992904668,2494.2779994351527,2466.4743936053806,17459.94599604607,7.0,1.0,3.0,1226.3757142857141,3.9695714285714243,137.77514285714287,2020.0831428571432,716.0555714285713,4,0,46,7.4
AS14.14,2014-04-05,7.5,7.277777777777779,7.04047619047619,0.6194275390959605,6.2,8.0,1.7999999999999998,0.014880952380951386,-1.0,-0.5714285714285714,0.42608405162317325,1.0,0.9142857142857143,0.26881574500371935,0.0038194444444444413,0.04556468049576374,0.0586356395999307,0.053531320665243916,307.5409996509551,1461.6039995125363,1182.9562389907874,10231.227996587755,6.0,0.8571428571428571,3.0,568.1165714285714,1.6357142857142815,60.985571428571426,1118.9592857142857,490.09000000000003,5,1,47,7.4
AS14.14,2014-04-06,7.4,7.411111111111111,6.954761904761905,0.49316760408028326,6.2,7.5,1.2999999999999998,0.1904761904761899,-1.6,-0.7642857142857142,0.5452173004976133,0.6,0.8214285714285714,0.24470584868562567,0.016678436911487748,0.029961658424653065,0.03735500616736022,0.026874447394113956,782.5010004043583,1049.4412855420794,683.343753976777,7346.088998794557,5.0,0.7142857142857143,2.0,294.07714285714286,0.0,32.862857142857145,740.4447142857143,404.2192857142857,6,1,48,7.0
AS14.14,2014-04-07,7.4,7.433333333333334,7.083333333333334,0.4716990566028318,6.2,7.5,1.2999999999999998,0.17321428571428515,-1.0,-0.7642857142857142,0.5452173004976133,1.0,0.8214285714285714,0.24470584868562567,0.029015236037917946,0.01650437246461672,0.04013549384267882,0.024412539427139376,996.7470002174374,991.144571168082,665.1368758412849,6938.011998176575,5.0,0.7142857142857143,2.0,331.95357142857137,0.0,48.53071428571428,776.0772857142857,399.0557142857143,0,0,49,6.8
AS14.14,2014-04-08,7.0,7.266666666666667,7.1190476190476195,0.45127684812185437,6.2,7.5,1.2999999999999998,0.1166666666666662,-0.2,-0.7571428571428571,0.5533448076836686,1.0,0.8571428571428571,0.2507132682112034,0.008827357154755954,0.018173676701387226,0.0347458054729849,0.02680633758960191,550.3640000820161,745.0327140944345,360.8329123074528,5215.228998661041,1.0,0.14285714285714285,1.0,263.0261428571428,0.0,67.66557142857143,646.941142857143,332.3812857142857,1,0,50,8.0
AS14.14,2014-04-09,6.8,7.066666666666666,7.204761904761904,0.26696411981733237,6.8,7.5,0.7000000000000002,-0.04880952380952393,-0.2,-0.7857142857142857,0.511300861947808,0.8,0.9142857142857144,0.15735915849388835,0.03959208683473389,0.02581156000913594,0.03297245120374096,0.025868423470224142,452.85699939727783,748.1717140333993,357.72675884504974,5237.201998233795,2.0,0.2857142857142857,1.0,254.44271428571423,0.0,63.030428571428565,645.9668571428572,338.96099999999996,2,0,51,6.666666666666667
AS14.14,2014-04-10,8.0,7.266666666666666,7.347619047619047,0.3819332610195368,6.8,8.0,1.2000000000000002,0.007142857142856837,0.3333333333333333,-0.5952380952380952,0.6481965212485563,1.0,0.9142857142857144,0.15735915849388835,0.11708683473389359,0.05516875957446116,0.04062949857646579,0.04030860226354392,1098.342000484467,793.6672856467111,381.8673270348207,5555.6709995269775,2.0,0.2857142857142857,1.0,246.8905714285714,0.0,54.64785714285714,609.8425714285714,308.0538571428571,3,0,52,7.75
AS14.14,2014-04-11,6.666666666666667,7.155555555555555,7.252380952380952,0.4610202626129184,6.666666666666667,8.0,1.333333333333333,-0.0678571428571434,-0.3333333333333333,-0.5714285714285714,0.6552999232549851,1.0,0.9142857142857144,0.15735915849388835,0.052010804321728686,0.06956324196345205,0.03814717149128032,0.038747261612869115,434.74799942970265,660.4428570951734,302.8865188075779,4623.099999666214,2.0,0.2857142857142857,1.0,193.69071428571428,0.0,52.17885714285715,516.2082857142857,275.1622857142857,4,0,53,7.5
AS14.14,2014-04-13,7.5,7.3055555555555545,7.302380952380951,0.49725436625725716,6.666666666666667,8.0,1.333333333333333,0.059523809523808896,0.0,-0.05714285714285715,0.6163555628808585,1.0,0.9714285714285715,0.07559289460184467,0.06368182159869594,0.04727686036749915,0.048050299409114115,0.03530471715622832,115.9870002269745,600.2838571412224,340.01431972547,4201.986999988557,4.0,0.5714285714285714,1.0,170.56199999999995,0.0,50.342,442.309,226.86585714285712,6,1,55,7.5
AS14.14,2014-04-14,7.5,7.583333333333333,7.3166666666666655,0.5019406782125215,6.666666666666667,8.0,1.333333333333333,0.09464285714285649,0.0,0.08571428571428572,0.45658034174240186,1.0,0.9714285714285715,0.07559289460184467,0.0,0.029939925593589597,0.043905265689411554,0.03938012786691077,29.7229998111725,462.1375713688987,348.43084438205705,3234.962999582291,3.0,0.42857142857142855,1.0,88.78328571428571,0.0,34.67414285714286,311.2432857142857,183.96800000000002,0,0,56,6.0
AS14.14,2014-04-15,7.5,7.5,7.388095238095238,0.4846451819434029,6.666666666666667,8.0,1.333333333333333,0.06904761904761864,0.0,0.1142857142857143,0.4417377900205903,1.0,0.9714285714285715,0.07559289460184467,0.006666666666666667,0.023449496088454216,0.04359659561968451,0.03970800396732157,327.7780001163484,430.3395713738034,349.19314663440974,3012.376999616624,3.0,0.42857142857142855,0.0,60.160000000000004,0.0,15.539285714285715,269.916,169.39242857142858,1,0,57,6.0
AS14.14,2014-04-16,6.0,7.0,7.273809523809524,0.6950790750950013,6.0,8.0,2.0,-0.16369047619047664,-1.0,0.0,0.6085806194501846,0.3333333333333333,0.9047619047619048,0.25197631533948484,0.0018079959256429832,0.0028248875307698928,0.038198868346957245,0.04279146377144599,321.80199980735784,411.6174285752434,351.2916313166322,2881.322000026704,2.0,0.2857142857142857,0.0,60.22457142857143,0.0,17.75157142857143,251.32614285714288,153.45442857142856,2,0,58,6.2
AS14.14,2014-04-17,6.0,6.5,6.988095238095238,0.7552724726458063,6.0,7.75,1.75,-0.19642857142857206,0.5,0.02380952380952381,0.6267831705280087,0.25,0.7976190476190476,0.3464674335917916,0.05852007469654529,0.022331579096284988,0.029832188341621768,0.02794723324669852,742.986000061035,360.8522856576102,245.15629564120218,2525.9659996032715,2.0,0.2857142857142857,0.0,36.439571428571426,0.0,15.886714285714287,260.92199999999997,183.285,3,0,59,6.5
AS14.14,2014-04-18,6.2,6.066666666666666,6.921428571428572,0.8071849967929419,6.0,7.75,1.75,-0.326785714285715,0.0,0.07142857142857142,0.6074928962939559,0.4,0.7119047619047619,0.36192825738268003,0.05316001400560228,0.03782936154259686,0.029996361153603712,0.028102179189827024,801.4089996814732,413.23242855072033,297.218646209093,2892.6269998550424,2.0,0.2857142857142857,1.0,39.35485714285715,0.0,14.297857142857143,289.19957142857146,197.84914285714285,4,0,60,6.75
AS14.14,2014-04-19,6.5,6.233333333333333,6.742857142857143,0.7276838664721189,6.0,7.5,1.5,-0.25357142857142917,-1.0,-0.21428571428571427,0.5669467095138409,0.0,0.569047619047619,0.4216840764333653,0.020833333333333308,0.04417114067849364,0.029238558032355207,0.028294430472276016,106.7050001621246,349.4842856952123,309.84594609294555,2446.389999866486,0.0,0.0,1.0,32.725428571428566,0.0,4.809000000000002,252.6912857142857,172.7135714285714,5,1,61,7.5
AS14.14,2014-04-20,6.75,6.483333333333333,6.635714285714286,0.6485331434053634,6.0,7.5,1.5,-0.14464285714285768,0.25,-0.17857142857142858,0.5900968443520823,1.0,0.569047619047619,0.4216840764333653,0.0017390289449112958,0.02524412542794897,0.020389587653243117,0.02524943739320644,258.98600029945374,369.91271427699513,296.30355334231257,2589.3889999389658,0.0,0.0,2.0,43.88357142857142,0.0,4.809000000000002,273.0522857142857,178.18228571428568,6,1,62,7.0
AS14.14,2014-04-21,7.5,6.916666666666667,6.635714285714286,0.6485331434053634,6.0,7.5,1.5,0.0714285714285706,-1.0,-0.32142857142857145,0.6569228410153045,0.5,0.4976190476190476,0.376439037835277,0.00799778244631186,0.010190048241518831,0.021532128002716238,0.024337516630731294,863.2370004653926,488.98614294188366,304.1833914917525,3422.9030005931854,0.0,0.0,3.0,49.05357142857143,24.242714285714282,4.809000000000002,336.37128571428576,204.88814285714287,0,0,63,7.0
AS14.14,2014-04-22,7.0,7.083333333333333,6.564285714285715,0.5588039949408994,6.0,7.5,1.5,0.23392857142857076,0.25,-0.2857142857142857,0.6835655819026473,1.0,0.4976190476190476,0.37643903783527705,0.04212783797729616,0.017288216456173115,0.02659800961852046,0.02441805181729546,312.46099972724915,486.79800002915516,305.588164868011,3407.5860002040863,1.0,0.14285714285714285,3.0,54.09885714285714,24.242714285714282,7.401714285714287,339.7861428571428,212.47157142857142,1,0,64,7.0
AS14.14,2014-04-23,7.0,7.166666666666667,6.707142857142857,0.5167434658743283,6.0,7.5,1.5,0.19999999999999934,-0.4,-0.19999999999999998,0.6130524719249839,0.6,0.5357142857142857,0.3704887376991435,0.007632545771931953,0.01925272206518,0.027430088167990307,0.023515048672245836,727.9210000038145,544.8150000572203,307.587270549943,3813.7050004005428,2.0,0.2857142857142857,4.0,93.15285714285713,24.242714285714282,33.61314285714286,406.32099999999997,237.96371428571427,2,0,65,7.333333333333333
AS14.14,2014-04-24,7.0,7.0,6.8500000000000005,0.41733280085163427,6.2,7.5,1.2999999999999998,0.13035714285714226,-1.0,-0.41428571428571426,0.5892893217782794,0.3333333333333333,0.5476190476190477,0.36099509735931357,0.04466630042821724,0.03147556139248179,0.02545097755822916,0.020899867158440374,657.5240001678465,532.6061429296221,300.01326474648687,3728.2430005073547,2.0,0.2857142857142857,4.0,100.55857142857143,24.242714285714282,35.640571428571434,415.4567142857143,234.18614285714284,3,0,66,8.0
AS14.14,2014-04-25,7.333333333333333,7.111111111111111,7.011904761904762,0.33481812167679564,6.5,7.5,1.0,0.08928571428571336,0.3333333333333333,-0.36666666666666664,0.6396613687465161,1.0,0.6333333333333334,0.39015666369065416,0.06470588235294111,0.039001576184363444,0.027100387322134704,0.023716870454938137,620.213000059128,506.72100012642983,280.11231540093473,3547.047000885009,2.0,0.2857142857142857,3.0,101.56742857142856,24.242714285714282,33.04385714285715,400.392,214.0002857142857,4,0,67,8.0
AS14.14,2014-04-26,8.0,7.444444444444444,7.226190476190476,0.4214016671530472,6.75,8.0,1.25,0.12202380952380897,0.8,-0.10952380952380951,0.7014440886655254,1.4,0.8333333333333334,0.3696845502136474,0.005905695611577958,0.03842595946424544,0.024967867647598226,0.025010148523245856,805.6799995899205,606.5745714732578,234.6436974767593,4246.022000312805,2.0,0.2857142857142857,3.0,169.03928571428574,24.242714285714282,33.04385714285715,489.50514285714286,229.21071428571432,5,1,68,7.666666666666667
AS14.14,2014-04-29,7.444444444444445,7.703703703703703,7.492063492063492,0.41996052556581015,7.0,8.0,1.0,0.11904761904761799,0.3333333333333333,-0.13333333333333333,0.6949553676049728,1.0,0.9047619047619049,0.3417973037128833,0.0,0.04554084564860426,0.037076137301497294,0.04913237373978583,56.5980002880097,498.7908572128842,284.17079955158147,3491.5360004901895,2.0,0.2857142857142857,2.0,169.3377142857143,0.0,30.451142857142862,419.0034285714286,193.27985714285714,1,0,71,7.0
AS14.14,2014-04-30,7.222222222222222,7.444444444444444,7.523809523809524,0.38336975519019895,7.0,8.0,1.0,0.019841269841269448,0.6666666666666666,0.01904761904761906,0.7420834391682857,1.0,0.9619047619047618,0.3147183169877776,0.0037037037037037,0.002276234567901232,0.036514874148893255,0.04954548419319688,170.51099991798395,419.16085720062273,287.3437963958886,2934.1260004043593,1.0,0.14285714285714285,1.0,124.47071428571428,0.0,2.0274285714285756,341.13085714285717,165.01428571428573,2,0,72,6.0
AS14.14,2014-05-01,7.0,7.222222222222221,7.523809523809524,0.38336975519019895,7.0,8.0,1.0,-0.11111111111111155,1.0,0.30476190476190473,0.6653956137151212,1.0,1.0571428571428572,0.15118578920369172,0.05674603174603173,0.020149911816578478,0.038240550051438185,0.05008415968766732,172.0380001068115,349.80571433476064,278.68157206227306,2448.6400003433246,1.0,0.14285714285714285,1.0,116.3437142857143,0.0,0.0,294.84328571428574,137.6144285714286,3,0,73,6.666666666666667
AS14.14,2014-05-02,6.0,6.7407407407407405,7.333333333333333,0.6968476934158082,6.0,8.0,2.0,-0.3015873015873022,0.0,0.2571428571428572,0.674870161919858,0.5,0.9857142857142858,0.26095064302514814,0.08296407075071079,0.04780460206681541,0.040848862679691,0.05212596080051495,302.8090000152587,304.462285757065,251.88519773246753,2131.236000299455,1.0,0.14285714285714285,1.0,131.181,0.0,25.644428571428573,282.0034285714286,123.76985714285715,4,0,74,6.8
AS14.14,2014-05-03,6.666666666666667,6.5555555555555545,7.142857142857143,0.6657842484550762,6.0,8.0,2.0,-0.27777777777777934,0.3333333333333333,0.19047619047619047,0.6341264874742278,1.0,0.9285714285714286,0.18898223650461415,0.0125,0.05073670083224751,0.04179090616375129,0.05144433189584936,288.2680001258849,230.54628583363134,123.47398507030428,1613.8240008354194,1.0,0.14285714285714285,1.0,59.112428571428566,0.0,25.644428571428573,206.11685714285713,123.10014285714286,5,1,75,6.8
AS14.14,2014-05-04,6.8,6.488888888888888,6.971428571428571,0.5532863710123664,6.0,7.666666666666667,1.666666666666667,-0.19206349206349282,0.2,0.3619047619047619,0.3628225621983998,1.0,0.9285714285714286,0.18898223650461415,0.0038194444444444413,0.033094505065051745,0.02326546437784152,0.032935536854648215,694.1940002441409,303.3655715329308,211.0298464440937,2123.5590007305154,1.0,0.14285714285714285,0.0,74.74199999999999,0.0,28.66371428571429,257.8462857142857,151.88500000000002,6,1,76,7.0
AS14.15,2014-03-13,6.5,6.5,6.5,0.0,6.5,6.5,0.0,-7.44851175740222e-16,-0.25,-0.25,0.0,0.5,0.5,0.0,0.0,0.0,0.0,0.0,0.0,0.0,0.0,0.0,52.0,7.428571428571429,1.0,0.0,0.0,0.0,0.0,0.0,3,0,24,6.5
AS14.15,2014-03-14,6.5,6.5,6.5,0.0,6.5,6.5,0.0,-7.44851175740222e-16,-0.25,-0.25,0.0,0.5,0.5,0.0,0.0,0.0,0.0,0.0,0.0,0.0,0.0,0.0,46.0,6.571428571428571,1.0,0.0,0.0,0.0,0.0,0.0,4,0,25,6.75
AS14.15,2014-03-15,6.5,6.5,6.5,0.0,6.5,6.5,0.0,-7.44851175740222e-16,-0.25,-0.25,0.0,0.5,0.5,0.0,0.0,0.0,0.0,0.0,243.0460002422333,34.7208571774619,91.86275339855622,243.0460002422333,48.0,6.857142857142857,2.0,5.023000000000001,0.0,0.0,18.71014285714286,13.687142857142858,5,1,26,6.166666666666667
AS14.15,2014-03-16,6.75,6.583333333333333,6.535714285714286,0.09449111825230683,6.5,6.75,0.25,0.026785714285713653,0.75,-0.10714285714285714,0.37796447300922725,0.5,0.5,0.0,0.0,0.0,0.0,0.0,165.01700019836426,58.29471434865679,102.07354582299484,408.06300044059753,45.0,6.428571428571429,2.0,22.786571428571428,0.0,0.0,42.249857142857145,19.463285714285714,6,1,27,6.4
AS14.15,2014-03-17,6.166666666666667,6.472222222222222,6.488095238095238,0.16961674819970213,6.166666666666667,6.75,0.583333333333333,-0.01785714285714293,-0.6666666666666666,-0.16666666666666666,0.4330127018922193,0.3333333333333333,0.4761904761904762,0.06299407883487121,0.0,0.0,0.0,0.0,0.0,58.29471434865679,102.07354582299484,408.06300044059753,44.0,6.285714285714286,2.0,22.786571428571428,0.0,0.0,42.249857142857145,19.463285714285714,0,0,28,7.2
AS14.15,2014-03-18,6.4,6.438888888888889,6.473809523809524,0.17263136245070634,6.166666666666667,6.75,0.583333333333333,-0.025595238095238785,0.0,-0.13095238095238096,0.4352977452091005,0.0,0.40476190476190477,0.1889822365046136,0.0,0.0,0.0,0.0,0.694999933242798,58.39400005340577,102.00770960852401,408.7580003738404,41.0,5.857142857142857,2.0,22.786571428571428,0.0,0.0,43.199,20.41242857142857,1,0,29,7.4
AS14.15,2014-03-19,7.2,6.588888888888889,6.5738095238095235,0.3254423119582003,6.166666666666667,7.2,1.0333333333333332,0.05595238095238057,0.4,-0.038095238095238085,0.4733366867755119,1.2,0.5047619047619047,0.35768213253740805,0.11873714520773347,0.039579048402577824,0.016962449315390496,0.04487842251506107,847.0879998207092,179.40657145636422,310.52469195467614,1255.8460001945496,47.0,6.714285714285714,2.0,130.04014285714285,0.717,0.0,237.21057142857143,90.50571428571428,2,0,30,7.0
AS14.15,2014-03-20,7.4,7.0,6.702380952380953,0.44663645953294906,6.166666666666667,7.4,1.2333333333333334,0.13392857142857104,0.2,0.0261904761904762,0.47030891570379163,1.2,0.6047619047619047,0.4436500837657949,0.07424952498481911,0.0643288900641842,0.027569524313221797,0.048803946077737685,0.0,179.40657145636422,310.52469195467614,1255.8460001945496,37.0,5.285714285714286,1.0,130.04014285714285,0.717,0.0,237.21057142857143,90.50571428571428,3,0,31,7.0
AS14.15,2014-03-21,7.0,7.2,6.773809523809525,0.4488521515691497,6.166666666666667,7.4,1.2333333333333334,0.1369047619047614,0.6,0.14761904761904762,0.4961358620889984,1.0,0.6761904761904762,0.4637664984443843,0.02976190476190475,0.07424952498481911,0.0318212249934939,0.04727427078056382,564.563999652863,260.05857140677324,328.9325708060563,1820.4099998474126,39.0,5.571428571428571,8.0,155.45057142857144,0.717,0.0,273.0261428571429,100.91085714285714,4,0,32,7.0
AS14.15,2014-03-22,7.0,7.133333333333333,6.845238095238096,0.43766153480471687,6.166666666666667,7.4,1.2333333333333334,0.12202380952380831,0.2,0.2119047619047619,0.4641513847189384,0.8,0.719047619047619,0.4586038162918625,0.06922398589065254,0.057745138545792135,0.041710365835015695,0.04674567802404072,820.1199998855589,342.49771421296253,390.50943374183714,2397.483999490738,39.0,5.571428571428571,7.0,178.31614285714286,0.717,0.0,303.9117142857143,106.48414285714287,5,1,33,7.0
AS14.15,2014-03-23,7.0,7.0,6.880952380952381,0.43879343949025035,6.166666666666667,7.4,1.2333333333333334,0.12499999999999903,-0.4,0.047619047619047616,0.44507891221134943,1.0,0.7904761904761904,0.4577377082170635,0.0710591929079324,0.05668169452016323,0.051861679107577476,0.0438010756868006,358.5930004119873,370.15142852919445,382.6208449693883,2591.059999704361,31.0,4.428571428571429,7.0,172.054,0.717,0.0,302.13842857142856,107.80585714285714,6,1,34,7.0
AS14.15,2014-03-24,7.0,7.0,7.0,0.3055050463303929,6.4,7.4,1.0,0.03571428571428493,0.2,0.17142857142857143,0.3147183169877773,1.0,0.8857142857142858,0.4140393356054126,0.1449275362318841,0.09507023834348967,0.07256561285498948,0.04912951468996503,19.579000234603882,372.94842856270924,379.5230451949706,2610.638999938965,30.0,4.285714285714286,7.0,172.054,0.717,0.0,307.8088571428571,112.03314285714285,0,0,35,7.0
AS14.15,2014-03-25,7.0,7.0,7.0857142857142845,0.15735915849389742,7.0,7.4,0.40000000000000036,-0.050000000000000655,1.0,0.3142857142857142,0.42983939414844796,0.8,1.0,0.16329931618554544,0.0,0.07199557637993884,0.07256561285498948,0.04912951468996503,326.5949997901914,419.5055713994162,344.6325345913468,2936.5389997959137,22.0,3.142857142857143,7.0,177.51214285714283,0.717,0.0,327.2264285714286,121.77685714285714,1,0,36,7.2
AS14.15,2014-03-26,7.0,7.0,7.057142857142858,0.15118578920369932,7.0,7.4,0.40000000000000036,-0.042857142857143815,0.8,0.3714285714285714,0.4680252333449758,1.0,0.9714285714285714,0.1380131118684711,0.0043103448275862,0.04974596035315676,0.056218927086397016,0.05023068044266935,525.9370002746581,373.6268571785518,296.19712592038894,2615.3880002498627,16.0,2.2857142857142856,7.0,107.64442857142856,0.0,0.0,178.34757142857143,59.43042857142857,2,0,37,7.0
AS14.15,2014-03-27,7.2,7.066666666666666,7.028571428571428,0.07559289460184554,7.0,7.2,0.20000000000000018,0.0214285714285707,1.4,0.5428571428571428,0.5968169536721256,0.8,0.9142857142857144,0.10690449676497003,0.22685185185185197,0.07705406555981271,0.07801925949597313,0.08226222163267911,844.0059995651249,494.19914283071245,290.48585769835535,3459.393999814987,18.0,2.5714285714285716,10.0,252.84342857142857,0.0,0.0,391.6388571428571,103.98914285714285,3,0,38,7.2
AS14.15,2014-03-28,7.0,7.066666666666666,7.028571428571429,0.07559289460184554,7.0,7.2,0.20000000000000018,0.01428571428571386,1.0,0.6,0.621825270205921,1.0,0.9142857142857144,0.10690449676497003,0.0,0.07705406555981271,0.07376755881570103,0.08586242144977434,0.462000131607056,413.6131428991045,341.4817297325315,2895.2920002937317,25.0,3.5714285714285716,3.0,227.433,0.0,0.0,355.8232857142857,93.58399999999999,4,0,39,7.0
AS14.15,2014-03-29,7.2,7.133333333333333,7.057142857142858,0.0975900072948535,7.0,7.2,0.20000000000000018,0.028571428571427908,1.2,0.7428571428571428,0.6294366339755545,1.0,0.9428571428571428,0.09759000729485365,0.04206349206349204,0.08963844797178133,0.06988748826896382,0.08671144836456304,805.4310002326959,411.5147143772669,338.6003581361027,2880.6030006408682,28.0,4.0,3.0,274.46742857142857,0.0,0.0,394.64542857142857,79.92557142857143,5,1,40,7.4
AS14.15,2014-03-30,7.0,7.066666666666667,7.057142857142858,0.0975900072948535,7.0,7.2,0.20000000000000018,0.014285714285714046,-1.2,0.6285714285714287,0.8901578244226989,0.8,0.9142857142857144,0.10690449676497003,0.325952380952381,0.12267195767195767,0.10630080084674219,0.12999974532531575,194.70199966430664,388.1017142704554,348.39419259739674,2716.7119998931876,38.0,5.428571428571429,3.0,270.48442857142857,0.0,7.087571428571429,391.066,80.77185714285714,6,1,41,7.2
AS14.15,2014-03-31,7.4,7.2,7.114285714285715,0.15735915849388898,7.0,7.4,0.40000000000000036,0.04285714285714252,-0.8,0.4857142857142857,1.038313651116674,1.0,0.9142857142857144,0.10690449676497003,0.25287698412698423,0.20696428571428574,0.1217221505460422,0.1412606511267583,538.0910003185273,462.1748571395873,309.9868444307587,3235.223999977111,43.0,6.142857142857143,3.0,339.33399999999995,0.0,29.370285714285718,474.23814285714286,96.53757142857141,0,0,42,7.2
AS14.15,2014-04-01,7.2,7.2,7.142857142857143,0.15118578920369136,7.0,7.4,0.40000000000000036,0.035714285714285116,0.2,0.3714285714285714,1.016061490452695,1.0,0.942857142857143,0.09759000729485365,0.0,0.19294312169312175,0.1217221505460422,0.1412606511267583,0.0,415.5184285981314,355.0908350699963,2908.6290001869197,55.0,7.857142857142857,10.0,333.87585714285717,0.0,29.370285714285718,453.87142857142857,85.84471428571429,1,0,43,7.2
AS14.15,2014-04-02,7.2,7.266666666666667,7.171428571428571,0.13801311186847148,7.0,7.4,0.40000000000000036,0.0214285714285707,0.6,0.3428571428571428,1.0047506205640329,1.0,0.942857142857143,0.09759000729485365,0.2718253968253967,0.17490079365079367,0.15993858654572943,0.1403860213236104,475.9370000362396,408.37557142121443,352.9962244479942,2858.628999948501,55.0,7.857142857142857,14.0,337.92285714285714,0.0,29.370285714285718,464.85942857142857,92.78571428571429,2,0,44,7.2
AS14.15,2014-04-03,7.2,7.2,7.171428571428572,0.13801311186847148,7.0,7.4,0.40000000000000036,0.028571428571427908,0.8,0.2571428571428571,0.9216961590045872,1.0,0.9714285714285715,0.07559289460184589,0.18948412698412717,0.15376984126984128,0.15460034013605445,0.1381095493085083,464.8029997348781,354.2037143026078,300.1405395429304,2479.4260001182547,55.0,7.857142857142857,12.0,234.54014285714285,0.0,31.38757142857143,307.0932857142857,59.49371428571429,3,0,45,7.2
AS14.15,2014-04-04,7.2,7.2,7.200000000000001,0.11547005383792609,7.0,7.4,0.40000000000000036,0.007142857142856279,0.6,0.19999999999999998,0.8793937305515278,1.0,0.9714285714285715,0.07559289460184589,0.0,0.15376984126984128,0.15460034013605445,0.1381095493085083,0.0,354.1377142838068,300.2313278267932,2478.9639999866477,45.0,6.428571428571429,12.0,234.54014285714285,0.0,31.38757142857143,307.0932857142857,59.49371428571429,4,0,46,7.8
AS14.15,2014-04-05,7.2,7.2,7.2,0.11547005383792609,7.0,7.4,0.40000000000000036,0.007142857142856651,0.6,0.11428571428571425,0.7904188160474829,1.0,0.9714285714285715,0.07559289460184589,0.1633802430677431,0.11762145668395675,0.17193130456523317,0.1289415202629086,740.1330001354224,344.8094285556249,284.4734063747069,2413.6659998893742,39.0,5.571428571428571,12.0,241.88628571428572,0.0,65.13000000000001,329.4868571428571,82.434,5,1,47,6.2
AS14.15,2014-04-06,7.8,7.400000000000001,7.314285714285715,0.22677868380553723,7.2,7.8,0.5999999999999996,0.04285714285714214,1.0,0.42857142857142855,0.5936168397046635,1.0,1.0,0.0,0.1381578947368421,0.10051271260152839,0.14510352082015618,0.10964756819125304,25.41400027275089,320.6254286425455,305.76075943010363,2244.3780004978184,33.0,4.714285714285714,12.0,234.36785714285716,0.0,58.04242857142857,314.92871428571425,78.11871428571429,6,1,48,6.8
AS14.15,2014-04-07,6.2,7.066666666666666,7.142857142857143,0.4720774754816659,6.2,7.8,1.5999999999999996,-0.06428571428571489,-0.2,0.5142857142857142,0.39761191895520165,0.0,0.8571428571428571,0.37796447300922725,0.00657894736842105,0.10270569505766874,0.1099180869975043,0.10881434498367114,423.74600005149745,304.2904286043984,295.07417255193803,2130.0330002307887,33.0,4.714285714285714,13.0,193.83685714285713,0.0,35.75971428571429,259.7024285714286,63.42342857142857,0,0,49,6.8
AS14.15,2014-04-08,6.8,6.933333333333334,7.0857142857142845,0.48795003647426655,6.2,7.8,1.5999999999999996,-0.09285714285714392,0.4,0.5428571428571428,0.37796447300922686,0.4,0.7714285714285714,0.40708019567928594,0.1067583732057415,0.08383173843700154,0.1251692831697531,0.09776091166260027,262.43000006675686,341.78042861393504,265.12064350510525,2392.4630002975455,25.0,3.5714285714285716,7.0,223.9437142857143,0.0,35.75971428571429,299.3378571428571,70.35228571428571,1,0,50,7.0
AS14.15,2014-04-09,6.8,6.6000000000000005,7.028571428571429,0.495695759225642,6.2,7.8,1.5999999999999996,-0.10714285714285796,0.2,0.4857142857142857,0.3976119189552016,0.6,0.7142857142857143,0.397611918955202,0.0,0.03777910685805418,0.08633708362326785,0.08261046223082445,0.0,273.789428608758,285.2455599511807,1916.5260002613059,25.0,3.5714285714285716,6.0,182.51085714285713,0.0,35.75971428571429,243.21714285714285,55.66442857142857,2,0,51,7.2
AS14.15,2014-04-10,7.0,6.866666666666667,7.0,0.48989794855663554,6.2,7.8,1.5999999999999996,-0.08571428571428634,0.0,0.3714285714285714,0.40708019567928555,1.0,0.7142857142857143,0.397611918955202,0.0087719298245614,0.03851010101010097,0.060521055457615595,0.07263917696156873,0.0,207.38900007520397,287.4605843498824,1451.7230005264278,22.0,3.142857142857143,5.0,140.69457142857144,0.0,33.74242857142857,187.69199999999998,44.39771428571429,3,0,52,7.0
AS14.15,2014-04-11,7.2,7.0,7.0,0.48989794855663554,6.2,7.8,1.5999999999999996,-0.03571428571428623,0.4,0.34285714285714286,0.39520940802374105,1.0,0.7142857142857143,0.397611918955202,0.00789473684210526,0.005555555555555553,0.06164887500648777,0.07159670336532993,232.9510002136229,240.6677143914358,272.54737632252403,1684.6740007400506,21.0,3.0,5.0,210.14142857142855,0.0,33.74242857142857,265.904,53.16285714285714,4,0,53,7.4
AS14.15,2014-04-12,7.0,7.066666666666666,6.971428571428571,0.4820590756130957,6.2,7.8,1.5999999999999996,-0.007142857142858141,0.4,0.3142857142857142,0.3804758924845363,0.8,0.6857142857142857,0.3804758924845368,0.0357142857142857,0.017460317460317454,0.043410881098851,0.05590391804756608,283.8369998931884,175.48257149968808,167.5045917840442,1228.3780004978166,20.0,2.857142857142857,5.0,133.79385714285712,0.0,0.0,165.0557142857143,27.079714285714285,5,1,54,7.0
AS14.15,2014-04-13,7.4,7.2,6.9142857142857155,0.38047589248453684,6.2,7.4,1.2000000000000002,0.15714285714285675,1.0,0.3142857142857142,0.3804758924845363,1.0,0.6857142857142857,0.3804758924845368,0.09709821428571426,0.046902412280701744,0.0375452124629756,0.04548988713621278,420.2099997997282,231.882000003542,174.8577512130758,1623.174000024794,21.0,3.0,6.0,194.7015714285714,0.0,0.0,232.59099999999998,33.70728571428572,6,1,55,7.0
AS14.15,2014-04-14,7.0,7.133333333333333,7.028571428571429,0.2138089935299397,6.8,7.4,0.6000000000000005,0.06428571428571359,2.0,0.6285714285714287,0.6775305299745679,1.0,0.8285714285714285,0.2429971585175823,0.0,0.044270833333333315,0.036605362838915446,0.0462971006539378,0.0,171.34685713904236,170.6640665731105,1199.4279999732964,37.0,5.285714285714286,7.0,166.38299999999998,0.0,0.0,198.97471428571427,28.409571428571432,0,0,56,7.0
AS14.15,2014-04-15,7.0,7.133333333333333,7.057142857142858,0.19023794624226859,6.8,7.4,0.6000000000000005,0.028571428571427908,1.0,0.7142857142857143,0.6817344825970773,1.0,0.9142857142857144,0.15735915849388846,0.08487654320987655,0.06065825249853027,0.03347938712522045,0.04123265109009418,750.3210000991814,241.04557142938873,279.18538810569714,1687.3190000057211,34.0,4.857142857142857,6.0,223.3464285714286,0.0,15.604428571428572,297.796,40.710857142857144,1,0,57,7.0
AS14.15,2014-04-16,7.0,7.0,7.085714285714286,0.15735915849388887,7.0,7.4,0.40000000000000036,-0.014285714285715163,-0.2,0.6571428571428571,0.7457817885886434,1.0,0.9714285714285714,0.07559289460184498,0.0,0.028292181069958847,0.03347938712522045,0.04123265109009418,0.0,241.04557142938873,279.18538810569714,1687.3190000057211,34.0,4.857142857142857,3.0,223.3464285714286,0.0,15.604428571428572,297.796,40.710857142857144,2,0,58,6.4
AS14.15,2014-04-17,7.0,7.0,7.085714285714286,0.15735915849388887,7.0,7.4,0.40000000000000036,-0.03571428571428623,0.2,0.6857142857142856,0.7197883286739498,1.0,0.9714285714285714,0.07559289460184498,0.12390046296296292,0.06959233539094649,0.049926320430706383,0.05143408451408112,1183.8849995136266,410.1719999313354,427.8402863043826,2871.2039995193477,30.0,4.285714285714286,3.0,296.23485714285715,0.0,15.604428571428572,393.26685714285713,54.664,3,0,59,6.0
AS14.15,2014-04-18,6.4,6.8,6.971428571428572,0.2927700218845599,6.4,7.4,1.0,-0.09285714285714373,0.0,0.6285714285714287,0.7609517849690735,0.0,0.8285714285714285,0.3728908942943217,0.09114583333333325,0.07168209876543206,0.06181933421516753,0.0496908410166173,819.5489995479577,493.9717141219547,444.4677273427271,3457.8019988536826,31.0,4.428571428571429,3.0,313.95199999999994,0.0,24.655857142857144,441.86757142857147,81.65942857142856,4,0,60,7.0
AS14.15,2014-04-19,6.0,6.466666666666666,6.828571428571428,0.46802523334497576,6.0,7.4,1.4000000000000004,-0.19285714285714373,-0.4,0.5142857142857142,0.8552359741197579,0.0,0.7142857142857143,0.4879500364742666,0.2605137395459973,0.15852001194743118,0.09393354190541205,0.087933511709289,150.12999963760376,474.87071408544256,457.6800106650244,3324.094998598098,30.0,4.285714285714286,3.0,330.2798571428571,2.302285714285714,24.655857142857144,485.7358571428571,90.22099999999999,5,1,61,7.0
AS14.15,2014-04-20,7.0,6.466666666666666,6.771428571428571,0.4070801956792857,6.0,7.0,1.0,-0.09285714285714299,-0.2,0.3428571428571428,0.8618916073713344,0.8,0.6857142857142857,0.47409060817728166,0.03125,0.1276365242931102,0.08452665415031001,0.09100695889421431,452.47200012206986,479.47957127434853,457.2000238267156,3356.3569989204398,25.0,3.5714285714285716,2.0,271.5247142857143,2.302285714285714,24.655857142857144,421.39685714285713,83.91871428571427,6,1,62,7.2
AS14.15,2014-04-21,7.0,6.666666666666667,6.771428571428571,0.4070801956792857,6.0,7.0,1.0,-0.03571428571428642,0.0,0.05714285714285707,0.457737708217063,1.0,0.6857142857142857,0.47409060817728166,0.03125,0.10767124651533244,0.08899093986459572,0.08684059831099879,0.0,479.47957127434853,457.2000238267156,3356.3569989204398,4.0,0.5714285714285714,0.0,271.5247142857143,2.302285714285714,24.655857142857144,421.39685714285713,83.91871428571427,0,0,63,7.0
AS14.15,2014-04-22,7.2,7.066666666666666,6.8,0.4320493798938573,6.0,7.2,1.2000000000000002,0.04285714285714214,-0.2,-0.11428571428571435,0.19518001458970516,1.0,0.6857142857142857,0.47409060817728166,0.03125,0.03125,0.08133000512032765,0.08958608106043077,393.4040000438688,428.49142840930386,441.59682972289863,2999.439998865127,3.0,0.42857142857142855,0.0,263.3515714285714,2.302285714285714,33.44057142857143,383.3415714285714,78.99185714285714,1,0,64,7.0
AS14.15,2014-04-23,7.0,7.066666666666666,6.8,0.4320493798938573,6.0,7.2,1.2000000000000002,0.09285714285714224,0.0,-0.08571428571428578,0.19518001458970521,1.0,0.6857142857142857,0.47409060817728166,0.15624999999999994,0.07291666666666664,0.10365143369175622,0.08530797950583552,0.0,428.4914284093038,441.59682972289863,2999.4399988651267,5.0,0.7142857142857143,0.0,263.3515714285714,2.302285714285714,33.44057142857143,383.3415714285714,78.99185714285714,2,0,65,7.0
AS14.15,2014-04-24,7.0,7.066666666666666,6.8,0.4320493798938573,6.0,7.2,1.2000000000000002,0.14285714285714204,1.0,0.0285714285714285,0.4535573676110722,1.0,0.6857142857142857,0.47409060817728166,0.2812499999999999,0.15624999999999994,0.12612993898276148,0.10897932018790041,190.480999708176,286.57657129423944,293.0009358183911,2006.0359990596762,7.0,1.0,0.0,223.60471428571424,2.302285714285714,33.44057142857143,330.6105714285714,68.74728571428571,3,0,66,7.0
AS14.15,2014-04-25,7.0,7.0,6.885714285714286,0.39761191895520226,6.0,7.2,1.2000000000000002,0.10714285714285647,1.8,0.28571428571428564,0.807111250961459,1.0,0.8285714285714285,0.37289089429432176,0.0625,0.1666666666666666,0.12203767707799959,0.1110304827559238,589.1110002994538,253.6568571158818,229.12107742649604,1775.5979998111725,5.0,0.7142857142857143,12.0,171.22157142857142,7.899571428571428,26.115142857142853,257.99999999999994,41.20985714285714,4,0,67,6.2
AS14.15,2014-04-26,7.0,7.0,7.028571428571429,0.0755928946018502,7.0,7.2,0.20000000000000018,-0.007142857142857396,1.0,0.48571428571428565,0.7819389819088004,0.8,0.9428571428571428,0.09759000729485298,0.0,0.1145833333333333,0.08482142857142853,0.0999906989722163,72.0190000534058,242.4981428895678,236.77756485187362,1697.4870002269745,12.0,1.7142857142857142,16.0,151.4148571428571,5.5972857142857135,26.115142857142853,208.1875714285714,31.765428571428572,5,1,68,7.0
AS14.15,2014-04-27,6.2,6.733333333333334,6.914285714285714,0.3236694374850752,6.2,7.2,1.0,-0.10000000000000094,-0.2,0.48571428571428565,0.7819389819088004,0.0,0.8285714285714286,0.37289089429432176,0.0138888888888889,0.025462962962962965,0.08234126984126981,0.1017409358788767,338.8070003986354,226.26028578622,223.50331488725354,1583.82200050354,15.0,2.142857142857143,16.0,183.08199999999997,5.5972857142857135,26.115142857142853,241.25142857142856,29.84157142857143,6,1,69,7.0
AS14.15,2014-04-28,7.0,6.733333333333334,6.914285714285714,0.3236694374850752,6.2,7.2,1.0,-0.0785714285714293,0.7,0.5857142857142856,0.7537209285241042,0.6,0.7714285714285715,0.37289089429432176,0.1493055555555557,0.054398148148148195,0.0992063492063492,0.10164496183149485,0.0,226.26028578622,223.50331488725354,1583.82200050354,18.0,2.5714285714285716,16.0,310.22457142857144,5.5972857142857135,26.115142857142853,396.6375714285714,56.789571428571435,0,0,70,7.0
AS14.15,2014-04-29,7.0,6.733333333333334,6.885714285714285,0.30237157840738205,6.2,7.0,0.7999999999999998,-0.02857142857142921,1.0,0.7571428571428571,0.6778818551368737,0.4,0.6857142857142858,0.3804758924845368,0.07,0.07773148148148153,0.1047420634920635,0.09832821407772778,327.331000089645,216.82128579275948,216.55522606692077,1517.7490005493164,18.0,2.5714285714285716,16.0,298.7284285714286,5.5972857142857135,1.7260000000000002,376.87057142857145,48.685714285714276,1,0,71,6.0
AS14.15,2014-04-30,7.0,7.0,6.885714285714285,0.30237157840738205,6.2,7.0,0.7999999999999998,-7.44851175740222e-16,1.0,0.9,0.5916079783099616,0.3,0.5857142857142857,0.3760699023168053,0.04,0.08643518518518523,0.08813492063492064,0.09799533407859673,55.15400004386904,224.70042865616935,208.19352803106244,1572.9030005931854,16.0,2.2857142857142856,16.0,304.4712857142857,5.5972857142857135,1.7260000000000002,384.74485714285714,50.817142857142855,2,0,72,6.6
AS14.15,2014-05-01,6.0,6.666666666666667,6.742857142857142,0.44293394111365636,6.0,7.0,1.0,-0.07857142857142911,1.4,0.9571428571428571,0.6214422549122937,-0.4,0.38571428571428573,0.47759317216145186,0.136363636363636,0.082121212121212,0.06743686868686866,0.057230852210739806,193.601000070572,225.14614299365445,208.11138251589148,1576.0230009555812,15.0,2.142857142857143,16.0,271.3297142857143,5.5972857142857135,1.7260000000000002,350.42371428571425,55.52728571428571,3,0,73,7.0
AS14.15,2014-05-02,6.6,6.533333333333334,6.685714285714285,0.4298393941484476,6.0,7.0,1.0,-0.05714285714285786,-0.2,0.6714285714285714,0.6290582530372569,0.0,0.24285714285714285,0.4076646614442762,0.0,0.05878787878787867,0.058508297258297225,0.06273960144940105,59.6670000553131,149.51128581592008,138.28147215489935,1046.5790007114406,15.0,2.142857142857143,4.0,236.54885714285714,0.0,0.0,296.2215714285714,47.30414285714286,4,0,74,6.8
AS14.15,2014-05-03,7.0,6.533333333333334,6.685714285714285,0.4298393941484476,6.0,7.0,1.0,0.02142857142857107,0.2,0.557142857142857,0.6320789582985731,0.5,0.19999999999999998,0.35118845842842483,0.0,0.04545454545454533,0.058508297258297225,0.06273960144940105,0.0,139.22285723686213,147.38735876548975,974.5600006580348,11.0,1.5714285714285714,0.0,234.10614285714288,0.0,0.0,292.2025714285714,45.72785714285714,5,1,75,7.0
AS14.15,2014-05-04,6.8,6.8,6.771428571428571,0.37289089429432165,6.0,7.0,1.0,-0.03571428571428642,0.2,0.6142857142857142,0.5669467095138407,0.2,0.22857142857142856,0.3401680257083047,0.0714285714285715,0.023809523809523832,0.06672825190682331,0.05961070071809027,266.97600007057224,128.96128576142453,132.9712609936546,902.7290003299717,11.0,1.5714285714285714,1.0,213.99471428571428,0.0,2.0164285714285715,276.38342857142857,51.90642857142858,6,1,76,7.0
AS14.15,2014-05-06,7.0,6.933333333333334,6.771428571428571,0.37289089429432165,6.0,7.0,1.0,0.0785714285714278,1.0,0.48571428571428565,0.6414269805898184,0.75,0.2785714285714286,0.39142596453772177,0.0,0.03571428571428575,0.040500927643784754,0.05015030136611434,172.1119997501373,106.78714285578056,104.20950833243903,747.5099999904639,21.0,3.0,1.0,19.45114285714286,0.0,2.0164285714285715,47.70014285714286,26.09628571428571,1,0,78,7.0
AS14.15,2014-05-07,7.0,7.0,6.771428571428571,0.37289089429432165,6.0,7.0,1.0,0.13571428571428512,0.5,0.4142857142857142,0.601189297500023,0.675,0.3321428571428572,0.4195022560811121,0.3436853002070393,0.1264665286404417,0.08388454195907609,0.1250572290748899,454.3559999465941,163.81599998474127,163.56946787530538,1146.711999893189,21.0,3.0,3.0,83.27585714285713,0.0,9.925857142857142,132.44142857142856,43.71242857142857,2,0,79,7.0
AS14.16,2014-03-12,8.0,8.0,8.0,0.0,8.0,8.0,0.0,0.0,-0.5,-0.5,0.0,1.5,1.5,0.0,0.06071428571428575,0.06071428571428575,0.06071428571428575,0.0,0.0,0.0,0.0,0.0,20.0,2.857142857142857,5.0,0.0,0.0,0.0,0.0,0.0,2,0,23,8.0
AS14.16,2014-03-13,8.0,8.0,8.0,0.0,8.0,8.0,0.0,0.0,-0.5,-0.5,0.0,1.5,1.5,0.0,0.06071428571428575,0.06071428571428575,0.06071428571428575,0.0,0.0,0.0,0.0,0.0,21.0,3.0,7.0,0.0,0.0,0.0,0.0,0.0,3,0,24,7.4
AS14.16,2014-03-14,8.0,8.0,8.0,0.0,8.0,8.0,0.0,0.0,-0.5,-0.5,0.0,1.5,1.5,0.0,0.06071428571428575,0.06071428571428575,0.06071428571428575,0.0,206.30899977683998,29.472714253834283,77.97747237771411,206.30899977683998,22.0,3.142857142857143,7.0,26.34357142857143,0.0,0.0,33.36342857142857,7.019857142857143,4,0,25,6.4
AS14.16,2014-03-15,7.4,7.8,7.914285714285714,0.22677868380553629,7.4,8.0,0.5999999999999996,-0.06428571428571507,-0.4,-0.4857142857142857,0.037796447300922714,0.8,1.4000000000000001,0.264575131106459,0.06071428571428575,0.06071428571428575,0.06071428571428575,0.0,46.0409998893738,36.049999952316256,77.01294218484693,252.3499996662138,21.0,3.0,7.0,27.326,0.0,0.0,39.921285714285716,8.443285714285715,5,1,26,6.6
AS14.16,2014-03-16,6.4,7.266666666666667,7.685714285714285,0.609449400220044,6.4,8.0,1.5999999999999996,-0.214285714285715,0.4,-0.35714285714285715,0.33594217189442416,0.8,1.3,0.3415650255319866,0.06071428571428575,0.06071428571428575,0.06071428571428575,0.0,485.9710001945493,105.47442855153759,183.92797709153723,738.3209998607631,21.0,3.0,8.0,61.14,0.0,14.771142857142857,99.78257142857144,27.316714285714287,6,1,27,7.2
AS14.16,2014-03-17,6.6,6.8,7.485714285714286,0.7104659772022196,6.4,8.0,1.5999999999999996,-0.2857142857142867,-0.8,-0.39999999999999997,0.3741657386773941,0.5,1.157142857142857,0.43915503282683993,0.06071428571428575,0.06071428571428575,0.06071428571428575,0.0,364.69199991226196,157.5732856818607,200.0191084062505,1103.012999773025,18.0,2.5714285714285716,11.0,78.34642857142856,0.0,14.771142857142857,141.3542857142857,43.50571428571429,0,0,28,6.6
AS14.16,2014-03-18,7.2,6.733333333333333,7.371428571428572,0.6775305299745682,6.4,8.0,1.5999999999999996,-0.242857142857144,-0.6,-0.41428571428571426,0.3804758924845367,0.6,1.0285714285714287,0.4535573676110726,0.06071428571428575,0.06071428571428575,0.06071428571428575,0.0,169.61399960517878,181.80385705402912,187.63957323986946,1272.626999378204,9.0,1.2857142857142858,11.0,128.64014285714285,0.0,45.67157142857143,200.556,50.26042857142857,1,0,29,6.4
AS14.16,2014-03-19,6.6,6.8,7.171428571428572,0.6676183683170245,6.4,8.0,1.5999999999999996,-0.23571428571428643,0.4,-0.2857142857142857,0.48452234702013974,0.6,0.9,0.42426406871192845,0.053911909926399944,0.05844682711832381,0.05974251774458778,0.002571056379878985,786.3110008239751,294.1340000288827,275.4697424272948,2058.938000202179,11.0,1.5714285714285714,11.0,194.99785714285713,3.4932857142857143,45.67157142857143,302.31399999999996,77.43114285714286,2,0,30,5.666666666666667
AS14.16,2014-03-20,6.4,6.733333333333333,6.942857142857143,0.6078847008469698,6.4,8.0,1.5999999999999996,-0.20000000000000093,0.0,-0.21428571428571427,0.48452234702013974,0.6,0.7714285714285715,0.34016802570830434,0.005627705627705628,0.04008463375613044,0.05187300630364776,0.020549233848962276,26.35700011253359,297.89928575924466,270.9218657450126,2085.2950003147125,10.0,1.4285714285714286,9.0,194.99785714285713,5.969285714285713,45.67157142857143,312.5792857142857,82.05242857142856,3,0,31,6.8
AS14.16,2014-03-21,5.666666666666667,6.222222222222222,6.609523809523809,0.5701573160798389,5.666666666666667,7.4,1.7333333333333334,-0.18571428571428558,0.6666666666666666,-0.04761904761904762,0.5639993245521115,0.3333333333333333,0.6047619047619047,0.16378460497066477,0.04383822653596662,0.034459280696690735,0.04946214070674503,0.020327852913715395,412.8229997158053,327.4012857505254,270.5297419112434,2291.809000253678,7.0,1.0,13.0,192.60128571428572,8.161857142857142,55.65757142857143,317.64928571428567,85.89371428571428,4,0,32,6.5
AS14.16,2014-03-22,6.8,6.288888888888889,6.523809523809525,0.46734644367182093,5.666666666666667,7.2,1.5333333333333332,-0.052380952380952805,1.0,0.15238095238095237,0.6585216728785724,1.0,0.6333333333333334,0.21343747458109466,0.060560360921981006,0.036675431028551086,0.0494401514507015,0.020313730842599072,285.03099989891007,361.5427143233163,242.75852824007563,2530.799000263214,8.0,1.1428571428571428,10.0,227.263,8.882,73.54328571428572,362.2685714285714,99.28314285714286,5,1,33,7.0
AS14.16,2014-03-23,6.5,6.322222222222223,6.538095238095238,0.46445052020025324,5.666666666666667,7.2,1.5333333333333332,-0.07261904761904789,0.5,0.16666666666666666,0.6658328118479393,0.75,0.6261904761904761,0.20768948128136028,0.06677041257209454,0.057056333343347386,0.05030531243038846,0.020991578815365845,246.66799974441565,327.3565714018686,239.1384443335201,2291.4959998130803,11.0,1.5714285714285714,10.0,222.72514285714286,11.462142857142856,60.973857142857135,348.19228571428573,92.89885714285715,6,1,34,6.4
AS14.16,2014-03-24,7.0,6.766666666666667,6.595238095238096,0.496815254219712,5.666666666666667,7.2,1.5333333333333332,-0.014285714285715163,0.0,0.28095238095238095,0.526292814870322,1.0,0.6976190476190476,0.24045261553466243,0.06845238095238092,0.06526105148215215,0.0514107546072592,0.021818545785800614,395.52300024032587,331.76100002016346,240.2221569741555,2322.3270001411443,17.0,2.4285714285714284,10.0,262.0628571428571,19.395999999999997,88.30442857142859,395.1694285714285,95.61342857142859,0,0,35,6.0
AS14.16,2014-03-25,6.4,6.633333333333333,6.480952380952381,0.4206948145439005,5.666666666666667,7.0,1.333333333333333,0.051190476190475336,0.0,0.3666666666666667,0.3901566636906542,0.8,0.7261904761904763,0.2387965860807256,0.10731287707390641,0.08084522353279396,0.058067696230062145,0.030508417264948462,459.0190002918246,373.1045715468272,232.44283195063878,2611.73200082779,17.0,2.4285714285714284,10.0,255.2647142857143,19.395999999999997,69.07214285714286,402.93457142857136,109.98014285714285,1,0,36,5.6
AS14.16,2014-03-26,6.0,6.466666666666666,6.395238095238095,0.45233082429033533,5.666666666666667,7.0,1.333333333333333,0.016666666666666014,0.6,0.3952380952380952,0.40019836351330845,0.6,0.7261904761904762,0.2387965860807256,0.08716623124390796,0.08764382975673175,0.06281831356113472,0.032290495941890617,1013.4389998912809,405.55142855644226,304.43857015004636,2838.859999895096,13.0,1.8571428571428572,10.0,264.12857142857143,23.135714285714283,92.07357142857143,418.24185714285716,114.41142857142857,2,0,37,6.0
AS14.16,2014-03-27,5.6,6.0,6.280952380952381,0.5429197958832448,5.6,7.0,1.4000000000000004,-0.06785714285714359,0.2,0.4238095238095238,0.3735288603626359,0.3,0.6833333333333333,0.2872281323269012,0.09062499999999994,0.09503470277260477,0.07496078418574821,0.021316760987020237,48.48799991607665,408.7129999569484,299.9258149230394,2860.990999698639,13.0,1.8571428571428572,11.0,336.41785714285714,20.659714285714283,123.70585714285714,500.2539999999999,120.52157142857143,3,0,38,6.5
AS14.16,2014-03-28,6.0,5.866666666666667,6.328571428571429,0.49232200070782123,5.6,7.0,1.4000000000000004,-0.18571428571428672,0.0,0.32857142857142857,0.3860668582611296,0.25,0.6714285714285715,0.3053101467594642,0.2950993676603433,0.1576301996347504,0.11085523291780201,0.08286528020926245,318.76599979400675,395.2762856824058,301.81195040684975,2766.9339997768407,12.0,1.7142857142857142,22.0,312.4708571428572,18.467142857142854,113.71985714285714,471.77642857142854,119.61628571428572,4,0,39,6.0
AS14.16,2014-03-29,6.5,6.033333333333334,6.285714285714286,0.45617456975947007,5.6,7.0,1.4000000000000004,-0.10000000000000056,-0.75,0.07857142857142854,0.441453227852003,0.75,0.6357142857142858,0.2734262327610587,0.08746898327453533,0.15773111697829287,0.11469932182530976,0.0807401504535351,519.1339998245237,428.71957138606496,300.5273856780084,3001.0369997024545,10.0,1.4285714285714286,22.0,333.6897142857143,17.746999999999996,95.83414285714285,494.5552857142857,121.89642857142857,5,1,40,5.4
AS14.16,2014-03-30,6.0,6.166666666666667,6.214285714285714,0.45617456975946974,5.6,7.0,1.4000000000000004,-0.10000000000000112,-0.5,-0.0642857142857143,0.4441417620106275,0.5,0.6,0.27233557730613633,0.2525042601225439,0.21169087035247416,0.1412327286182311,0.09208573931956743,410.1199998855591,452.0698571205139,290.1972822266476,3164.4889998435974,9.0,1.2857142857142858,22.0,339.9918571428571,15.166857142857143,107.05557142857141,507.2701428571428,128.44657142857142,6,1,41,6.0
AS14.16,2014-03-31,5.4,5.966666666666666,5.985714285714286,0.3933978962347194,5.4,6.5,1.0999999999999996,-0.07500000000000089,0.4,-0.00714285714285715,0.4782159305067914,0.9,0.5857142857142856,0.24952335514317028,0.052733447325923805,0.130902230241001,0.1389871666715944,0.09432085865092585,420.9380006790157,455.7005714688982,289.5301212096662,3189.9040002822876,7.0,1.0,19.0,297.7947142857143,8.159285714285714,79.72500000000001,461.6038571428572,134.7092857142857,0,0,42,5.8
AS14.16,2014-04-01,6.0,5.8,5.928571428571429,0.34982989063393416,5.4,6.5,1.0999999999999996,-0.014285714285714419,-0.25,-0.042857142857142864,0.48685091098180117,0.25,0.5071428571428572,0.25727509827123984,0.13474030795602568,0.14665933846816445,0.14290537108332568,0.09335046435042037,73.79699993133555,400.66885713168546,323.42079025864257,2804.6819999217983,10.0,1.4285714285714286,26.0,261.8807142857143,8.159285714285714,68.05685714285714,405.1474285714286,115.352,1,0,43,6.4
AS14.16,2014-04-02,5.8,5.733333333333333,5.8999999999999995,0.3511884584284215,5.4,6.5,1.0999999999999996,-0.017857142857143675,-0.4,-0.18571428571428572,0.4069339480741786,0.6,0.5071428571428571,0.25727509827123984,0.3134394341290892,0.1669710631370129,0.17523011435263733,0.10874024624727235,235.4989998340607,289.53457140922546,179.32469298731203,2026.7419998645782,10.0,1.4285714285714286,26.0,221.40599999999998,0.9262857142857143,51.960857142857144,342.70714285714286,97.77828571428572,2,0,44,6.25
AS14.16,2014-04-03,6.4,6.066666666666667,6.014285714285713,0.36709931185157935,5.4,6.5,1.0999999999999996,-0.007142857142857768,-0.2,-0.24285714285714285,0.3701672723564439,1.0,0.6071428571428571,0.296407056017806,0.03047421130575252,0.1595513177969558,0.16663714453917342,0.11848067289948962,223.04100012779267,314.4707142966135,149.94962483470795,2201.2950000762944,14.0,2.0,25.0,164.329,0.9262857142857143,20.432142857142853,269.8945714285714,91.29942857142858,3,0,45,6.2
AS14.16,2014-04-04,6.25,6.150000000000001,6.049999999999999,0.3774917217635355,5.4,6.5,1.0999999999999996,0.016071428571428115,-0.5,-0.31428571428571433,0.36367829844782457,0.25,0.6071428571428571,0.296407056017806,0.012361111111111111,0.11875825218198427,0.12624596503214022,0.11554540171982383,138.8190000057221,288.7640000411442,163.86913939663177,2021.3480002880094,13.0,1.8571428571428572,10.0,180.16971428571426,1.0711428571428572,26.340285714285717,284.23728571428575,87.20585714285713,4,0,46,7.0
AS14.16,2014-04-05,6.2,6.283333333333334,6.007142857142857,0.33220045583523994,5.4,6.4,1.0,0.09642857142857093,-0.2,-0.2357142857142857,0.30918479602858595,0.8,0.6142857142857142,0.3009904285774516,0.14407060344630326,0.0623019752877223,0.1343319107709642,0.11435385501627568,1781.7510004043586,469.13785726683494,592.9186730262976,3283.9650008678445,17.0,2.4285714285714284,14.0,355.0265714285714,1.9454285714285715,69.46571428571428,522.2108571428572,141.2997142857143,5,1,47,6.75
AS14.16,2014-04-06,7.0,6.483333333333333,6.1499999999999995,0.5008326400438896,5.4,7.0,1.5999999999999996,0.2017857142857139,0.0,-0.16428571428571428,0.2954012605963369,1.0,0.6857142857142857,0.3275086331104947,0.08748917748917752,0.08130696401553063,0.11075832753762617,0.10230702620651508,202.36500000953663,439.45857157026023,601.502832747933,3076.2100009918217,16.0,2.2857142857142856,12.0,356.558,4.547285714285715,58.91428571428571,519.72,136.40471428571428,6,1,48,7.0
AS14.16,2014-04-07,6.75,6.6499999999999995,6.3428571428571425,0.41676189388003854,5.8,7.0,1.2000000000000002,0.15892857142857092,-0.5,-0.2928571428571428,0.1835496559257913,1.0,0.7000000000000001,0.3403429642777021,0.19987749808992267,0.14381242634180114,0.13177890621819743,0.10350736882561203,924.4399995803825,511.38742855616977,628.4215142614909,3579.7119998931885,12.0,1.7142857142857142,12.0,432.0931428571429,6.91557142857143,76.60971428571429,606.9032857142857,143.49614285714284,0,0,49,6.4
AS14.16,2014-04-08,7.0,6.916666666666667,6.485714285714286,0.44973537192654306,5.8,7.0,1.2000000000000002,0.18035714285714172,-0.2,-0.2857142857142857,0.18644544714716138,1.0,0.8071428571428572,0.289293062810839,0.0864168979340117,0.12459452450437063,0.12487556192933827,0.10487929662707168,524.9960002899171,575.8444286073958,598.4839838474614,4030.9110002517705,9.0,1.2857142857142858,6.0,499.939,14.243857142857143,93.74928571428572,717.3312857142857,173.44628571428572,1,0,50,7.2
AS14.16,2014-04-09,6.4,6.716666666666668,6.571428571428571,0.3413907131830342,6.2,7.0,0.7999999999999998,0.07321428571428504,0.4,-0.17142857142857143,0.3093772546815391,0.7,0.8214285714285714,0.27966817072074107,0.03989680082559341,0.10873039894984259,0.08579804288598174,0.06704934705574671,7.27500009536743,543.2410000732967,625.7120973762499,3802.6870005130772,17.0,2.4285714285714284,6.0,465.19214285714287,14.243857142857143,86.84385714285715,664.0264285714285,160.7381428571429,2,0,51,6.6
AS14.16,2014-04-10,7.2,6.866666666666667,6.685714285714285,0.4028174583628512,6.2,7.2,1.0,0.11607142857142765,-0.6,-0.22857142857142856,0.3498298906339374,1.0,0.8214285714285714,0.27966817072074107,0.24015661939870087,0.12215677271943531,0.1157526726135458,0.08312498075299925,141.003999948502,531.5214286191124,633.4296723179192,3720.6500003337865,14.0,2.0,6.0,451.2794285714286,14.243857142857143,86.74028571428572,657.0518571428571,166.09728571428573,3,0,52,7.0
AS14.16,2014-04-11,6.6,6.733333333333334,6.735714285714286,0.35906624935877013,6.2,7.2,1.0,0.04464285714285677,0.2,-0.12857142857142856,0.3592319850008059,1.0,0.9285714285714286,0.1253566341056011,0.1293886382716278,0.13648068616530737,0.1324708907793339,0.06952002995559796,848.6620004177094,632.9275715351105,616.6819010817633,4430.493000745773,17.0,2.4285714285714284,7.0,514.5132857142856,44.871857142857145,112.59714285714287,767.343142857143,182.65257142857143,4,0,53,7.0
AS14.16,2014-04-12,7.0,6.933333333333333,6.8500000000000005,0.2783882181415083,6.4,7.2,0.7999999999999998,-0.003571428571429815,1.0,0.042857142857142864,0.5533448076836688,1.0,0.9571428571428571,0.11338934190276746,0.03957364341085266,0.13637296702706042,0.11754275363141238,0.07738820719151152,358.88299965858437,429.66071428571416,353.0492535503304,3007.624999999999,13.0,1.8571428571428572,3.0,326.59914285714285,43.997571428571426,85.14200000000001,514.2127142857142,125.74285714285715,5,1,54,6.4
AS14.16,2014-04-13,7.0,6.866666666666667,6.8500000000000005,0.2783882181415083,6.4,7.2,0.7999999999999998,0.03392857142857068,1.25,0.22142857142857145,0.7152255721432359,1.0,0.9571428571428571,0.11338934190276746,0.0,0.05632076056082682,0.10504429970438701,0.08921248951450488,19.430999994278,403.5272857121058,378.5293992833549,2824.6909999847408,16.0,2.2857142857142856,3.0,289.48942857142856,41.395714285714284,82.27028571428572,460.978,114.37285714285714,6,1,55,7.0
AS14.16,2014-04-14,6.4,6.8,6.8,0.3265986323710958,6.4,7.2,0.7999999999999998,-0.028571428571429396,0.2,0.32142857142857145,0.642817459092615,0.4,0.8714285714285713,0.2360387377408326,0.0454545454545455,0.028342729621799376,0.08298387789933315,0.0805234722883766,112.32100009918217,287.5102857862201,310.6279854689922,2012.5720005035405,17.0,2.4285714285714284,5.0,206.6548571428571,38.10114285714286,71.19242857142856,346.951,90.24185714285716,0,0,56,6.6
AS14.16,2014-04-15,7.0,6.8,6.8,0.3265986323710958,6.4,7.2,0.7999999999999998,0.02142857142857126,0.8,0.4642857142857143,0.6182733252873722,0.8,0.8428571428571427,0.22990681342044364,0.0341435185185185,0.02653268799102132,0.0755162522685484,0.08255040337698687,202.43700027465812,241.4304286411831,292.9485161855799,1690.0130004882817,21.0,3.0,4.0,143.75271428571426,30.77285714285714,54.86828571428571,263.1037142857143,83.09342857142857,1,0,57,7.25
AS14.16,2014-04-16,6.6,6.666666666666667,6.828571428571429,0.2927700218845666,6.4,7.2,0.7999999999999998,-0.05714285714285805,0.6,0.4928571428571429,0.6194275390959593,0.6,0.8285714285714286,0.242997158517582,0.05,0.04319935465768799,0.07695956643632076,0.0819096721033261,4.1340000629425,240.98171435083665,293.3690564513438,1686.8720004558566,14.0,2.0,5.0,156.36899999999997,30.77285714285714,59.891999999999996,275.1334285714286,82.50685714285714,2,0,58,7.0
AS14.16,2014-04-17,7.25,6.95,6.835714285714286,0.3037464481469844,6.4,7.25,0.8499999999999996,0.041071428571427884,1.25,0.7571428571428571,0.44574709891425673,1.0,0.8285714285714286,0.242997158517582,0.13797664519172403,0.07404005457008084,0.062362427263895515,0.05140271848282851,705.4270007610322,321.61357160976956,335.80644860675073,2251.295001268387,15.0,2.142857142857143,9.0,213.38628571428572,30.77285714285714,72.82371428571427,350.68128571428576,100.88357142857141,3,0,59,6.8
AS14.16,2014-04-18,7.0,6.95,6.892857142857143,0.2892930628108469,6.4,7.25,0.8499999999999996,0.02499999999999921,-0.6,0.6428571428571429,0.6623371318222134,1.0,0.8285714285714286,0.242997158517582,0.14644478187042836,0.11147380902071746,0.0647990192065813,0.055361248987309215,445.70899987220764,264.04885724612643,255.28401836112369,1848.3420007228851,15.0,2.142857142857143,8.0,158.37885714285716,0.0,43.07857142857142,270.1004285714286,91.8922857142857,4,0,60,7.2
AS14.16,2014-04-19,6.8,7.016666666666667,6.864285714285714,0.28681336224435033,6.4,7.25,0.8499999999999996,0.030357142857141976,0.0,0.5,0.6800735254367722,1.0,0.8285714285714286,0.242997158517582,0.009735044072393464,0.09805215704484861,0.06053636215822999,0.05867670945438912,738.0679991245283,318.21814288411844,312.56466849222653,2227.527000188829,15.0,2.142857142857143,12.0,223.8184285714286,16.514714285714287,54.189571428571426,372.0947142857143,112.64857142857143,5,1,61,7.0
AS14.16,2014-04-20,7.2,7.0,6.892857142857143,0.3114864515894936,6.4,7.25,0.8499999999999996,0.08571428571428504,1.6,0.55,0.7533259586659682,1.0,0.8285714285714286,0.242997158517582,0.1840579710144928,0.11341259898577154,0.08683035801744324,0.06759074712037849,0.0,315.4422857420787,315.7306668565697,2208.096000194551,13.0,1.8571428571428572,13.0,223.8184285714286,16.514714285714287,54.189571428571426,369.3204285714286,109.8742857142857,6,1,62,7.25
AS14.16,2014-04-21,7.0,7.0,6.978571428571429,0.2233404405407979,6.6,7.25,0.6500000000000004,0.026785714285713278,1.3333333333333333,0.7119047619047619,0.7866192479655206,1.0,0.9142857142857144,0.15735915849388807,0.0,0.06459767169562876,0.08033685152393674,0.07409841248847661,0.0,299.39642858505266,330.2923997994816,2095.775000095369,12.0,1.7142857142857142,12.0,216.77085714285718,16.514714285714287,47.572,353.28157142857145,101.74757142857142,0,0,63,6.6
AS14.16,2014-04-22,7.25,7.1499999999999995,7.014285714285714,0.24616100035392235,6.6,7.25,0.6500000000000004,0.05892857142857082,1.0,0.7404761904761905,0.7939503402966352,0.875,0.9249999999999999,0.15069284433354213,0.009197324414715692,0.06441843180973615,0.07677310950910776,0.07722429982741928,739.2569997310637,376.0849999359678,364.5697575388258,2632.5949995517744,8.0,1.1428571428571428,12.0,247.69614285714286,16.514714285714287,51.51657142857143,382.6474285714286,98.17485714285714,1,0,64,7.25
AS14.16,2014-04-23,6.6,6.95,7.014285714285713,0.24616100035392235,6.6,7.25,0.6500000000000004,-0.044642857142857886,0.8,0.7690476190476191,0.7916478694510263,0.8,0.9535714285714286,0.0821946006800459,0.05494394283401094,0.021380422416242207,0.07747938705682363,0.07696078680312085,908.7909989356988,505.3217140606472,371.0300719598208,3537.2519984245305,7.0,1.0,11.0,355.35242857142856,23.303,60.88,520.3670000000001,121.44985714285714,2,0,65,5.4
AS14.16,2014-04-24,7.25,7.033333333333334,7.014285714285713,0.24616100035392235,6.6,7.25,0.6500000000000004,0.014285714285713487,0.75,0.6976190476190476,0.7630608788045058,1.0,0.9535714285714286,0.0821946006800459,0.08201415701415696,0.04871847475429453,0.06948474588859975,0.07240053190066709,952.5519998073582,540.6252853529795,403.57326751011624,3784.3769974708566,9.0,1.2857142857142858,8.0,371.27628571428573,23.303,50.523142857142865,547.8820000000001,126.91357142857143,3,0,66,7.2
AS14.16,2014-04-25,5.4,6.416666666666667,6.785714285714286,0.6587325492402623,5.4,7.25,1.8499999999999996,-0.1607142857142864,-0.2,0.7547619047619047,0.657345551900349,-0.2,0.7821428571428573,0.44033942535708676,0.013731060606060611,0.0502297201514095,0.050525642850832934,0.06598044569577732,241.4130001068119,511.4401425293516,418.6853981917825,3580.080997705461,9.0,1.2857142857142858,9.0,358.31100000000004,37.926857142857145,48.50328571428572,529.7280000000001,123.61657142857143,4,0,67,6.75
AS14.16,2014-04-26,7.2,6.616666666666667,6.8428571428571425,0.6772669165037369,5.4,7.25,1.8499999999999996,-0.1142857142857146,0.6,0.8404761904761904,0.5766969438789884,1.0,0.7821428571428571,0.44033942535708676,0.08522727272727262,0.060324163449163394,0.06131024694438709,0.06435149785161101,333.69499969482473,453.67257118225103,410.0118454132381,3175.7079982757573,16.0,2.2857142857142856,17.0,254.99914285714286,21.412142857142857,24.929285714285715,392.77500000000003,106.49014285714286,5,1,68,7.2
AS14.16,2014-04-27,6.75,6.45,6.778571428571428,0.6588229041613701,5.4,7.25,1.8499999999999996,-0.07321428571428616,0.5,0.6833333333333333,0.476386864265215,1.0,0.7821428571428571,0.44033942535708676,0.35491071428571425,0.15128968253968247,0.08571778169741874,0.12370046351576265,55.5429999828339,461.60728546551303,400.188688008551,3231.250998258591,14.0,2.0,19.0,262.08000000000004,21.412142857142857,24.929285714285715,400.7072857142857,106.62071428571429,6,1,69,8.0
AS14.16,2014-04-28,7.2,7.05,6.807142857142857,0.6741838098944625,5.4,7.25,1.8499999999999996,0.003571428571427767,-0.2,0.46428571428571425,0.4802033299501764,1.0,0.7821428571428571,0.44033942535708676,0.12176700111482719,0.18730166270927137,0.10311306757096547,0.11807106925577236,268.6699995994569,499.9887139797212,359.33677053682624,3499.9209978580484,16.0,2.2857142857142856,18.0,288.893,21.412142857142857,24.929285714285715,439.0558571428572,118.15628571428572,0,0,70,7.0
AS14.16,2014-04-29,8.0,7.316666666666667,6.914285714285714,0.8034894138040913,5.4,8.0,2.5999999999999996,0.19464285714285678,1.0,0.4642857142857143,0.4802033299501764,1.0,0.7999999999999999,0.44721359549995776,0.18809523809523798,0.22159098449859316,0.12866991238246867,0.11363274223611741,209.38500022888158,424.292714050838,356.33072255087535,2970.048998355866,24.0,3.4285714285714284,19.0,271.69571428571425,21.412142857142857,44.18557142857143,402.44428571428574,100.75528571428572,1,0,71,7.0
AS14.16,2014-04-30,7.0,7.400000000000001,6.971428571428571,0.791547610095327,5.4,8.0,2.5999999999999996,0.15892857142857073,-0.5,0.2785714285714286,0.571443452187195,1.0,0.8285714285714285,0.45355736761107246,0.03592650103519668,0.11526291341508728,0.12595313498263808,0.11589402936518271,1285.5090003013609,478.10957138878973,456.1634626082355,3346.766999721528,31.0,4.428571428571429,22.0,263.5942857142857,14.623857142857144,38.97228571428572,405.94542857142864,110.52385714285715,2,0,72,7.0
AS14.16,2014-05-01,7.0,7.333333333333333,6.935714285714285,0.7824716638715483,5.4,8.0,2.5999999999999996,0.2017857142857138,0.4,0.2285714285714286,0.5376314900074389,1.0,0.8285714285714285,0.45355736761107246,0.03966646529954715,0.08789606814332727,0.11990346473769378,0.11961544093786779,385.9360003471381,397.1644286087583,405.38996946346083,2780.151000261308,30.0,4.285714285714286,21.0,251.06199999999998,21.174714285714288,36.39742857142857,363.0515714285715,80.75414285714285,3,0,73,8.0
AS14.16,2014-05-03,8.0,7.333333333333333,7.278571428571429,0.5097852021988871,6.75,8.0,1.25,0.08392857142857096,2.0,0.4571428571428572,0.8403514004215594,1.0,1.0,0.0,0.10067570888004324,0.08159847898872884,0.13507069878530895,0.10982577489535714,929.4620008468631,465.7257144791741,462.2330331910038,3260.0800013542184,29.0,4.142857142857143,10.0,314.8084285714285,11.317285714285715,53.068,445.23157142857144,91.25442857142856,5,1,75,7.0
AS14.16,2014-05-04,7.5,7.5,7.385714285714286,0.4561745697594801,7.0,8.0,1.0,0.032142857142855856,1.0,0.5285714285714286,0.8654753717163874,1.0,1.0,0.0,0.026000330687830687,0.07704310078482333,0.08808350112846844,0.058427077861202215,1117.5429997444164,617.4400001594001,479.14013339531294,4322.080001115801,30.0,4.285714285714286,7.0,421.9452857142857,25.865857142857145,128.86142857142858,615.0291428571428,140.08742857142857,6,1,76,7.333333333333333
AS14.17,2014-03-03,7.0,7.0,7.0,0.0,7.0,7.0,0.0,-9.310639696752773e-16,0.5,0.5,0.0,2.0,2.0,0.0,0.04230288377845706,0.04230288377845706,0.04230288377845706,0.0,0.0,0.0,0.0,0.0,5.0,0.7142857142857143,7.0,0.0,0.0,0.0,0.0,0.0,0,0,14,7.0
AS14.17,2014-03-04,7.0,7.0,7.0,0.0,7.0,7.0,0.0,-9.310639696752773e-16,0.5,0.5,0.0,2.0,2.0,0.0,0.04230288377845706,0.04230288377845706,0.04230288377845706,0.0,0.0,0.0,0.0,0.0,5.0,0.7142857142857143,6.0,0.0,0.0,0.0,0.0,0.0,1,0,15,8.0
AS14.17,2014-03-05,7.0,7.0,7.0,0.0,7.0,7.0,0.0,-9.310639696752773e-16,0.5,0.5,0.0,2.0,2.0,0.0,0.04230288377845706,0.04230288377845706,0.04230288377845706,0.0,0.0,0.0,0.0,0.0,10.0,1.4285714285714286,5.0,0.0,0.0,0.0,0.0,0.0,2,0,16,7.25
AS14.17,2014-03-06,8.0,7.333333333333333,7.142857142857143,0.37796447300922714,7.0,8.0,1.0,0.10714285714285628,0.6666666666666666,0.5238095238095238,0.06299407883487118,1.3333333333333333,1.9047619047619049,0.25197631533948484,0.04230288377845706,0.04230288377845706,0.04230288377845706,0.0,0.0,0.0,0.0,0.0,7.0,1.0,6.0,0.0,0.0,0.0,0.0,0.0,3,0,17,7.5
AS14.17,2014-03-07,7.25,7.416666666666667,7.178571428571429,0.3740066207715477,7.0,8.0,1.0,0.098214285714285,0.5,0.5238095238095238,0.06299407883487118,0.75,1.7261904761904763,0.49701489869400245,0.04230288377845706,0.04230288377845706,0.04230288377845706,0.0,0.0,0.0,0.0,0.0,8.0,1.1428571428571428,6.0,0.0,0.0,0.0,0.0,0.0,4,0,18,7.6
AS14.17,2014-03-08,7.5,7.583333333333333,7.25,0.3818813079129864,7.0,8.0,1.0,0.10714285714285628,0.75,0.5595238095238095,0.10446386175466811,1.0,1.5833333333333335,0.5464532103584999,0.04230288377845706,0.04230288377845706,0.04230288377845706,0.0,0.0,0.0,0.0,0.0,7.0,1.0,6.0,0.0,0.0,0.0,0.0,0.0,5,1,19,7.2
AS14.17,2014-03-09,7.6,7.45,7.335714285714286,0.3837471886045608,7.0,8.0,1.0,0.1089285714285709,0.4,0.5452380952380952,0.11968874978625527,0.8,1.4119047619047618,0.581084099041378,0.04230288377845706,0.04230288377845706,0.04230288377845706,0.0,0.0,0.0,0.0,0.0,7.0,1.0,3.0,0.0,0.0,0.0,0.0,0.0,6,1,20,7.333333333333333
AS14.17,2014-03-10,7.2,7.433333333333334,7.364285714285714,0.3613796315444987,7.0,8.0,1.0,0.04642857142857084,0.8,0.5880952380952381,0.15052817064832139,1.0,1.269047619047619,0.53337053441686,0.04230288377845706,0.04230288377845706,0.04230288377845706,0.0,0.0,0.0,0.0,0.0,12.0,1.7142857142857142,1.0,0.0,0.0,0.0,0.0,0.0,0,0,21,6.2
AS14.17,2014-03-11,7.333333333333333,7.377777777777777,7.411904761904762,0.325564223298665,7.0,8.0,1.0,-0.008928571428572023,0.6666666666666666,0.6119047619047618,0.14742050139924312,0.6666666666666666,1.0785714285714285,0.462152200129628,0.04230288377845706,0.04230288377845706,0.04230288377845706,0.0,0.0,0.0,0.0,0.0,12.0,1.7142857142857142,1.0,0.0,0.0,0.0,0.0,0.0,1,0,22,6.4
AS14.17,2014-03-12,6.2,6.911111111111111,7.297619047619048,0.5543121005010665,6.2,8.0,1.7999999999999998,-0.1976190476190486,0.0,0.5404761904761904,0.2758584484801645,0.4,0.85,0.2964293682656459,0.04230288377845706,0.04230288377845706,0.04230288377845706,0.0,0.0,0.0,0.0,0.0,7.0,1.0,1.0,0.0,0.0,0.0,0.0,0.0,2,0,23,7.25
AS14.17,2014-03-13,6.4,6.644444444444445,7.069047619047619,0.5462353118144375,6.2,7.6,1.3999999999999995,-0.19345238095238218,0.2,0.47380952380952385,0.295938110217939,0.2,0.6880952380952382,0.29794268118186884,0.04230288377845706,0.04230288377845706,0.04230288377845706,0.0,0.0,0.0,0.0,0.0,6.0,0.8571428571428571,0.0,0.0,0.0,0.0,0.0,0.0,3,0,24,8.0
AS14.17,2014-03-20,7.571428571428572,7.6571428571428575,7.709183673469388,0.2498541848811492,7.25,8.0,0.75,0.003826530612243956,0.8571428571428572,0.9030612244897959,0.08328472829371783,1.0,0.9642857142857143,0.0944911182523045,0.04230288377845706,0.04230288377845706,0.04230288377845706,0.0,0.0,0.0,0.0,0.0,13.0,1.8571428571428572,4.0,0.0,0.0,0.0,0.0,0.0,3,0,31,7.4
AS14.17,2014-03-21,7.485714285714286,7.571428571428572,7.742857142857143,0.1851640199545091,7.485714285714286,8.0,0.5142857142857142,-0.0857142857142867,0.8285714285714286,0.9142857142857144,0.06172133998483834,1.0,1.0,0.0,0.04230288377845706,0.04230288377845706,0.04230288377845706,0.0,435.029999732971,62.14714281899586,164.42588459227665,435.029999732971,13.0,1.8571428571428572,2.0,148.56757142857143,0.0,83.39171428571429,173.11100000000002,18.946285714285715,4,0,32,7.4
AS14.17,2014-03-22,7.4,7.485714285714287,7.6571428571428575,0.18516401995450954,7.4,7.914285714285715,0.5142857142857142,-0.08571428571428652,0.8,0.8857142857142858,0.06172133998483825,1.0,1.0,0.0,0.16797442845445734,0.08419339867045716,0.06025596158931425,0.04749937915572,2031.801999568939,352.40457132884427,758.0839435561365,2466.83199930191,13.0,1.8571428571428572,2.0,553.732,2.013714285714286,315.9525714285714,619.6507142857143,44.82671428571429,5,1,33,7.4
AS14.17,2014-03-23,7.4,7.428571428571428,7.583673469387755,0.1672971553626053,7.4,7.828571428571428,0.42857142857142794,-0.07653061224489849,0.4,0.8040816326530613,0.18474366976429468,0.8,0.9714285714285714,0.07559289460184543,0.1927695875539844,0.13434896659563292,0.08175120498581816,0.06775000093944683,2089.090001106262,650.8460000583103,976.0945897041993,4555.922000408173,13.0,1.8571428571428572,1.0,966.9432857142856,4.216428571428572,442.5385714285714,1094.5142857142857,86.20442857142858,6,1,34,7.0
AS14.17,2014-03-24,7.4,7.4,7.522448979591837,0.13871547320788954,7.4,7.742857142857143,0.3428571428571425,-0.06122448979591857,0.8,0.7836734693877551,0.17446294100540866,0.8,0.942857142857143,0.09759000729485329,0.07009270190040377,0.1436122393029485,0.0857211790032391,0.0658404657182683,2293.0349996089935,978.4224285738809,1098.3778848161433,6848.957000017166,12.0,1.7142857142857142,2.0,1307.9905714285712,10.841714285714286,616.2402857142857,1519.166857142857,138.83757142857144,0,0,35,7.5
AS14.17,2014-03-25,7.0,7.266666666666667,7.416326530612245,0.20856304148638835,7.0,7.6571428571428575,0.6571428571428575,-0.08571428571428615,0.6666666666666666,0.7482993197278913,0.16857027556391144,0.6666666666666666,0.8952380952380953,0.13801311186847084,0.16940873829279451,0.14409034258239423,0.10387915821957303,0.06930641542101472,3515.711999893189,1480.6669999871935,1351.134370353878,10364.668999910355,16.0,2.2857142857142856,1.0,1789.0458571428571,14.459999999999999,751.0442857142856,2114.333285714286,201.10514285714288,1,0,36,7.2
AS14.17,2014-03-26,7.5,7.300000000000001,7.393877551020408,0.18550485312923762,7.0,7.571428571428572,0.5714285714285721,-0.04234693877551125,0.5,0.6931972789115647,0.17889087074134558,1.0,0.8952380952380954,0.13801311186847084,0.06202266865015754,0.1005080362811186,0.10669627034410167,0.06673960669526678,1952.720999956131,1759.6271428380694,1185.9674957216262,12317.389999866486,6.0,0.8571428571428571,1.0,2055.028714285714,26.203,902.1395714285715,2410.8544285714283,214.61957142857142,2,0,37,7.2
AS14.17,2014-03-27,7.2,7.233333333333333,7.340816326530613,0.17927073954320047,7.0,7.5,0.5,-0.03775510204081705,0.2,0.5993197278911565,0.24037682327706295,0.8,0.8666666666666668,0.13333333333333333,0.06853709704220674,0.09998950132838626,0.11044401509606593,0.06316162567789053,2426.042001247407,2106.204571587699,907.9393416150928,14743.432001113892,6.0,0.8571428571428571,1.0,2508.7678571428573,42.36042857142858,1112.0227142857143,2975.661285714286,291.1547142857143,3,0,38,7.2
AS14.17,2014-03-28,7.2,7.3,7.3,0.17320508075688984,7.0,7.5,0.5,-0.03214285714285772,0.4,0.5380952380952381,0.22642844624702377,0.6,0.8095238095238094,0.15118578920369088,0.0906331678707439,0.07373097785436938,0.11734834139496404,0.0567918914234148,2292.6940014362335,2371.585143259593,531.5212462670669,16601.096002817154,6.0,0.8571428571428571,1.0,2764.531285714286,52.03171428571428,1242.9895714285715,3317.9084285714284,329.51014285714285,4,0,39,6.8
AS14.17,2014-03-29,7.2,7.2,7.271428571428571,0.17043362064927173,7.0,7.5,0.5,-0.028571428571429396,0.6,0.5095238095238096,0.19880595947760113,1.0,0.8095238095238094,0.15118578920369088,0.2510368299862318,0.13673569829972745,0.1292143987566461,0.0749176232698073,3194.0170009136204,2537.615857737405,586.3825827474809,17763.311004161835,7.0,1.0,1.0,2778.9311428571427,50.87871428571429,1176.3444285714286,3395.4429999999998,348.9622857142857,5,1,40,8.0
AS14.17,2014-03-30,6.8,7.066666666666666,7.185714285714286,0.23401261667249026,6.8,7.5,0.7000000000000002,-0.06071428571428656,0.6,0.5380952380952382,0.19477296510683406,0.6,0.780952380952381,0.17089865185644154,0.2092882156846513,0.183652737847209,0.1315742027753128,0.07746985980333405,3464.938001871109,2734.165572132383,639.1916227327603,19139.15900492668,15.0,2.142857142857143,2.0,2822.184142857143,49.256142857142855,1305.3927142857142,3478.1397142857145,370.71742857142857,6,1,41,7.25
AS14.17,2014-03-31,8.0,7.333333333333333,7.271428571428572,0.3860668582611307,6.8,8.0,1.2000000000000002,0.057142857142856746,1.0,0.5666666666666667,0.24720661623652226,1.0,0.8095238095238095,0.19023794624226836,0.008333333333333331,0.15621945966807213,0.12275143583715988,0.08838638988701657,591.5339996814731,2491.0940007141658,1035.5419623605335,17437.65800499916,15.0,2.142857142857143,1.0,2541.056,42.630857142857145,1147.76,3142.6488571428567,334.17485714285715,0,0,42,7.4
AS14.17,2014-04-01,7.25,7.349999999999999,7.307142857142858,0.36790915027645577,6.8,8.0,1.2000000000000002,0.016071428571427744,0.5,0.5428571428571429,0.24397501823713344,1.0,0.8571428571428571,0.19023794624226836,0.09798605176533887,0.10520253359444115,0.11254819490466621,0.08619802878707153,1503.2780008316035,2203.603429419654,981.6198806188228,15425.224005937578,11.0,1.5714285714285714,1.0,2342.8578571428575,39.73714285714285,1121.2854285714286,2960.1885714285713,324.1768571428571,1,0,43,7.5
AS14.17,2014-04-02,7.4,7.55,7.292857142857144,0.3610500558885758,6.8,8.0,1.2000000000000002,0.05357142857142786,0.6,0.5571428571428572,0.24397501823713344,1.0,0.8571428571428571,0.19023794624226836,0.146776392180804,0.08436525909315871,0.12465586969475854,0.08383830783556083,3047.7920010089892,2360.0421438557764,1021.4259959752517,16520.295006990436,15.0,2.142857142857143,3.0,2493.198142857143,42.91685714285715,1129.1878571428572,3217.964285714286,393.83442857142853,2,0,44,7.2
AS14.17,2014-04-03,7.5,7.383333333333333,7.335714285714286,0.36596252735570106,6.8,8.0,1.2000000000000002,0.062499999999999514,0.25,0.5642857142857143,0.23222526010012673,0.75,0.85,0.1936491673103708,0.09017666475035048,0.11164636956549777,0.12774723651020764,0.08179830301055319,2616.169999837875,2387.203286511558,1025.9912114037093,16710.423005580906,14.0,2.0,3.0,2308.4982857142854,41.44242857142857,1076.0048571428572,3077.584142857143,406.4112857142858,3,0,45,7.0
AS14.17,2014-04-04,7.2,7.366666666666666,7.3357142857142845,0.36596252735570106,6.8,8.0,1.2000000000000002,0.028571428571428092,0.2,0.5357142857142857,0.2656976441281295,1.0,0.9071428571428573,0.16438920136009397,0.12420343137254904,0.12038549610123449,0.13254298843903697,0.08022871894400452,2451.7030010223402,2409.9188578810017,1025.3100362974726,16869.43200516701,15.0,2.142857142857143,4.0,2230.695142857143,61.61814285714286,987.7737142857143,3028.2071428571426,412.6581428571429,4,0,46,7.0
AS14.17,2014-04-05,7.0,7.233333333333333,7.307142857142858,0.3856040406822484,6.8,8.0,1.2000000000000002,-0.026785714285714583,-0.6,0.36428571428571427,0.5005948842080172,0.8,0.8785714285714287,0.16293440105643447,0.15983601774042955,0.12473870462110966,0.11951430097535094,0.06342420167021749,2355.797001838684,2290.173143727439,965.687151564555,16031.212006092073,15.0,2.142857142857143,5.0,2077.773285714286,66.97200000000001,986.6040000000002,2824.3145714285715,405.43885714285716,5,1,47,7.25
AS14.17,2014-04-06,7.0,7.066666666666666,7.3357142857142845,0.34726825091741237,7.0,8.0,1.0,-0.13214285714285753,0.2,0.3071428571428571,0.4919591543246345,1.0,0.9357142857142857,0.11073348527841406,0.18913979786829993,0.15772641566042614,0.11663595557301502,0.05897193696241995,1177.2630009651186,1963.3624293122975,885.6419386260045,13743.537005186083,10.0,1.4285714285714286,7.0,1804.6695714285713,66.39185714285715,787.9777142857143,2493.2871428571425,377.0198571428571,6,1,48,7.0
AS14.17,2014-04-07,7.25,7.083333333333333,7.228571428571428,0.18676443018132036,7.0,7.5,0.5,-0.046428571428572145,0.25,0.19999999999999998,0.38622100754188227,1.25,0.9714285714285714,0.16293440105643445,0.03688805922779405,0.12862129161217448,0.12071520212936655,0.05062924601917711,753.3739993572232,1986.4824292659762,845.0430837355899,13905.377004861833,10.0,1.4285714285714286,8.0,1917.4194285714286,75.49,848.7901428571429,2621.4674285714286,382.0434285714286,0,0,49,7.0
AS14.17,2014-04-08,7.0,7.083333333333333,7.192857142857142,0.20499709637897406,7.0,7.5,0.5,-0.0678571428571434,1.0,0.2714285714285714,0.48464518194340117,1.0,0.9714285714285714,0.16293440105643445,0.04899951284861772,0.09167578998157055,0.11371712514126353,0.05724747091479905,1275.042000770571,1953.8772864001144,870.8048170577745,13677.1410048008,10.0,1.4285714285714286,8.0,1885.0255714285715,74.76542857142856,857.2650000000001,2480.0252857142855,347.26128571428575,1,0,50,7.0
AS14.17,2014-04-09,7.0,7.083333333333333,7.135714285714286,0.19303342913056667,7.0,7.5,0.5,-0.05892857142857175,0.4,0.24285714285714285,0.46764353538830855,1.0,0.9714285714285714,0.16293440105643445,0.02606539516633098,0.0373176557475809,0.09647269699633883,0.06347172083289418,4467.903999328616,2156.750429017204,1250.6921085928834,15097.253003120428,9.0,1.2857142857142858,7.0,2077.2655714285715,74.0807142857143,897.3492857142857,2714.8655714285715,351.2811428571428,2,0,51,6.75
AS14.17,2014-04-10,7.0,7.0,7.064285714285715,0.1107334852784171,7.0,7.25,0.25,-0.021428571428571817,0.25,0.24285714285714288,0.46764353538830855,1.0,1.0071428571428571,0.13047532151257382,0.10923143184508001,0.061432113286676214,0.09919480658130019,0.0635652318510721,2342.667000055313,2117.6785719054096,1238.1570216916111,14823.750003337867,8.0,1.1428571428571428,7.0,2169.278857142857,116.05742857142857,856.8425714285714,2815.227428571429,313.35685714285717,3,0,52,7.2
AS14.17,2014-04-11,6.75,6.916666666666667,7.0,0.14433756729740838,6.75,7.25,0.5,-0.03571428571428623,1.0,0.35714285714285715,0.5465258239008256,1.0,1.0071428571428571,0.13047532151257382,0.10077388350248441,0.07869023683796511,0.09584772831414809,0.06263901053014242,2034.9740002155304,2058.1458575044367,1229.407416910638,14407.021002531057,7.0,1.0,6.0,2316.5545714285713,105.59585714285711,898.6272857142857,2920.7861428571427,296.6682857142857,4,0,53,7.2
AS14.17,2014-04-12,7.2,6.983333333333333,7.028571428571428,0.16293440105643645,6.75,7.25,0.5,-0.014285714285714792,0.4,0.5,0.35000000000000003,1.0,1.0357142857142858,0.09449111825230674,0.20737365024236556,0.13912632186330998,0.10263881867156753,0.07252881216191559,1858.9620001316073,1987.16942868914,1223.687733295832,13910.18600082398,6.0,0.8571428571428571,5.0,2326.067428571428,99.3812857142857,939.1948571428572,3012.201857142857,359.99257142857147,5,1,54,7.2
AS14.17,2014-04-13,7.2,7.05,7.057142857142858,0.1742330131092944,6.75,7.25,0.5,-7.44851175740222e-16,0.4,0.5285714285714286,0.3289593982762702,1.0,1.0357142857142858,0.09449111825230674,0.16595320188693283,0.1580335785439276,0.09932644781708651,0.06832771604177901,2267.9939992427826,2142.9881427288065,1171.7101268342265,15000.916999101644,3.0,0.42857142857142855,2.0,2422.4218571428573,103.27385714285712,1039.0422857142858,3172.412857142857,422.82242857142865,6,1,55,7.0
AS14.17,2014-04-14,7.2,7.2,7.05,0.1658312395177721,6.75,7.2,0.4500000000000002,0.04285714285714214,-0.2,0.4642857142857143,0.4229994934140837,1.0,1.0,0.0,0.0756640189523358,0.14966362369387806,0.10486587063487818,0.06384698167100764,2307.74199962616,2365.0407141957976,999.0322552678806,16555.284999370582,3.0,0.42857142857142855,1.0,2665.559285714286,102.46085714285712,1179.2068571428572,3479.488142857143,461.8624285714286,0,0,56,7.0
AS14.17,2014-04-15,7.0,7.133333333333333,7.049999999999999,0.1658312395177721,6.75,7.2,0.4500000000000002,0.030357142857142163,0.8,0.43571428571428567,0.38591264740686,1.0,1.0,0.0,0.0851143385464617,0.10891051979524342,0.11002513144885591,0.05991851368525239,1618.4909994602208,2414.104856865747,943.4670929630887,16898.73399806023,4.0,0.5714285714285714,1.0,2514.9382857142855,102.46085714285712,1108.0554285714286,3409.3608571428567,499.83,1,0,57,7.2
AS14.17,2014-04-16,7.0,7.066666666666666,7.049999999999999,0.1658312395177721,6.75,7.2,0.4500000000000002,0.017857142857141812,0.4,0.4357142857142858,0.38591264740686,1.0,1.0,0.0,0.10223628470884812,0.08767154740254852,0.12090668709778692,0.04782597051989882,4220.041999578475,2378.695999758584,853.9440329769936,16650.87199831009,1.0,0.14285714285714285,1.0,2550.3908571428574,110.79771428571428,1059.0617142857143,3404.0628571428574,480.9142857142857,2,0,58,7.0
AS14.17,2014-04-17,7.2,7.066666666666666,7.078571428571428,0.17286107827082753,6.75,7.2,0.4500000000000002,0.026785714285713653,0.8,0.5142857142857143,0.39761191895520204,1.0,1.0,0.0,0.11137417839840907,0.09957493388457295,0.1212127937482625,0.047745579140794074,4214.4600026607495,2646.0950001307897,1098.7521919942835,18522.665000915527,3.0,0.42857142857142855,2.0,2791.3790000000004,71.00171428571427,1089.067,3622.5677142857144,513.3755714285714,3,0,59,7.0
AS14.17,2014-04-18,7.0,7.066666666666666,7.114285714285714,0.10690449676497386,7.0,7.2,0.20000000000000018,-0.028571428571428838,0.4,0.42857142857142855,0.3352326839390103,1.0,1.0,0.0,0.11615087487091101,0.10992044599272272,0.12340950680089488,0.04699634222996449,2125.0619997978206,2658.9647143568304,1090.900650881508,18612.753000497814,3.0,0.42857142857142855,4.0,2742.4170000000004,55.36242857142856,1134.2942857142857,3523.6110000000003,503.59785714285715,4,0,60,7.0
AS14.17,2014-04-19,7.0,7.066666666666666,7.085714285714286,0.10690449676497348,7.0,7.2,0.20000000000000018,-0.02857142857142921,1.0,0.5142857142857143,0.39761191895520204,1.0,1.0,0.0,0.18855451998494854,0.1386931910847562,0.12072105962126388,0.04162378770847799,1753.108999967575,2643.84285719054,1104.4874315821062,18506.900000333782,4.0,0.5714285714285714,4.0,2637.3642857142863,57.46071428571428,936.6545714285713,3311.763142857143,423.25100000000003,5,1,61,7.2
AS14.17,2014-04-20,7.0,7.0,7.057142857142857,0.09759000729485698,7.0,7.2,0.20000000000000018,-0.021428571428572376,1.0,0.6,0.43204937989385744,1.0,1.0,0.0,0.16723933497618126,0.1573149099440136,0.12090479291972793,0.04185890021206582,1341.7960014343253,2511.528857503618,1207.6747360188353,17580.702002525326,4.0,0.5714285714285714,4.0,2535.558571428571,53.56814285714285,817.7332857142857,3116.639571428572,333.19128571428575,6,1,62,7.4
AS14.17,2014-04-21,7.2,7.066666666666666,7.057142857142858,0.09759000729485698,7.0,7.2,0.20000000000000018,0.014285714285714233,0.4,0.6857142857142858,0.27945525240230895,1.0,1.0,0.0,0.12116526023672414,0.15898637173261795,0.12740497024606912,0.036902075910259895,4731.388000726699,2857.764000517981,1460.4773032933042,20004.348003625866,4.0,0.5714285714285714,4.0,2793.9235714285714,46.30157142857143,787.3721428571428,3406.2279999999996,324.1705714285714,0,0,63,6.6
AS14.17,2014-04-22,7.4,7.2,7.114285714285715,0.15735915849389148,7.0,7.4,0.40000000000000036,0.042857142857142885,0.4,0.6285714285714287,0.2927700218845601,1.0,1.0,0.0,0.0881963953222814,0.12553366351172893,0.1278452640711862,0.03632730159341796,1664.1950001716614,2864.2931434767584,1454.1019393478957,20050.052004337307,4.0,0.5714285714285714,4.0,2936.690714285714,49.28242857142857,797.4262857142857,3480.7328571428566,286.787,1,0,64,7.25
AS14.17,2014-04-23,6.6,7.066666666666666,7.057142857142858,0.2507132682112051,6.6,7.4,0.8000000000000007,-0.028571428571429584,0.6,0.6571428571428573,0.27602622373694186,1.0,1.0,0.0,0.05062149859943974,0.08666105138614842,0.1204717231984136,0.04626939852824325,2872.7800006866455,2671.8271436350683,1328.4821939812005,18702.790005445477,4.0,0.5714285714285714,5.0,2794.115571428571,29.437428571428566,826.09,3272.952,273.4652857142857,2,0,65,7.2
AS14.17,2014-04-24,7.25,7.083333333333333,7.064285714285715,0.2561156732713539,6.6,7.4,0.8000000000000007,0.012499999999999605,1.0,0.6857142857142857,0.302371578407382,1.0,1.0,0.0,0.07183591337438762,0.07021793576536957,0.11482339962355338,0.04984057116178692,3546.9560003280644,2576.4694290161133,1218.7201182839462,18035.286003112793,3.0,0.42857142857142855,4.0,2801.820857142857,13.999142857142848,805.8475714285713,3297.2928571428574,272.9042857142857,3,0,66,7.2
AS14.17,2014-04-25,7.2,7.016666666666666,7.0928571428571425,0.25888957013331076,6.6,7.4,0.8000000000000007,0.017857142857142745,1.0,0.7714285714285715,0.2927700218845602,1.0,1.0,0.0,0.10981776234215578,0.0774250581053277,0.11391866926230264,0.04986993024738364,2797.6950011253352,2672.5598577771866,1203.6202926563808,18707.919004440308,4.0,0.5714285714285714,2.0,2861.697428571428,18.863999999999994,824.8191428571429,3433.7247142857145,304.3978571428571,4,0,67,8.0
AS14.17,2014-04-26,7.2,7.216666666666666,7.121428571428572,0.2579682520148944,6.6,7.4,0.8000000000000007,0.016071428571428303,0.4,0.6857142857142858,0.302371578407382,1.0,1.0,0.0,0.20366097979108125,0.12843821850254153,0.11607673494889302,0.053809278956128366,2486.5549993515015,2777.3378576891764,1140.5093727466412,19441.365003824234,7.0,1.0,3.0,2909.6887142857145,25.840714285714277,822.1685714285715,3543.5895714285716,352.64257142857144,5,1,68,7.2
AS14.17,2014-04-27,8.0,7.466666666666666,7.264285714285714,0.41100921088045334,6.6,8.0,1.4000000000000004,0.09285714285714261,1.0,0.6857142857142858,0.302371578407382,1.0,1.0,0.0,0.1868376213455872,0.16677212115960804,0.11887649014452244,0.05731092392769468,1809.505997896195,2844.1535714694432,1052.7137539436328,19909.075000286102,7.0,1.0,4.0,2881.8745714285715,25.840714285714277,802.0374285714286,3597.271857142857,432.42914285714284,6,1,69,6.75
AS14.17,2014-04-28,7.2,7.466666666666666,7.264285714285713,0.41100921088045334,6.6,8.0,1.4000000000000004,0.07678571428571411,1.0,0.7714285714285715,0.29277002188456025,0.8666666666666666,0.9809523809523809,0.05039526306789698,0.10881482413902194,0.16643780842523012,0.11711214213056499,0.05741872545251366,2042.7979998588562,2460.06928563118,670.4611941585093,17220.48499941826,7.0,1.0,6.0,2423.035,30.83871428571428,716.7554285714285,3048.361571428571,416.27257142857144,0,0,70,7.0
AS14.17,2014-04-29,6.75,7.316666666666666,7.171428571428572,0.4470804764032462,6.6,8.0,1.4000000000000004,0.04107142857142826,0.75,0.8214285714285714,0.2447058486856262,0.16666666666666669,0.8619047619047618,0.3105720954223455,0.09738745436440811,0.1310132999496724,0.11842515056515453,0.05674847303598182,2474.662999391556,2575.850428376879,573.0138835362609,18030.952998638153,6.0,0.8571428571428571,6.0,2550.475428571429,33.52271428571428,771.0305714285714,3234.914,434.9028571428571,1,0,71,7.0
AS14.17,2014-04-30,7.0,6.983333333333333,7.228571428571428,0.38281538507173446,6.75,8.0,1.25,-0.0589285714285723,0.8,0.85,0.22546248764114515,1.0,0.8619047619047618,0.3105720954223455,0.11043061827109142,0.10554429892484046,0.1269693105182476,0.04878164578520302,2141.9099984169006,2471.4404280526296,576.4686249079633,17300.08299636841,6.0,0.8571428571428571,4.0,2431.275,44.05642857142857,701.6581428571428,3151.7721428571426,445.5995714285714,2,0,72,8.0
AS14.17,2014-05-01,7.0,6.916666666666667,7.192857142857142,0.39203376919658,6.75,8.0,1.25,-0.08035714285714357,1.0,0.85,0.22546248764114515,1.0,0.8619047619047618,0.3105720954223455,0.12463316853668994,0.1108170803907298,0.13451177554143368,0.042515562682841214,2314.4679996967334,2295.3707136767252,327.8208961800569,16067.594995737078,5.0,0.7142857142857143,4.0,2021.9075714285714,43.20428571428571,589.8684285714286,2693.5388571428566,394.9951428571429,3,0,73,7.0
AS14.17,2014-05-02,8.0,7.333333333333333,7.307142857142858,0.4970148986940041,6.75,8.0,1.25,0.007142857142857023,1.0,0.85,0.22546248764114515,1.0,0.8619047619047618,0.3105720954223455,0.08234652506199255,0.10580343728992463,0.1305873130728389,0.04627642965819004,1399.0789997577658,2095.5684277670725,390.80295809391987,14668.978994369509,4.0,0.5714285714285714,5.0,1643.755857142857,142.8675714285714,368.90299999999996,2341.322428571428,365.07842857142856,4,0,74,7.0
AS14.17,2014-05-04,7.0,7.333333333333333,7.135714285714286,0.4028174583628492,6.75,8.0,1.25,0.03214285714285697,-1.0,0.6500000000000001,0.7354137157636738,1.0,0.8619047619047618,0.3105720954223455,0.3363385812828156,0.22571666522549072,0.15977372299824052,0.097526511705398,1311.4419999122617,1934.0859996931893,442.00606642792906,13538.601997852325,8.0,1.1428571428571428,6.0,1740.8731428571427,134.23914285714287,554.9878571428571,2451.872142857143,321.75085714285717,6,1,76,7.5
AS14.19,2014-03-20,4.666666666666667,4.666666666666667,4.666666666666667,0.0,4.666666666666667,4.666666666666667,0.0,-2.7931919090258326e-16,0.6666666666666666,0.6666666666666666,0.0,0.6666666666666666,0.6666666666666666,0.0,0.10965501792114701,0.10965501792114701,0.10965501792114701,0.0,0.0,0.0,0.0,0.0,38.0,5.428571428571429,3.0,0.0,0.0,0.0,0.0,0.0,3,0,31,4.666666666666667
AS14.19,2014-03-21,4.666666666666667,4.666666666666667,4.666666666666667,0.0,4.666666666666667,4.666666666666667,0.0,-2.7931919090258326e-16,0.6666666666666666,0.6666666666666666,0.0,0.6666666666666666,0.6666666666666666,0.0,0.10965501792114701,0.10965501792114701,0.10965501792114701,0.0,0.0,0.0,0.0,0.0,38.0,5.428571428571429,3.0,0.0,0.0,0.0,0.0,0.0,4,0,32,6.6
AS14.19,2014-03-22,4.666666666666667,4.666666666666667,4.666666666666667,0.0,4.666666666666667,4.666666666666667,0.0,-2.7931919090258326e-16,0.6666666666666666,0.6666666666666666,0.0,0.6666666666666666,0.6666666666666666,0.0,0.10965501792114701,0.10965501792114701,0.10965501792114701,0.0,276.1729996204374,39.453285660062484,104.38358226091613,276.1729996204374,33.0,4.714285714285714,2.0,91.66542857142858,0.0,0.7195714285714285,127.97728571428571,19.587714285714288,5,1,33,7.0
AS14.19,2014-03-23,6.6,5.311111111111111,4.942857142857143,0.7307313144845058,4.666666666666667,6.6,1.9333333333333327,0.20714285714285646,-1.4,0.3714285714285714,0.7811265775524029,0.4,0.6285714285714284,0.10079052613579391,0.08657926861241298,0.10196310148490234,0.10635848230561358,0.008721813426768697,1931.8320002555843,315.4292856965745,720.1593530839181,2208.0049998760214,38.0,5.428571428571429,2.0,264.23357142857145,0.0,10.950000000000001,397.99271428571427,102.95457142857143,6,1,34,6.0
AS14.19,2014-03-24,7.0,6.088888888888889,5.276190476190477,1.0473448414592095,4.666666666666667,7.0,2.333333333333333,0.38809523809523744,-0.8,0.16190476190476186,0.8792733892946454,0.8,0.6476190476190476,0.11996472144565831,0.029460438699569155,0.07523157507770971,0.09490211384538817,0.03011124787629387,603.5089988708498,401.6448569638388,712.1843601168661,2811.5139987468715,39.0,5.571428571428571,0.0,309.9175714285714,0.0,20.609857142857145,485.0978571428572,129.51257142857142,0,0,35,5.5
AS14.19,2014-03-25,6.0,6.533333333333332,5.466666666666668,1.0392304845413263,4.666666666666667,7.0,2.333333333333333,0.37857142857142795,-0.4,0.00952380952380949,0.8695921320886454,0.4,0.6095238095238095,0.15118578920369088,0.11388944606136413,0.07664305112444876,0.09550703215113346,0.0304970835078826,1725.3150010108952,648.1184285368238,837.5339680175036,4536.828999757767,41.0,5.857142857142857,0.0,524.008,3.732142857142857,20.609857142857145,736.897142857143,155.85914285714287,1,0,36,6.0
AS14.19,2014-03-26,5.5,6.166666666666667,5.585714285714286,0.9782556552272658,4.666666666666667,7.0,2.333333333333333,0.2678571428571423,-1.25,-0.2642857142857143,0.9279821084755855,0.25,0.5499999999999999,0.19930434571835667,0.11325160672351993,0.08553383049481773,0.09602083055147247,0.030803920526327303,3077.6289992332463,1087.7797141415733,1178.85033534076,7614.457998991013,50.0,7.142857142857143,0.0,818.277142857143,3.732142857142857,20.609857142857145,1108.0538571428572,224.98914285714287,2,0,37,6.6
AS14.19,2014-03-27,6.0,5.833333333333333,5.776190476190477,0.8958162604500844,4.666666666666667,7.0,2.333333333333333,0.18095238095238045,-0.6,-0.44523809523809527,0.8350379391311269,0.4,0.5119047619047619,0.19877268929755423,0.10891482612696546,0.11201862630394983,0.09591508886658939,0.030750541746706724,2366.7299995422363,1425.883999790464,1154.0057949744464,9981.187998533249,45.0,6.428571428571429,0.0,1028.3424285714286,3.732142857142857,40.57357142857143,1378.0094285714288,277.5168571428572,3,0,38,6.6
AS14.19,2014-03-28,6.6,6.033333333333334,6.052380952380951,0.788307409218367,4.666666666666667,7.0,2.333333333333333,0.11071428571428489,0.0,-0.5404761904761904,0.7167220355134032,0.6,0.5023809523809524,0.1915890111837034,0.13220460848007368,0.11812368044351969,0.09913645894643605,0.033488997977717955,3007.163998603821,1855.4788567338671,1092.8415038338344,12988.35199713707,44.0,6.285714285714286,1.0,1364.8447142857144,3.732142857142857,67.77342857142857,1797.625142857143,344.27914285714286,4,0,39,7.4
AS14.19,2014-03-29,6.6,6.3999999999999995,6.328571428571428,0.5122313465427082,5.5,7.0,1.5,-0.028571428571429584,-0.6,-0.7214285714285714,0.4829226498252961,1.2,0.5785714285714286,0.32641632778955626,0.14887226502146783,0.12999723320950232,0.10473892281791043,0.03845424776345705,1929.6879992485042,2091.695285252162,845.2344757341185,14641.866996765137,49.0,7.0,2.0,1416.3804285714286,6.869142857142857,70.80814285714287,1866.2471428571428,365.27914285714286,5,1,40,7.0
AS14.19,2014-03-30,7.4,6.866666666666667,6.442857142857142,0.6528326555791157,5.5,7.4,1.9000000000000004,0.12499999999999921,0.2,-0.4928571428571429,0.4868509109818008,1.2,0.6928571428571428,0.3877591299468561,0.13795426002920017,0.13967704451024723,0.1120782073060229,0.039303954283537335,1005.2359995841982,1959.324428013393,941.5157209183623,13715.27099609375,52.0,7.428571428571429,4.0,1339.4757142857143,10.488,60.577714285714286,1743.5212857142856,323.8824285714286,6,1,41,7.2
AS14.19,2014-03-31,7.0,7.0,6.442857142857142,0.6528326555791157,5.5,7.4,1.9000000000000004,0.26428571428571357,-0.4,-0.4357142857142858,0.4678980352903517,0.8,0.6928571428571428,0.3877591299468561,0.06452367036820572,0.11711673180629123,0.1170872404015424,0.02747395839678905,1024.7169997692104,2019.4969995703016,849.3744281207167,14136.478996992111,53.0,7.571428571428571,4.0,1365.6318571428571,10.488,50.917857142857144,1768.5724285714289,330.45942857142865,0,0,42,6.4
AS14.19,2014-04-01,7.2,7.2,6.614285714285714,0.6743603671345978,5.5,7.4,1.9000000000000004,0.282142857142857,-0.4,-0.43571428571428567,0.4678980352903517,1.0,0.7785714285714285,0.3784366336842743,0.130120999549245,0.11086630998221696,0.11940603375695398,0.027841592717950815,2194.245999336242,2086.4871421882085,840.7538209903645,14605.40999531746,54.0,7.714285714285714,5.0,1429.0131428571428,6.755857142857143,50.917857142857144,1866.9629999999997,367.7651428571429,1,0,43,7.6
AS14.19,2014-04-02,6.4,6.866666666666667,6.742857142857142,0.48599431703517,6.0,7.4,1.4000000000000004,0.09999999999999945,0.0,-0.2571428571428572,0.32071349029490875,0.2,0.7714285714285714,0.39036002917941315,0.13346682929400022,0.10937049973715031,0.12229392269559401,0.0281436061175679,2892.800000905991,2060.082999570029,806.6494405021443,14420.580996990204,43.0,6.142857142857143,5.0,1474.2358571428572,6.755857142857143,50.917857142857144,1878.8652857142856,333.881,2,0,44,6.6
AS14.19,2014-04-03,7.6,7.066666666666666,6.971428571428571,0.45355736761107884,6.4,7.6,1.1999999999999993,0.0857142857142854,-0.2,-0.2,0.2828427124746184,1.0,0.8571428571428571,0.35989416433697474,0.07716355485107416,0.11358379456477313,0.11775802679903812,0.03282809977113881,1855.2750003337858,1987.0179996831077,797.3544165629236,13909.125997781754,40.0,5.714285714285714,5.0,1439.8211428571428,6.755857142857143,37.770857142857146,1822.4741428571429,313.38242857142853,3,0,45,7.0
AS14.19,2014-04-04,6.6,6.866666666666667,6.971428571428572,0.45355736761107884,6.4,7.6,1.1999999999999993,-0.007142857142857768,0.0,-0.19999999999999998,0.2828427124746184,0.6,0.8571428571428571,0.35989416433697474,0.07307714752567694,0.09456917722358378,0.10931124666269573,0.03594983865326553,2318.7070004940033,1888.6669999531337,685.109929595754,13220.668999671936,35.0,5.0,4.0,1300.8282857142858,6.755857142857143,10.571,1636.0514285714287,276.2502857142857,4,0,46,8.0
AS14.19,2014-04-05,7.0,7.066666666666666,7.028571428571429,0.4231401884099697,6.4,7.6,1.1999999999999993,-0.057142857142857675,-0.2,-0.14285714285714285,0.22253945610567388,0.4,0.7428571428571429,0.35989416433697485,0.15702115397103714,0.10242061878259608,0.11047537365549134,0.03754113329708025,3443.7340006828313,2104.959285872323,904.1872849436321,14734.715001106262,38.0,5.428571428571429,3.0,1466.1124285714286,3.6188571428571428,38.16042857142857,1837.0232857142857,311.76514285714285,5,1,47,7.25
AS14.19,2014-04-06,8.0,7.2,7.114285714285715,0.5520524474738887,6.4,8.0,1.5999999999999996,0.09999999999999926,-0.6,-0.2571428571428572,0.222539456105674,1.2,0.7428571428571429,0.35989416433697485,0.13595576600004902,0.12201802249892102,0.11018987450846975,0.03730417931172419,2214.1240007877354,2277.657571758543,763.662296706291,15943.6030023098,39.0,5.571428571428571,1.0,1533.7245714285712,51.56885714285715,45.78471428571429,1956.0815714285714,311.95814285714283,6,1,48,6.6
AS14.19,2014-04-07,7.25,7.416666666666667,7.15,0.5515130702591486,6.4,8.0,1.5999999999999996,0.09821428571428556,-1.25,-0.3785714285714286,0.43956146977901217,1.0,0.7714285714285715,0.37289089429432165,0.09422410643417789,0.12906700880175467,0.11443279394646577,0.03264224705512823,2215.8329999446864,2447.8170003550395,537.0231533223018,17134.719002485275,42.0,6.0,2.0,1698.7722857142855,51.56885714285715,45.78471428571429,2135.487857142857,326.45828571428564,0,0,49,6.8
AS14.19,2014-04-08,6.6,7.283333333333334,7.064285714285715,0.5878734881717697,6.4,8.0,1.5999999999999996,0.04642857142857084,-1.0,-0.4642857142857143,0.4989274210028661,0.6,0.7142857142857143,0.3625307868699862,0.18343492913073647,0.13787160052165445,0.12204906960096454,0.04183742152245261,2958.0630025863647,2556.9337151050568,554.2368223355862,17898.536005735397,47.0,6.714285714285714,1.0,1769.7352857142857,51.56885714285715,76.439,2207.372857142857,327.36285714285714,1,0,50,7.2
AS14.19,2014-04-09,6.8,6.883333333333333,7.121428571428572,0.5290377608271062,6.6,8.0,1.4000000000000004,-0.07678571428571486,-0.4,-0.5214285714285715,0.45812765948035944,1.0,0.8285714285714286,0.29277002188455975,0.08906279785658473,0.12224061114049968,0.11570563653847662,0.04316301256852251,2237.5000007152544,2463.3194293635233,543.2858403398646,17243.236005544662,54.0,7.714285714285714,3.0,1705.2535714285716,51.56885714285715,76.439,2170.922,350.4668571428571,2,0,51,6.75
AS14.19,2014-04-10,7.2,6.866666666666667,7.064285714285715,0.48880320316930953,6.6,8.0,1.4000000000000004,-7.44851175740222e-16,-0.4,-0.55,0.440643468880076,0.8,0.8,0.28284271247461884,0.11756512889589066,0.13002095196107064,0.1214772899734504,0.03971367457890996,2120.3190016746516,2501.1828581265036,501.4732988803395,17508.280006885525,59.0,8.428571428571429,4.0,1750.7915714285716,51.56885714285715,69.62228571428571,2232.5671428571427,363.7974285714286,3,0,52,6.8
AS14.19,2014-04-11,6.75,6.916666666666667,7.0857142857142845,0.4678980352903583,6.6,8.0,1.4000000000000004,-0.10000000000000038,-0.5,-0.6214285714285713,0.3717718194192314,0.75,0.8214285714285714,0.2705813846410828,0.07280121100164204,0.09314304591803914,0.12143787047001685,0.039769820402707295,1047.3950006961823,2319.5668581553864,748.1269848332511,16236.968007087706,61.0,8.714285714285714,4.0,1624.529,51.56885714285715,79.28142857142858,2101.5472857142854,360.482,4,0,53,7.2
AS14.19,2014-04-12,6.8,6.916666666666667,7.057142857142857,0.4799553550666444,6.6,8.0,1.4000000000000004,-0.14285714285714382,-0.6,-0.6785714285714286,0.3238532883590226,1.0,0.9071428571428573,0.2008908730060743,0.1110938994618982,0.10048674645314364,0.11487683411156843,0.03658170985161437,2199.39700126648,2141.8044296673365,560.9005520747781,14992.631007671354,56.0,8.0,4.0,1521.9081428571428,51.56885714285715,56.718,1951.982714285714,320.45842857142856,5,1,54,7.2
AS14.19,2014-04-13,7.2,6.916666666666667,6.942857142857142,0.2652492089661119,6.6,7.25,0.6500000000000004,0.007142857142856651,0.2,-0.5642857142857143,0.46611361786790206,0.8,0.85,0.15545631755147982,0.06605497341205051,0.08331669462519692,0.10489100659899721,0.03930768463637096,1596.506999731065,2053.5734295163834,595.1586310838128,14375.014006614685,51.0,7.285714285714286,4.0,1553.9532857142858,0.0,104.66871428571429,1939.3871428571426,330.23228571428575,6,1,55,7.0
AS14.19,2014-04-14,7.2,7.066666666666666,6.935714285714285,0.2561156732713626,6.6,7.2,0.6000000000000005,0.078571428571428,-0.6,-0.4714285714285715,0.3592319850008054,1.0,0.85,0.15545631755147982,0.11367449436267445,0.09694112241220772,0.1076696334459253,0.03911497146643793,1506.4069986343386,1952.2268579006195,622.6887690708847,13665.588005304337,49.0,7.0,3.0,1475.1212857142857,0.0,137.07957142857143,1854.2187142857142,322.13771428571425,0,0,56,6.4
AS14.19,2014-04-15,7.0,7.133333333333333,6.992857142857143,0.20902266908276138,6.75,7.2,0.4500000000000002,0.03749999999999937,0.4,-0.2714285714285714,0.40296519996266694,0.8,0.8785714285714287,0.11495340671022133,0.14592902118511944,0.10855282965328146,0.10231164659655144,0.02799503085473744,3232.863999366761,1991.4841431549617,700.4742459921449,13940.389002084732,53.0,7.571428571428571,3.0,1524.6571428571428,0.0,136.21457142857142,1910.0678571428568,321.6885714285714,1,0,57,6.8
AS14.19,2014-04-16,6.4,6.866666666666667,6.935714285714285,0.3037464481469863,6.4,7.2,0.7999999999999998,-0.053571428571429165,-1.0,-0.35714285714285715,0.48941169737125134,1.0,0.8785714285714287,0.11495340671022133,0.13076563958916904,0.13012305171232097,0.10826919541549206,0.02912038668506194,3326.460000514986,2147.049857412066,865.6612995456446,15029.349001884464,49.0,7.0,1.0,1551.4142857142856,0.0,138.95771428571427,1921.7941428571428,310.5992857142857,2,0,58,6.8
AS14.19,2014-04-17,6.8,6.733333333333334,6.878571428571428,0.282632185677706,6.4,7.2,0.7999999999999998,-0.03035714285714365,-0.6,-0.38571428571428573,0.49809159608975323,1.0,0.9071428571428571,0.1170063083362432,0.07721354166666668,0.1179694008136517,0.10250468295417434,0.03091227789299726,1367.3910002708437,2039.4887143543795,914.9120642248901,14276.421000480655,45.0,6.428571428571429,1.0,1563.104142857143,0.0,189.6332857142857,1905.1501428571428,282.7364285714286,3,0,59,6.8
AS14.19,2014-04-18,6.8,6.666666666666667,6.885714285714286,0.27945525240231756,6.4,7.2,0.7999999999999998,-0.05714285714285805,-0.8,-0.42857142857142855,0.5219012860502954,1.0,0.9428571428571428,0.09759000729485229,0.1014676704014939,0.1031489505524432,0.10659989143986746,0.02809150989300805,2712.586998701095,2277.3732854979385,826.142884229557,15941.612998485569,42.0,6.0,1.0,1843.774714285714,0.0,193.9665714285714,2176.9952857142857,271.73400000000004,4,0,60,6.8
AS14.19,2014-04-19,6.8,6.8,6.885714285714286,0.27945525240231756,6.4,7.2,0.7999999999999998,-0.07857142857142949,-1.0,-0.4857142857142857,0.5639993245521114,1.0,0.9428571428571428,0.09759000729485229,0.06493055555555556,0.08120392254123872,0.10000512802467565,0.03200650632250386,1521.0669999122622,2180.468999590193,875.1436266219025,15263.282997131351,39.0,5.571428571428571,2.0,1839.3917142857142,32.73314285714286,185.1862857142857,2190.632,256.89128571428574,5,1,61,7.6
AS14.19,2014-04-20,6.8,6.8,6.828571428571428,0.24299715851759207,6.4,7.2,0.7999999999999998,-0.04285714285714326,-0.4,-0.5714285714285714,0.48205907561309563,0.8,0.9428571428571428,0.09759000729485229,0.11031735913804186,0.09223852836503044,0.10632832598553156,0.028344158619205227,1113.8729996681213,2111.521285295487,945.0394261552141,14780.648997068407,39.0,5.571428571428571,2.0,1752.039857142857,32.73314285714286,175.8832857142857,2079.7932857142855,230.5817142857143,6,1,62,6.4
AS14.19,2014-04-21,7.6,7.066666666666666,6.885714285714286,0.36253078686999274,6.4,7.6,1.1999999999999993,0.09285714285714224,0.2,-0.4571428571428572,0.5623081683476384,1.2,0.9714285714285714,0.13801311186847004,0.10195700631156769,0.09240164033505503,0.10465439912108773,0.02818355310820508,1732.9319996833808,2143.8819997310643,924.5208793670776,15007.17399811745,37.0,5.285714285714286,2.0,1704.5217142857143,32.73314285714286,154.36014285714285,2011.0397142857144,212.18714285714285,0,0,63,6.8
AS14.19,2014-04-22,6.4,6.933333333333334,6.8,0.4000000000000057,6.4,7.6,1.1999999999999993,0.05714285714285693,-0.2,-0.5428571428571428,0.44293394111365647,1.0,1.0,0.11547005383792408,0.13346984280942725,0.11524806941967893,0.10287451649598886,0.025398279102239088,1414.7530000209802,1884.1518569673813,816.6968237542226,13189.06299877167,28.0,4.0,2.0,1479.7061428571428,32.73314285714286,134.93014285714284,1748.8415714285716,183.85157142857142,1,0,64,6.0
AS14.19,2014-04-23,6.8,6.933333333333333,6.857142857142857,0.35989416433698135,6.4,7.6,1.1999999999999993,-3.72425587870111e-16,0.6,-0.31428571428571433,0.5639993245521114,1.2,1.0285714285714287,0.13801311186846985,0.13701083958092172,0.12414589623397221,0.10376668792338209,0.026621537350737908,3311.406999349594,1882.0014282294683,812.2739995108228,13174.009997606277,31.0,4.428571428571429,2.0,1698.5511428571428,32.73314285714286,135.82542857142857,1982.6905714285717,200.91414285714285,2,0,65,6.6
AS14.19,2014-04-24,6.0,6.400000000000001,6.742857142857142,0.48599431703516943,6.0,7.6,1.5999999999999996,-0.10000000000000056,-1.0,-0.37142857142857144,0.6156684327197707,1.0,1.0285714285714287,0.13801311186846985,0.11064682679520278,0.12704250306185058,0.10854287151317298,0.023926347863397045,2593.4109997749338,2057.147142444338,814.9930305587213,14400.029997110367,31.0,4.428571428571429,2.0,1779.5647142857142,32.73314285714286,112.74514285714284,2078.0099999999998,215.34599999999998,3,0,66,7.25
AS14.19,2014-04-25,6.6,6.466666666666666,6.714285714285714,0.4879500364742713,6.0,7.6,1.5999999999999996,-0.10714285714285778,-0.6,-0.34285714285714286,0.5968169536721255,0.8,1.0,0.1632993161855444,0.1056023849974434,0.11775335045785597,0.10913354502688002,0.023773116666596407,1676.844000577927,1909.1838569981714,768.8800271411175,13364.2869989872,35.0,5.0,2.0,1649.9412857142856,32.73314285714286,98.75271428571429,1968.3205714285716,235.59457142857144,4,0,67,7.75
AS14.19,2014-04-26,7.25,6.616666666666667,6.778571428571429,0.5290377608271049,6.0,7.6,1.5999999999999996,-0.03750000000000012,-0.75,-0.3071428571428571,0.557097067715441,0.75,0.9642857142857143,0.18866700319673776,0.07677511149518858,0.09767477442927826,0.11082562444682763,0.02026527600494922,1710.5609986782079,1936.2544282504493,756.1685891295041,13553.780997753145,38.0,5.428571428571429,1.0,1632.7282857142857,0.0,135.71800000000002,1919.6838571428575,236.40757142857143,5,1,68,6.333333333333333
AS14.19,2014-04-27,7.75,7.2,6.914285714285714,0.6446667651548686,6.0,7.75,1.75,0.06964285714285616,1.0,-0.10714285714285716,0.7396105796456736,1.5,1.0642857142857143,0.2593490018525317,0.24910271579896326,0.14382673743053176,0.13065210396981639,0.05602493358109245,1374.8749997615814,1973.5404282638008,714.1252853656046,13814.782997846605,38.0,5.428571428571429,2.0,1590.1862857142858,0.0,89.44600000000001,1896.887142857143,257.99371428571425,6,1,69,6.4
AS14.19,2014-04-28,6.333333333333333,7.111111111111111,6.733333333333333,0.596051824741593,6.0,7.75,1.75,0.10535714285714258,-1.5,-0.35000000000000003,0.8864724097981466,0.8333333333333334,1.011904761904762,0.26435005651777743,0.04486664230909752,0.12358148986774979,0.12249633768374922,0.0644242193502445,2260.1589999198914,2048.8585711547307,712.3198685007441,14342.009998083115,38.0,5.428571428571429,2.0,1711.2327142857143,0.0,135.15685714285715,2072.435857142857,269.1025714285714,0,0,70,7.2
AS14.19,2014-04-29,6.4,6.827777777777778,6.733333333333333,0.596051824741593,6.0,7.75,1.75,0.022023809523809158,0.0,-0.32142857142857145,0.8952919183415088,0.6,0.9547619047619048,0.3071243995930584,0.10377999025697233,0.13258311612167772,0.11825493017625566,0.06455854877044388,2972.204998731613,2271.3517138276784,724.3794966022346,15899.461996793749,36.0,5.142857142857143,2.0,1874.0098571428573,0.0,210.42271428571425,2251.0654285714286,274.82471428571426,1,0,71,7.0
AS14.19,2014-04-30,7.2,6.644444444444445,6.79047619047619,0.6221123769254349,6.0,7.75,1.75,0.08154761904761862,0.4,-0.35,0.8636164272021076,0.6,0.869047619047619,0.310976444777332,0.02568243249036055,0.058109688352143474,0.1023508720204612,0.07240412861792188,1961.0969986915586,2078.4502851622447,563.0897195592969,14549.151996135713,35.0,5.0,2.0,1599.845857142857,0.0,231.5422857142857,1939.3697142857143,237.91828571428573,2,0,72,6.8
AS14.19,2014-05-01,7.0,6.866666666666667,6.933333333333333,0.5161287522400718,6.333333333333333,7.75,1.416666666666667,-0.008928571428571837,0.4,-0.14999999999999997,0.8499999999999999,0.8,0.8404761904761905,0.3060890004401922,0.04454670107302971,0.0580030412734542,0.09290799691729361,0.07539061737303104,2601.2079992294316,2079.564142227173,564.2845911594045,14556.94899559021,43.0,6.142857142857143,1.0,1603.4978571428571,0.7321428571428571,256.94557142857144,1972.9237142857144,267.82257142857145,3,0,73,7.8
AS14.19,2014-05-02,6.8,7.0,6.961904761904762,0.4998809382052459,6.333333333333333,7.75,1.416666666666667,-0.07083333333333419,-0.2,-0.09285714285714285,0.8278629976373764,0.8,0.8404761904761905,0.3060890004401922,0.12626491862973474,0.06549801739770833,0.09585978743619239,0.07636864146346203,2011.9519994258899,2127.4367134911677,538.0285009067559,14892.056994438173,40.0,5.714285714285714,1.0,1646.332,0.7321428571428571,304.8024285714286,2012.3461428571427,263.6784285714285,4,0,74,7.4
AS14.19,2014-05-03,7.8,7.2,7.04047619047619,0.5881434335370093,6.333333333333333,7.8,1.4666666666666668,0.060119047619046795,0.4,0.07142857142857142,0.7889112449325033,1.2,0.9047619047619049,0.33022358947782465,0.19230524793625595,0.12103895587967346,0.11236409264205914,0.08368967853210879,1432.8610005378728,2087.7652851854054,582.3059491631602,14614.356996297838,43.0,6.142857142857143,1.0,1601.4060000000002,0.7321428571428571,267.83714285714285,1995.5492857142856,287.24928571428575,5,1,75,6.6
AS14.19,2014-05-04,7.4,7.333333333333333,6.990476190476191,0.5297498661018472,6.333333333333333,7.8,1.4666666666666668,0.19999999999999946,0.4,-0.014285714285714275,0.6986381310057718,1.0,0.8333333333333334,0.21343747458109455,0.19011876257542557,0.1695629763804721,0.1039378136101252,0.0693723001182498,2152.01800107956,2198.7857139451166,490.5980047892292,15391.499997615818,50.0,7.142857142857143,2.0,1701.9474285714284,0.7321428571428571,269.1337142857143,2110.0994285714287,298.2382857142857,6,1,76,7.0
AS14.20,2014-03-19,7.0,7.0,7.0,0.0,7.0,7.0,0.0,-9.310639696752773e-16,-1.0,-1.0,0.0,1.0,1.0,0.0,0.007716049382716034,0.007716049382716034,0.007716049382716034,0.0,0.0,0.0,0.0,0.0,2.0,0.2857142857142857,2.0,0.0,0.0,0.0,0.0,0.0,2,0,30,7.0
AS14.20,2014-03-20,7.0,7.0,7.0,0.0,7.0,7.0,0.0,-9.310639696752773e-16,-1.0,-1.0,0.0,1.0,1.0,0.0,0.007716049382716034,0.007716049382716034,0.007716049382716034,0.0,0.0,0.0,0.0,0.0,1.0,0.14285714285714285,2.0,0.0,0.0,0.0,0.0,0.0,3,0,31,7.0
AS14.20,2014-03-21,7.0,7.0,7.0,0.0,7.0,7.0,0.0,-9.310639696752773e-16,-1.0,-1.0,0.0,1.0,1.0,0.0,0.007716049382716034,0.007716049382716034,0.007716049382716034,0.0,131.77599978446963,18.825142826352806,49.8066463138011,131.77599978446963,0.0,0.0,2.0,7.663285714285714,15.228142857142856,6.793857142857143,28.021285714285714,5.1298571428571424,4,0,32,7.5
AS14.20,2014-03-22,7.0,7.0,7.0,0.0,7.0,7.0,0.0,-9.310639696752773e-16,0.25,-0.8214285714285714,0.472455591261534,0.25,0.8928571428571429,0.2834733547569204,0.007716049382716034,0.007716049382716034,0.007716049382716034,0.0,30.0939998626709,23.12428566387722,49.20608843540738,161.86999964714053,0.0,0.0,2.0,7.663285714285714,15.228142857142856,6.793857142857143,32.31957142857143,9.428142857142857,5,1,33,7.6
AS14.20,2014-03-23,7.5,7.166666666666667,7.071428571428571,0.18898223650461365,7.0,7.5,0.5,0.05357142857142786,1.0,-0.5357142857142857,0.8219460068004698,0.5,0.8214285714285714,0.31339158526400435,0.007716049382716034,0.007716049382716034,0.007716049382716034,0.0,582.3540003299713,106.31771428244454,215.36115018558425,744.2239999771118,0.0,0.0,1.0,65.65585714285714,15.228142857142856,7.224285714285714,115.49057142857143,13.69542857142857,6,1,34,6.8
AS14.20,2014-03-24,7.6,7.366666666666667,7.1571428571428575,0.2699206232527313,7.0,7.6,0.5999999999999996,0.09999999999999908,0.8,-0.2785714285714286,0.9272976611536083,0.8,0.7928571428571428,0.30335426406070104,0.04320987654320987,0.019547325102880646,0.012786596119929439,0.013415405677796647,691.3710000514973,205.08500000408702,300.27254391433684,1435.595000028609,0.0,0.0,2.0,159.60028571428572,22.121714285714287,7.224285714285714,223.55357142857142,14.983,0,0,35,6.0
AS14.20,2014-03-25,6.8,7.3,7.128571428571428,0.2984084768360629,6.8,7.6,0.7999999999999998,0.03928571428571381,-0.2,-0.16428571428571428,0.8711650655464619,0.4,0.7071428571428572,0.3194116615338418,0.03333333333333333,0.02808641975308641,0.016446208112874765,0.015179741452174544,249.11499953269964,240.67285708018696,286.354942453608,1684.7099995613087,0.0,0.0,2.0,225.40628571428573,92.85485714285713,39.836000000000006,378.65871428571427,31.541285714285713,1,0,36,6.8
AS14.20,2014-03-26,6.0,6.8,6.985714285714286,0.5241773600241665,6.0,7.6,1.5999999999999996,-0.10000000000000038,-0.75,-0.12857142857142856,0.8355921766713027,-0.5,0.4928571428571429,0.5263305135785018,0.07893518518518522,0.05182613168724281,0.026620370370370367,0.02734534952518202,1643.072000265121,475.3974285466328,579.5293320050915,3327.7819998264295,0.0,0.0,2.0,334.771,142.91157142857142,114.56271428571429,662.411,92.84799999999998,2,0,37,7.0
AS14.20,2014-03-27,6.8,6.533333333333334,6.957142857142857,0.5287001130355556,6.0,7.6,1.5999999999999996,-0.1178571428571435,0.4,0.07142857142857144,0.7560076845162481,0.4,0.40714285714285714,0.4764701559634239,0.025762156714537646,0.046010225077685395,0.029198385703487737,0.026087828838995998,333.0699996948243,522.9788570744648,546.737584141176,3660.851999521254,0.0,0.0,2.0,395.93485714285714,147.3162857142857,164.18628571428573,744.3414285714285,98.79114285714286,3,0,38,6.25
AS14.20,2014-03-28,7.0,6.599999999999999,6.957142857142857,0.5287001130355556,6.0,7.6,1.5999999999999996,-0.10714285714285778,0.25,0.25,0.5901977069875256,0.75,0.37142857142857144,0.43191158707265426,0.05700000000000001,0.05389911396657429,0.03623895007738546,0.02597402881716277,511.8670003414155,577.2775714397428,519.6115954267062,4040.9430000782,0.0,0.0,2.0,440.5187142857143,227.67285714285714,193.20328571428573,885.9419999999999,115.45128571428572,4,0,39,7.4
AS14.20,2014-03-29,6.25,6.683333333333333,6.8500000000000005,0.5909032633745276,6.0,7.6,1.5999999999999996,-0.17678571428571488,0.5,0.2857142857142857,0.5977138987524923,0.0,0.33571428571428574,0.4534261109544068,0.02380952380952381,0.03552389350802049,0.038538017852643706,0.02363555169242735,460.5519998073581,638.771571431841,466.855022898828,4471.401000022887,0.0,0.0,2.0,459.56857142857143,227.67285714285714,193.20328571428573,917.0021428571428,126.31485714285715,5,1,40,7.5
AS14.20,2014-03-30,7.4,6.883333333333333,6.835714285714286,0.5735229476041661,6.0,7.6,1.5999999999999996,-0.025000000000000886,1.0,0.2857142857142857,0.5977138987524923,1.0,0.40714285714285714,0.5183536207942182,0.13813915857605177,0.0729828941285252,0.05716989059454881,0.04060419219485743,226.39199995994568,587.9198570932659,492.6957081734622,4115.438999652862,4.0,0.5714285714285714,2.0,404.59457142857144,227.67285714285714,192.77285714285716,853.9601428571428,129.44414285714285,6,1,41,7.0
AS14.20,2014-03-31,7.5,7.05,6.821428571428571,0.5521602596900217,6.0,7.5,1.5,0.1553571428571424,1.0,0.31428571428571433,0.6302871605561267,1.0,0.43571428571428567,0.5482656637937835,0.3802083333333333,0.18071900523963633,0.10531252727885217,0.127689181066858,509.87300038337776,561.9915714263917,491.11736648769687,3933.9409999847417,4.0,0.5714285714285714,3.0,381.3272857142857,220.7792857142857,239.5531428571429,821.8185714285713,131.3325714285714,0,0,42,6.25
AS14.20,2014-04-01,7.0,7.3,6.8500000000000005,0.5560275772537423,6.0,7.5,1.5,0.17142857142857099,1.0,0.4857142857142857,0.6302871605561267,1.0,0.5214285714285715,0.5872656574166009,0.0125,0.17694916396979501,0.10233633680266167,0.1298706527406764,20.71399974822997,529.3628571714675,521.9857653549595,3705.540000200272,5.0,0.7142857142857143,5.0,318.4797142857143,150.04614285714283,206.9414285714286,669.6718571428571,114.77428571428571,1,0,43,6.5
AS14.20,2014-04-02,6.25,6.916666666666667,6.885714285714286,0.4972543662572552,6.25,7.5,1.25,-0.014285714285714977,0.0,0.5928571428571429,0.4107194616651078,0.0,0.5928571428571429,0.4586470787622471,0.0,0.13090277777777778,0.09105988177620664,0.1355441634838096,29.6319999694824,298.8714285578048,213.03897099594957,2092.0999999046335,5.0,0.7142857142857143,9.0,209.115,99.98942857142858,132.2147142857143,391.39671428571427,58.944714285714284,2,0,44,6.666666666666667
AS14.20,2014-04-03,6.5,6.583333333333333,6.842857142857143,0.518353620794218,6.25,7.5,1.25,-0.0678571428571434,0.0,0.5357142857142857,0.46611361786790195,0.25,0.5714285714285714,0.472455591261534,0.06712962962962966,0.02654320987654322,0.09696952076407693,0.1331025411515216,956.8670005798349,387.985285827092,328.76366704391836,2715.897000789644,5.0,0.7142857142857143,9.0,362.9461428571429,105.921,195.34785714285718,603.4518571428572,105.71985714285714,3,0,45,7.0
AS14.20,2014-04-04,6.666666666666667,6.472222222222222,6.795238095238096,0.5168202536696624,6.25,7.5,1.25,-0.0642857142857147,0.3333333333333333,0.5476190476190477,0.4586038162918622,0.3333333333333333,0.511904761904762,0.472455591261534,0.05502297410192151,0.040717534577183724,0.09668708849292287,0.1332035476109219,54.6529998779297,322.66900004659414,345.06364291169893,2258.683000326159,6.0,0.8571428571428571,9.0,310.699,10.336285714285713,159.53700000000003,441.63642857142855,90.10957142857144,4,0,46,7.0
AS14.20,2014-04-05,7.0,6.722222222222222,6.902380952380952,0.4595114728173752,6.25,7.5,1.25,-0.12023809523809657,0.75,0.5833333333333333,0.4639803635691683,0.5,0.5833333333333333,0.41666666666666674,0.01574074074074075,0.04596444815743064,0.09553440519738243,0.1339720005608052,1509.5809988975525,472.5302856309076,569.6421454052569,3307.711999416353,6.0,0.8571428571428571,9.0,452.4852857142857,10.336285714285713,211.54171428571433,615.0367142857142,106.16985714285714,5,1,47,7.0
AS14.20,2014-04-06,7.0,6.888888888888889,6.845238095238095,0.40946151242666246,6.25,7.5,1.25,-0.03869047619047647,0.4,0.4976190476190476,0.42822075600444176,0.8,0.5547619047619048,0.38929117514736844,0.09056023599628252,0.05377465027964826,0.0887374162574154,0.1326506474062729,371.16000032424887,493.2114285400938,561.790434577599,3452.4799997806563,4.0,0.5714285714285714,9.0,462.9697142857143,74.63085714285715,211.54171428571433,710.2267142857143,114.30957142857143,6,1,48,6.8
AS14.20,2014-04-07,7.0,7.0,6.773809523809524,0.306995165672086,6.25,7.0,0.75,0.0714285714285706,0.6,0.4404761904761904,0.3731568460393451,0.8,0.5261904761904762,0.3571825374781991,0.06022714082246478,0.055509372519829354,0.04302581732729132,0.03368445217722979,952.4069995880129,556.4305712836131,588.2540974112126,3895.0139989852914,7.0,1.0,8.0,540.4967142857143,136.38442857142857,227.2457142857143,877.2655714285713,144.13614285714286,0,0,49,7.25
AS14.20,2014-04-08,6.8,6.933333333333333,6.745238095238095,0.2913433582235096,6.25,7.0,0.75,0.10654761904761847,0.6,0.3833333333333333,0.29580398915498046,1.0,0.5261904761904762,0.35718253747819917,0.029011707988980725,0.05993302826924268,0.04538463275428856,0.031710869788336433,290.2020001411439,594.9288570540293,555.2428717463187,4164.501999378205,6.0,0.8571428571428571,6.0,646.202,136.38442857142857,261.3994285714286,993.533,154.69828571428573,1,0,50,7.75
AS14.20,2014-04-09,7.25,7.016666666666666,6.8880952380952385,0.25031725901089924,6.5,7.25,0.75,0.08988095238095163,0.5,0.45476190476190476,0.2435680537866093,0.75,0.6333333333333334,0.27638539919628347,0.003367003367003367,0.030868617392816294,0.04586563323528904,0.03092348712344583,20.892999887466438,593.6804284708842,556.7335685969826,4155.762999296189,6.0,0.8571428571428571,4.0,646.7768571428571,136.38442857142857,261.9742857142857,998.0912857142856,158.68171428571432,2,0,51,7.0
AS14.20,2014-04-10,7.75,7.266666666666666,7.066666666666667,0.352372908531098,6.666666666666667,7.75,1.083333333333333,0.12678571428571347,0.25,0.49047619047619045,0.17423301310929176,1.0,0.7404761904761905,0.24680498052652522,0.069361289395536,0.03391333358384003,0.046184441773275665,0.03118960611805982,1169.1359999179836,624.0045712334769,584.8819469952379,4368.031998634338,6.0,0.8571428571428571,8.0,613.3308571428571,136.61471428571429,293.16228571428576,937.0935714285714,140.51814285714286,3,0,52,7.5
AS14.20,2014-04-11,7.0,7.333333333333333,7.114285714285714,0.3091847960285836,6.8,7.75,0.9500000000000002,0.062499999999999514,0.5,0.5142857142857143,0.1599851183555454,0.5,0.7642857142857143,0.20557700445795207,0.02183641975308642,0.031521570838541936,0.04144350543772779,0.03213025666461797,652.325000047684,709.3862855434418,528.855986452404,4965.703998804092,5.0,0.7142857142857143,9.0,720.4134285714284,154.3272857142857,340.3784285714286,1063.1072857142856,141.92985714285714,4,0,53,6.8
AS14.20,2014-04-12,7.5,7.416666666666667,7.185714285714285,0.3350550772065741,6.8,7.75,0.9500000000000002,0.08749999999999929,0.5,0.47857142857142854,0.12198750911856572,0.75,0.8,0.17078251276599357,0.05509259259259256,0.04876343391373833,0.047065198559420915,0.030272544745517986,169.1849999427795,517.9011428356171,422.88135786513476,3625.3079998493195,7.0,1.0,9.0,569.9122857142856,154.3272857142857,288.3737142857143,878.4942857142858,118.62228571428571,5,1,54,6.8
AS14.20,2014-04-13,6.8,7.1000000000000005,7.1571428571428575,0.3610500558885728,6.8,7.75,0.9500000000000002,0.019642857142856626,0.0,0.4214285714285714,0.21957751641341944,0.6,0.7714285714285715,0.18676443018131816,0.04598055910316446,0.040969857149614486,0.04069667328897547,0.023537251165228465,2160.509000062942,773.5224285125732,740.743295037782,5414.656999588013,11.0,1.5714285714285714,10.0,811.4081428571428,147.8007142857143,303.404,1111.1512857142857,119.535,6,1,55,6.8
AS14.20,2014-04-14,6.8,7.033333333333334,7.128571428571428,0.3828153850717312,6.8,7.75,0.9500000000000002,-0.041071428571429376,0.0,0.3357142857142857,0.25284100029182605,0.6,0.7428571428571428,0.196698948117361,0.0,0.033691050565252345,0.03209279602862336,0.02607874703605982,5.01699995994568,638.180999994278,787.6741672896845,4467.266999959946,8.0,1.1428571428571428,9.0,663.204,86.04714285714284,240.91971428571432,869.9697142857142,88.31114285714285,0,0,56,6.8
AS14.20,2014-04-15,6.8,6.8,7.128571428571428,0.3828153850717312,6.8,7.75,0.9500000000000002,-0.12321428571428626,0.0,0.25,0.2499999999999995,0.2,0.6285714285714284,0.2480879260415934,0.005,0.016993519701054824,0.028662552030197543,0.02805579784923905,0.0,596.7235714026859,816.1636006963624,4177.064999818802,8.0,1.1428571428571428,10.0,554.5402857142857,86.04714285714284,206.76600000000005,750.7438571428572,77.74900000000001,1,0,57,7.2
AS14.20,2014-04-16,6.8,6.8,7.064285714285715,0.3965626114019119,6.8,7.75,0.9500000000000002,-0.141071428571429,0.0,0.17857142857142858,0.2377974328028349,0.6,0.6071428571428571,0.24226117351007004,0.10694444444444444,0.03731481481481482,0.043459329326974834,0.03803144384789805,699.7319998741151,693.7005714007786,775.6649038248955,4855.90399980545,8.0,1.1428571428571428,8.0,633.525857142857,89.49528571428571,225.55414285714286,840.6281428571428,83.17899999999999,2,0,58,6.4
AS14.20,2014-04-17,7.2,6.933333333333334,6.985714285714287,0.27342623276105765,6.8,7.5,0.7000000000000002,-0.028571428571429025,0.4,0.19999999999999998,0.2516611478423578,0.6,0.5499999999999999,0.1707825127659935,0.004629629629629634,0.038858024691358024,0.034211949360416785,0.03854992459224426,11.29800009727478,528.2951428549629,780.8177327049965,3698.0659999847408,8.0,1.1428571428571428,5.0,451.9768571428571,78.92871428571428,81.60942857142858,609.2511428571428,48.62428571428571,3,0,59,6.75
AS14.20,2014-04-18,6.4,6.8,6.9,0.35118845842842394,6.4,7.5,1.0999999999999996,-0.08928571428571466,-0.4,0.07142857142857142,0.29840847683606236,0.4,0.5357142857142857,0.17961599250040297,0.014580010632642209,0.04205136156890543,0.03317531948606761,0.039032715319077205,849.4099998474125,556.4501428263528,789.5399934963966,3895.1509997844696,8.0,1.1428571428571428,5.0,458.60800000000006,133.494,80.08142857142859,693.4654285714286,67.47857142857143,4,0,60,7.5
AS14.20,2014-04-19,6.75,6.783333333333334,6.792857142857143,0.23171205447813034,6.4,7.2,0.7999999999999998,-0.01964285714285756,0.0,0.0,0.23094010767584972,0.5,0.5,0.15275252316519483,0.006430041152263367,0.008546560471511736,0.026223526423163446,0.038811442162248376,93.54699969291683,545.6447142192295,796.2127161339314,3819.512999534607,6.0,0.8571428571428571,5.0,450.3634285714285,133.494,82.17185714285715,675.3111428571427,63.464999999999996,5,1,61,7.6
AS14.20,2014-04-20,7.5,6.883333333333334,6.892857142857143,0.35405810661124854,6.4,7.5,1.0999999999999996,0.05714285714285637,0.0,0.0,0.23094010767584972,1.0,0.5571428571428572,0.24397501823713344,0.0362707535121329,0.019093601765679494,0.024836411338730362,0.038155615729836695,2565.400000810623,603.4862857546125,935.5865682587237,4224.404000282288,0.0,0.0,4.0,535.3197142857142,103.7902857142857,72.1957142857143,699.9257142857142,51.15714285714286,6,1,62,7.4
AS14.20,2014-04-21,7.6,7.283333333333332,7.007142857142858,0.4382052139395517,6.4,7.6,1.1999999999999993,0.11964285714285663,-0.4,-0.05714285714285715,0.2760262237369412,0.6,0.5571428571428572,0.24397501823713344,0.17375,0.07215026488813209,0.04965783991015893,0.06580373902224104,758.62700009346,711.1448572022574,897.8403662307094,4978.014000415802,1.0,0.14285714285714285,4.0,577.6009999999999,103.7902857142857,74.10328571428572,786.776857142857,69.2372857142857,0,0,63,6.4
AS14.20,2014-04-22,7.4,7.5,7.0928571428571425,0.44947058805199697,6.4,7.6,1.1999999999999993,0.13214285714285604,0.2,-0.028571428571428574,0.29277002188455953,0.8,0.6428571428571429,0.19880595947760119,0.06042250233426701,0.09014775194879997,0.05757534024362565,0.06280066351400244,719.6380009651183,813.9502859115601,842.3247960021913,5697.65200138092,1.0,0.14285714285714285,3.0,676.5495714285714,105.90214285714285,124.27657142857144,903.1257142857141,82.51885714285713,1,0,64,7.0
AS14.20,2014-04-23,6.4,7.133333333333333,7.035714285714286,0.5137397896100419,6.4,7.6,1.1999999999999993,0.016071428571428115,0.0,-0.028571428571428574,0.29277002188455953,0.0,0.5571428571428572,0.31547394428670267,0.057294584500466865,0.09715569561157796,0.05048250310877171,0.058983263206097744,0.0,713.9885716438293,897.8297177634868,4997.920001506805,1.0,0.14285714285714285,9.0,596.9891428571428,102.45399999999998,104.91357142857146,803.2059999999999,67.62828571428571,2,0,65,7.0
AS14.20,2014-04-24,7.0,6.933333333333334,7.007142857142857,0.5086162366563565,6.4,7.6,1.1999999999999993,0.035714285714285116,-0.3333333333333333,-0.13333333333333333,0.24037008503093202,0.3333333333333333,0.5190476190476191,0.3253813391591717,0.05416666666666672,0.057294584500466865,0.057559222685491296,0.05542965416587834,317.956999540329,757.7970001356942,864.6985920451737,5304.57900094986,1.0,0.14285714285714285,9.0,637.776,104.17757142857143,116.79214285714288,846.9921428571428,68.79342857142856,3,0,66,7.0
AS14.20,2014-04-25,7.0,6.8,7.0928571428571425,0.4343851703160164,6.4,7.6,1.1999999999999993,-0.05178571428571491,-0.2,-0.10476190476190475,0.21380899352993885,0.4,0.5190476190476191,0.3253813391591717,0.036901960784313716,0.049454403983815766,0.06074807270715865,0.053139765109000536,1478.5470013618472,847.6737146377563,907.447407694881,5933.716002464294,2.0,0.2857142857142857,8.0,605.150857142857,34.19557142857143,82.94328571428574,726.8555714285714,51.956999999999994,4,0,67,7.0
AS14.20,2014-04-26,7.0,7.0,7.128571428571428,0.41115400891590165,6.4,7.6,1.1999999999999993,-0.11071428571428665,0.5,-0.03333333333333334,0.3144660377352197,0.25,0.4833333333333334,0.3411581581743121,0.04379330553481039,0.044953977661930274,0.06608568190466536,0.048443425576114536,707.3170003890989,935.3551433086395,850.2883296170551,6547.486003160477,4.0,0.5714285714285714,8.0,681.484,37.31085714285714,89.46185714285716,830.1548571428572,69.15114285714286,5,1,68,6.8
AS14.20,2014-04-27,7.0,7.0,7.057142857142857,0.3779644730092255,6.4,7.6,1.1999999999999993,-0.07142857142857247,0.5,0.03809523809523809,0.3743777906857322,0.75,0.4476190476190477,0.2868133622443432,0.046111111111111096,0.042268792476745067,0.06749144727594797,0.047568920488543914,602.8379993438717,654.9891430991036,454.8309605309687,4584.924001693725,4.0,0.5714285714285714,9.0,492.1177142857142,9.246571428571428,150.13814285714287,619.4972857142857,76.35414285714285,6,1,69,6.8
AS14.20,2014-04-28,6.8,6.933333333333334,6.942857142857142,0.2992052966172372,6.4,7.4,1.0,-0.02142857142857219,0.0,0.09523809523809525,0.32342414041498874,0.0,0.3619047619047619,0.32126980205784317,0.01789285714285714,0.03593242459625954,0.04522614115349899,0.014581645413373404,534.1210005283353,622.9168574469429,454.2200454043154,4360.4180021286,3.0,0.42857142857142855,9.0,539.7195714285714,9.246571428571428,189.87957142857144,648.7185714285714,70.49242857142858,0,0,70,7.25
AS14.20,2014-04-29,6.8,6.866666666666667,6.857142857142857,0.22253945610567405,6.4,7.0,0.5999999999999996,0.028571428571428092,0.0,0.06666666666666667,0.32145502536643145,0.2,0.27619047619047615,0.258889570133309,0.05668667466986795,0.0402302143079454,0.04469245148715627,0.01398908479548643,1195.2239995002742,690.8577143805365,503.9450801489981,4836.0040006637555,3.0,0.42857142857142855,8.0,591.4008571428573,103.06185714285714,196.70871428571428,805.7015714285715,77.41142857142857,1,0,71,7.0
AS14.20,2014-04-30,7.25,6.95,6.978571428571429,0.15236235005500795,6.8,7.25,0.4500000000000002,0.005357142857142396,0.25,0.10238095238095238,0.32665937795561445,0.75,0.3833333333333333,0.27988092706244444,0.0034722222222222337,0.02601725134498244,0.03700354259026418,0.01958156132899632,49.49799990653996,697.928857224328,492.8609941355215,4885.502000570296,3.0,0.42857142857142855,2.0,625.3050000000001,105.64342857142857,215.5447142857143,844.4435714285713,79.66771428571428,2,0,72,7.0
AS14.20,2014-05-01,7.0,7.016666666666667,6.978571428571429,0.15236235005500795,6.8,7.25,0.4500000000000002,0.010714285714284792,0.2,0.17857142857142858,0.2643500565177775,0.6,0.42142857142857143,0.2899096739462467,0.0034722222222222337,0.02121037303810414,0.02976147909820068,0.021460310252060615,0.0,652.5064287185668,545.5510143082599,4567.545001029967,3.0,0.42857142857142855,1.0,584.5181428571428,103.91985714285715,203.6661428571429,799.0465714285714,78.50257142857141,3,0,73,7.2
AS14.20,2014-05-02,7.0,7.083333333333333,6.978571428571429,0.15236235005500795,6.8,7.25,0.4500000000000002,0.016071428571428115,0.2,0.2357142857142857,0.2055770044579513,0.4,0.4214285714285714,0.2899096739462467,0.0034722222222222337,0.0034722222222222337,0.02498580216075904,0.023251374201660888,0.0,441.28542852401716,450.3474382223402,3088.99799966812,2.0,0.2857142857142857,1.0,503.4295714285714,101.62400000000001,191.82685714285716,701.1487142857142,68.89328571428571,4,0,74,6.75
AS14.20,2014-05-03,7.2,7.066666666666666,7.007142857142857,0.17423301310928926,6.8,7.25,0.4500000000000002,0.04285714285714233,0.2,0.19285714285714287,0.1693826324936413,0.2,0.41428571428571426,0.2954012605963366,0.0034722222222222337,0.0034722222222222337,0.019225647401817876,0.022805754654882472,0.0,340.2401427541459,459.95758399461187,2381.6809992790213,0.0,0.0,1.0,425.006,98.50871428571429,183.21785714285716,591.858,47.79814285714286,5,1,75,7.333333333333333
AS14.20,2014-05-04,6.75,6.983333333333333,6.971428571428571,0.19970215917949288,6.75,7.25,0.5,0.014285714285713675,0.0,0.12142857142857144,0.11495340671022092,0.5,0.3785714285714286,0.2611786471254603,0.0034722222222222337,0.0034722222222222337,0.013134377560548038,0.019942550573850092,0.0,254.12042856216416,459.03074673585246,1778.8429999351492,0.0,0.0,0.0,274.4171428571428,98.50871428571429,117.4874285714286,429.92500000000007,36.454,6,1,76,7.0
AS14.23,2014-03-21,7.0,7.0,7.0,0.0,7.0,7.0,0.0,-9.310639696752773e-16,0.0,0.0,0.0,1.0,1.0,0.0,0.3713608957795003,0.3713608957795003,0.3713608957795003,0.0,0.0,0.0,0.0,0.0,4.0,0.5714285714285714,2.0,0.0,0.0,0.0,0.0,0.0,4,0,32,7.0
AS14.23,2014-03-22,7.0,7.0,7.0,0.0,7.0,7.0,0.0,-9.310639696752773e-16,0.0,0.0,0.0,1.0,1.0,0.0,0.3713608957795003,0.3713608957795003,0.3713608957795003,0.0,0.0,0.0,0.0,0.0,4.0,0.5714285714285714,2.0,0.0,0.0,0.0,0.0,0.0,5,1,33,7.0
AS14.23,2014-03-23,7.0,7.0,7.0,0.0,7.0,7.0,0.0,-9.310639696752773e-16,0.0,0.0,0.0,1.0,1.0,0.0,0.3713608957795003,0.3713608957795003,0.3713608957795003,0.0,4118.464001893998,588.3520002705711,1556.633076083338,4118.464001893998,3.0,0.42857142857142855,3.0,221.7302857142857,67.511,28.53385714285714,558.4814285714285,16.89185714285714,6,1,34,5.8
AS14.23,2014-03-24,7.0,7.0,7.0,0.0,7.0,7.0,0.0,-9.310639696752773e-16,-0.4,-0.05714285714285715,0.15118578920369088,1.0,1.0,0.0,0.21799615246001347,0.3202393146730047,0.3494516467338594,0.057966424386945256,4245.81300163269,1194.8967147895269,2041.0057433622562,8364.277003526688,4.0,0.5714285714285714,2.0,2308.106,152.64285714285714,1247.3734285714286,2802.794857142857,61.22371428571428,0,0,35,6.2
AS14.23,2014-03-25,5.8,6.6000000000000005,6.828571428571428,0.4535573676110727,5.8,7.0,1.2000000000000002,-0.1285714285714292,-0.2,-0.08571428571428573,0.15735915849388862,-0.2,0.8285714285714285,0.4535573676110727,0.3554132307808778,0.31492342634013054,0.3471734088769133,0.05727103813406424,6313.180001258849,2096.7795721122197,2710.151394597569,14677.457004785538,3.0,0.42857142857142855,2.0,2892.2848571428576,165.60842857142856,1372.2244285714285,3673.2554285714286,245.114,1,0,36,7.0
AS14.23,2014-03-26,6.2,6.333333333333333,6.714285714285714,0.501426536422407,5.8,7.0,1.2000000000000002,-0.17142857142857137,-0.4,-0.14285714285714285,0.19023794624226836,0.6,0.7714285714285715,0.4535573676110727,0.2749540512858405,0.2827878115089106,0.3334010025206761,0.06189059931852308,5329.591998815536,2858.1498576572963,2770.869963269004,20007.049003601074,3.0,0.42857142857142855,2.0,3481.6872857142857,225.83885714285717,1372.2244285714285,4505.19,338.4718571428571,2,0,37,7.0
AS14.23,2014-03-27,7.0,6.333333333333333,6.714285714285714,0.501426536422407,5.8,7.0,1.2000000000000002,-0.1,-0.25,-0.17857142857142858,0.18224786888818678,1.25,0.8071428571428572,0.4834154281676125,0.40504885492795534,0.34513871233155785,0.33821356811331255,0.06647432267337737,4434.673997879029,3491.6747144971573,2502.4405975738937,24441.723001480103,4.0,0.5714285714285714,2.0,3951.1264285714287,274.5152857142857,1393.0342857142857,5146.916857142857,429.43114285714285,3,0,38,7.0
AS14.23,2014-03-28,7.0,6.733333333333333,6.714285714285714,0.501426536422407,5.8,7.0,1.2000000000000002,-0.028571428571429396,0.75,-0.07142857142857142,0.397761594066453,1.25,0.8428571428571429,0.5086162366563578,0.3562184343434343,0.34540711351907677,0.3360503593367317,0.0654544205540303,1890.3139994144433,3761.719571556364,2138.3540368118984,26332.037000894547,2.0,0.2857142857142857,2.0,4142.289857142858,530.6001428571428,1395.1917142857142,5668.186285714285,484.17357142857145,4,0,39,7.25
AS14.23,2014-03-29,7.0,7.0,6.714285714285714,0.501426536422407,5.8,7.0,1.2000000000000002,0.04285714285714214,0.6,0.014285714285714282,0.4732109164300538,1.2,0.8714285714285713,0.5242909043469592,0.40541208791208794,0.38889312572782586,0.3409148153556728,0.06964704097680316,3760.12899851799,4298.8808570589335,1370.2202127694316,30092.165999412537,2.0,0.2857142857142857,2.0,4647.311571428571,556.1264285714286,1395.1917142857142,6228.640714285714,505.85585714285713,5,1,40,7.0
AS14.23,2014-03-30,7.25,7.083333333333333,6.75,0.5330728530573158,5.8,7.25,1.4500000000000002,0.14107142857142807,0.25,0.049999999999999996,0.4813176359397884,1.5,0.9428571428571428,0.5762150722810099,0.39717587768909013,0.38626879998153746,0.3446026699141856,0.07216578520317446,9214.918999910355,5026.945856775556,2298.164153643342,35188.620997428894,2.0,0.2857142857142857,1.0,5057.875142857143,1009.524,1380.5401428571429,6970.274857142857,592.6087142857143,6,1,41,7.5
AS14.23,2014-03-31,7.0,7.083333333333333,6.75,0.5330728530573158,5.8,7.25,1.4500000000000002,0.20357142857142776,0.0,0.10714285714285714,0.44104853420435436,1.2,0.9714285714285714,0.5844207551478806,0.4181943516042781,0.4069274390684854,0.3732024126490806,0.04984695190368772,5376.3439989089975,5188.450284957886,2273.7148613606055,36319.1519947052,2.0,0.2857142857142857,1.0,3462.0154285714284,1047.0024285714285,236.37257142857143,5480.948857142857,623.9541428571429,0,0,42,7.5
AS14.23,2014-04-01,7.5,7.25,6.992857142857143,0.39835973213977854,6.2,7.5,1.2999999999999998,0.14821428571428547,-0.25,0.09999999999999999,0.44721359549995787,1.5,1.2142857142857142,0.30099042857745184,0.383014657192235,0.3994616288285344,0.37714547356498873,0.0492938514256766,7542.456998348235,5364.061284542084,2417.958220426349,37548.428991794586,3.0,0.42857142857142855,1.0,3637.0521428571424,1181.8691428571426,151.22471428571427,5641.726999999999,544.5128571428571,1,0,43,7.0
AS14.23,2014-04-02,7.5,7.333333333333333,7.178571428571429,0.23779743280283538,7.0,7.5,0.5,0.08928571428571354,0.0,0.15714285714285717,0.39520940802374144,2.0,1.4142857142857144,0.2897042827239037,0.5112974987974988,0.43750216919800394,0.4109088232095114,0.048568225831094027,4909.608998775481,5304.06371310779,2424.1587036433225,37128.44599175453,3.0,0.42857142857142855,1.0,3655.8725714285715,1162.224,179.969,5652.3908571428565,565.2557142857144,2,0,44,7.0
AS14.23,2014-04-03,7.0,7.333333333333333,7.178571428571429,0.23779743280283538,7.0,7.5,0.5,0.04464285714285603,0.5,0.2642857142857143,0.36709931185158157,1.0,1.3785714285714286,0.3264163277895564,0.4693480702055396,0.4545534087317578,0.42009442539202346,0.053140403196461954,5917.8170001506805,5515.941284860884,2400.2042414908683,38611.588994026184,5.0,0.7142857142857143,1.0,3817.5465714285715,1157.050857142857,164.09028571428573,5924.588142857143,527.7342857142858,3,0,45,7.0
AS14.23,2014-04-04,7.0,7.166666666666667,7.178571428571429,0.23779743280283538,7.0,7.5,0.5,-9.310639696752773e-16,0.5,0.2285714285714286,0.32126980205784306,1.0,1.342857142857143,0.3552329886011099,0.3605606998977927,0.44706875630027704,0.42071474904264605,0.05228900990338472,7749.456001520157,6352.961570875986,1893.1929144252028,44470.7309961319,6.0,0.8571428571428571,1.0,4377.524428571428,1043.4134285714285,169.16414285714288,6460.530428571429,584.278,4,0,46,6.5
AS14.23,2014-04-05,7.0,7.0,7.178571428571429,0.23779743280283538,7.0,7.5,0.5,-0.044642857142858074,1.0,0.2857142857142857,0.41904085492376286,1.0,1.3142857142857143,0.37606990231680526,0.5438427062553628,0.4579171587862317,0.4404905516631139,0.06903331220598213,2980.8669996261583,6241.6384281771525,2084.3291335522613,43691.46899724007,7.0,1.0,2.0,4243.553285714285,1035.1102857142857,173.1807142857143,6380.4472857142855,645.4912857142857,5,1,47,7.0
AS14.23,2014-04-06,6.5,6.833333333333333,7.071428571428571,0.3450327796711772,6.5,7.5,1.0,-0.10714285714285778,0.75,0.35714285714285715,0.4531634835874828,1.0,1.2428571428571427,0.3823486317361109,0.3916318101453476,0.4320117387661677,0.4396985420140078,0.06964219727890747,5112.775999546051,5655.61799955368,1637.9133598895905,39589.32599687576,8.0,1.1428571428571428,2.0,4199.471,608.9022857142857,159.2984285714286,5816.9529999999995,569.2871428571428,6,1,48,5.75
AS14.23,2014-04-07,7.0,6.833333333333333,7.071428571428571,0.3450327796711772,6.5,7.5,1.0,-0.1250000000000005,0.0,0.35714285714285715,0.4531634835874828,0.6,1.157142857142857,0.4540820148282423,0.3032808556039441,0.4129184573348848,0.4232823282996744,0.08694933802920282,9560.366002559662,6253.335428646633,2189.5494655020375,43773.34800052643,12.0,1.7142857142857142,2.0,4651.359714285714,588.0071428571429,113.17128571428573,6236.419428571428,598.4312857142858,0,0,49,6.6
AS14.23,2014-04-08,5.75,6.416666666666667,6.821428571428571,0.5536674263920711,5.75,7.5,1.75,-0.2053571428571437,-0.25,0.35714285714285715,0.4531634835874828,0.25,0.9785714285714285,0.5353014282136923,0.3823082263477411,0.35907363069901094,0.4231814096076038,0.0870042572756961,6591.109999656676,6117.428714547838,2124.7636718026124,42822.00100183487,13.0,1.8571428571428572,3.0,4496.853,478.7732857142857,110.3382857142857,6009.053999999999,585.0830000000001,1,0,50,7.2
AS14.23,2014-04-09,6.6,6.45,6.692857142857143,0.4676435353883093,5.75,7.0,1.25,-0.13214285714285734,0.2,0.38571428571428573,0.43273768585819367,0.6,0.7785714285714286,0.29980152164549134,0.23011788048552753,0.30523565414573756,0.3830128927058936,0.1029829739624804,3885.282999992372,5971.096429007394,2253.200613450868,41797.67500305176,13.0,1.8571428571428572,3.0,4338.282428571429,457.234,110.04214285714285,5764.799714285715,554.2058571428572,2,0,51,7.0
AS14.23,2014-04-10,7.2,6.516666666666667,6.721428571428571,0.49485447596334126,5.75,7.2,1.4500000000000002,-0.03392857142857216,-0.4,0.2571428571428572,0.5183536207942181,1.2,0.8071428571428572,0.3322004558352419,0.381734291349676,0.33138679939431487,0.3704966385836274,0.09581599830204263,6143.111001014709,6003.281286273684,2253.9216670400288,42022.96900391579,10.0,1.4285714285714286,2.0,4428.223,471.6444285714286,117.82714285714287,5679.817571428571,536.472,3,0,52,7.0
AS14.23,2014-04-11,7.0,6.933333333333334,6.721428571428571,0.49485447596334126,5.75,7.2,1.4500000000000002,0.03571428571428567,0.0,0.18571428571428575,0.5137397896100431,0.8,0.7785714285714286,0.3212698020578426,0.28412621329988913,0.29865946171169755,0.35957742621249833,0.1013334070269907,6321.466000556946,5799.28271470751,2130.797375895745,40594.979002952576,9.0,1.2857142857142858,3.0,4353.453571428572,609.6585714285713,206.11385714285714,5643.856571428571,468.35728571428575,4,0,53,7.75
AS14.23,2014-04-12,7.0,7.066666666666666,6.721428571428571,0.49485447596334126,5.75,7.2,1.4500000000000002,0.1053571428571424,0.4,0.10000000000000002,0.3905124837953326,1.0,0.7785714285714286,0.3212698020578426,0.345387364023241,0.3370826228909354,0.3312266630364809,0.06087153180429521,4298.236999750137,5987.478429010936,1884.30059747838,41912.34900307655,12.0,1.7142857142857142,2.0,4410.043142857144,615.8637142857143,205.57828571428573,5796.873714285714,478.79300000000006,5,1,54,7.2
AS14.23,2014-04-14,7.2,7.316666666666667,6.928571428571429,0.6230684438440822,5.75,7.75,2.0,0.23035714285714246,0.6,0.042857142857142885,0.3724117025423289,1.0,0.8357142857142857,0.3197841533939798,0.36259920634920634,0.34544461630578477,0.3306600657714554,0.05596515352824723,2718.022997140885,4732.633999688284,1600.5821157711898,33128.43799781799,7.0,1.0,2.0,3452.9607142857144,533.8435714285714,198.98942857142856,4765.981000000001,410.8508571428571,0,0,56,7.25
AS14.23,2014-04-15,7.225,7.391666666666667,7.139285714285714,0.34576519695968816,6.6,7.75,1.1500000000000004,0.09374999999999964,0.3,0.12142857142857147,0.35807022455697934,1.0,0.942857142857143,0.19023794624226756,0.2996068252948132,0.3301844367296422,0.31884557990675144,0.05182066379366608,4399.805998086931,4419.590570892607,1374.8967703047035,30937.13399624825,5.0,0.7142857142857143,1.0,3383.77,757.5382857142857,169.2467142857143,4848.396285714286,382.7802857142857,1,0,57,7.4
AS14.23,2014-04-16,7.25,7.2250000000000005,7.232142857142857,0.2511284057817367,7.0,7.75,0.75,0.028571428571428092,0.0,0.09285714285714287,0.3587345483647708,1.0,1.0,0.11547005383792384,0.3192870679730575,0.32716436653902564,0.33158403526211294,0.034409300412686215,3704.8919980525957,4393.820427758353,1388.2067294249289,30756.74299430847,6.0,0.8571428571428571,1.0,3318.036428571428,802.0807142857142,142.37557142857142,4817.460142857142,362.8598571428571,2,0,58,7.4
AS14.23,2014-04-17,7.4,7.291666666666667,7.260714285714286,0.2581412496326481,7.0,7.75,0.75,0.04196428571428548,0.0,0.15000000000000005,0.2929732638541156,1.0,0.9714285714285715,0.07559289460184342,0.3784666077105748,0.33245350032614845,0.33111722331366983,0.03362886099100389,4983.437000751495,4228.152713435037,1201.2644167851358,29597.068994045258,8.0,1.1428571428571428,1.0,3075.455428571429,778.3261428571429,205.0442857142857,4637.681428571428,384.10314285714287,3,0,59,7.6
AS14.23,2014-04-18,7.4,7.3500000000000005,7.317857142857143,0.23394901764517673,7.0,7.75,0.75,0.019642857142856626,1.0,0.29285714285714287,0.4227179629380281,1.4,1.0571428571428572,0.15118578920369086,0.479780409353968,0.39251136167920003,0.35906782274996685,0.059454937486178513,6330.794000148774,4229.485284805298,1203.9756798853032,29606.396993637085,8.0,1.1428571428571428,0.0,2958.972571428571,563.1572857142858,121.56271428571428,4398.949571428571,403.8331428571429,4,0,60,7.75
AS14.23,2014-04-19,7.6,7.466666666666666,7.403571428571429,0.20637171733133883,7.2,7.75,0.5499999999999998,0.004464285714285174,0.4,0.29285714285714287,0.4227179629380281,1.0,1.0571428571428572,0.15118578920369086,0.38146043771043775,0.41323581825832684,0.36422111899099496,0.05963460484158515,3588.707000732423,4128.123856374195,1226.8724236412436,28896.86699461937,6.0,0.8571428571428571,0.0,2845.706142857143,563.4187142857143,141.63771428571428,4173.029428571428,343.3008571428571,5,1,61,7.75
AS14.23,2014-04-20,7.75,7.583333333333333,7.403571428571429,0.20637171733133883,7.2,7.75,0.5499999999999998,0.09107142857142836,0.0,0.3285714285714286,0.3773340063934767,1.0,1.0571428571428572,0.15118578920369086,0.34415584415584416,0.4017988970734166,0.3664794855068431,0.05833480644562544,1715.8109998703005,3920.2099992547724,1507.330079997055,27441.469994783405,6.0,0.8571428571428571,0.0,2705.992142857143,485.5552857142857,121.22842857142857,3913.1694285714284,338.15000000000003,6,1,62,7.2
AS14.23,2014-04-21,7.75,7.7,7.482142857142857,0.22018660916854865,7.225,7.75,0.5250000000000004,0.09910714285714223,0.5,0.31428571428571433,0.36709931185158146,1.0,1.0571428571428572,0.15118578920369086,0.5494297847746124,0.42501535554696473,0.39316956813904397,0.09026528468697206,4884.291001319885,4229.676856994629,1440.258903727567,29607.737998962402,6.0,0.8571428571428571,0.0,2818.0104285714283,509.0284285714285,205.179,4128.687714285714,426.3841428571429,0,0,63,6.2
AS14.23,2014-04-22,7.2,7.566666666666666,7.478571428571429,0.22519832529192124,7.2,7.75,0.5499999999999998,0.03214285714285679,-0.4,0.21428571428571433,0.45617456975947046,1.0,1.0571428571428572,0.15118578920369086,0.4115224636722278,0.43503603086756143,0.4091575164786746,0.08029162492529146,5139.921999454497,4335.407714332853,1481.4083082193472,30347.85400032997,6.0,0.8571428571428571,0.0,2879.8685714285716,252.0875714285714,204.23871428571425,3888.0305714285714,378.27528571428576,1,0,64,7.0
AS14.23,2014-04-23,6.2,7.05,7.328571428571428,0.5368559264032442,6.2,7.75,1.5499999999999998,-0.1375000000000003,0.2,0.24285714285714288,0.44668088108157195,0.4,0.9714285714285714,0.2927700218845599,0.3946185566427017,0.4518569350298473,0.4199191577171952,0.07071593830524461,8252.009001255035,4984.995857647487,2047.5955710160501,34894.97100353241,8.0,1.1428571428571428,0.0,3282.531428571429,213.17457142857143,207.5958571428571,4296.408571428571,418.06728571428573,2,0,65,7.4
AS14.23,2014-04-24,7.0,6.8,7.271428571428571,0.5491335165946609,6.2,7.75,1.5499999999999998,-0.1625000000000012,0.0,0.24285714285714288,0.44668088108157195,1.0,0.9714285714285714,0.2927700218845599,0.2371930137596862,0.34777801135820524,0.3997372157242111,0.09901499708597909,5234.945000171662,5020.925571850368,2049.7691442347887,35146.479002952576,8.0,1.1428571428571428,0.0,3023.9951428571426,244.9712857142857,132.21099999999998,4132.292428571428,468.2118571428571,3,0,66,7.8
AS14.23,2014-04-25,7.4,6.866666666666667,7.271428571428572,0.5491335165946609,6.2,7.75,1.5499999999999998,-0.13035714285714348,0.0,0.10000000000000002,0.2999999999999999,1.0,0.9142857142857144,0.22677868380553634,0.4980656877942016,0.3766257527321965,0.40234939835853023,0.10168384743407838,6245.014001607897,5008.671286344528,2040.8702098109445,35060.6990044117,9.0,1.2857142857142858,1.0,3054.169142857143,193.5747142857143,185.71685714285715,4065.8502857142853,443.5571428571428,4,0,67,7.5
AS14.23,2014-04-26,7.8,7.3999999999999995,7.3,0.57373048260195,6.2,7.8,1.5999999999999996,-0.02678571428571477,-0.2,0.014285714285714315,0.2853569193634024,1.2,0.9428571428571428,0.25071326821120354,0.382158008243327,0.3724722365990716,0.4024490512918001,0.10166030282010981,7429.575001001358,5557.366714954376,2110.6048417987727,38901.56700468063,8.0,1.1428571428571428,1.0,3515.0627142857143,175.51642857142858,292.38585714285716,4669.373714285714,565.4505714285714,5,1,68,7.0
AS14.23,2014-04-27,7.5,7.566666666666666,7.264285714285714,0.5482656637937833,6.2,7.8,1.5999999999999996,0.05892857142857063,-0.5,-0.05714285714285711,0.3457221565416504,1.0,0.9428571428571428,0.25071326821120354,0.4048643023643024,0.42836266613394364,0.4111216881787227,0.0983955758172079,5252.75700211525,6062.644715275083,1308.6897105598082,42438.51300692558,10.0,1.4285714285714286,1.0,3879.9818571428573,183.92957142857145,298.2371428571428,5060.755857142857,601.1114285714285,6,1,69,7.6
AS14.23,2014-04-28,7.0,7.433333333333334,7.1571428571428575,0.509434794182542,6.2,7.8,1.5999999999999996,0.09999999999999945,-0.2,-0.1571428571428571,0.24397501823713313,1.0,0.9428571428571428,0.25071326821120354,0.3673707506660292,0.38479768709121953,0.3851132547346395,0.07761022346760976,5910.234996557234,6209.208143166134,1208.3292824910563,43464.45700216293,11.0,1.5714285714285714,2.0,4321.048,156.88685714285717,227.53771428571426,5416.474428571428,547.4827142857142,0,0,70,7.4
AS14.23,2014-04-29,7.6,7.366666666666666,7.214285714285714,0.5367450401216928,6.2,7.8,1.5999999999999996,0.15357142857142786,-0.2,-0.12857142857142853,0.2214669705568281,1.0,0.9428571428571428,0.25071326821120354,0.37176068118259664,0.3813319114043094,0.3794330000932635,0.07680610715124522,8538.51899957657,6694.722000326429,1377.9579214515973,46863.054002285004,13.0,1.8571428571428572,4.0,4230.941142857142,234.1397142857143,291.15957142857144,5481.841714285714,605.192,1,0,71,9.0
AS14.24,2014-04-16,7.6,7.866666666666667,7.942857142857143,0.15118578920369108,7.6,8.0,0.40000000000000036,-0.042857142857143815,-0.6,0.7714285714285715,0.6047431568147635,0.8,0.9714285714285714,0.07559289460184543,0.07773658192090395,0.04922374081459324,0.04107721478421875,0.01616526144411384,2460.195999860764,427.47314276014066,918.0213124018267,2992.311999320985,32.0,4.571428571428571,9.0,202.3962857142857,1.4322857142857142,84.55,396.39071428571424,151.9902857142857,2,0,7,6.75
AS14.24,2014-04-17,7.4,7.666666666666667,7.857142857142857,0.25071326821120365,7.4,8.0,0.5999999999999996,-0.09285714285714373,-0.4,0.5714285714285714,0.7341986237031631,0.3,0.8714285714285713,0.2627691364061218,0.09886498874313249,0.07052296364182477,0.050205453138746546,0.026729250286240153,1881.6110000610354,696.2747141974314,1039.4375407520597,4873.92299938202,37.0,5.285714285714286,9.0,399.31114285714284,1.4322857142857142,106.70142857142858,717.3242857142858,248.84614285714287,3,0,8,7.0
AS14.24,2014-04-18,6.75,7.25,7.678571428571429,0.47597018714161005,6.75,8.0,1.25,-0.19107142857142873,-1.5,0.21428571428571427,1.0367072415884364,0.25,0.7642857142857142,0.3424352563068014,0.04380098955154527,0.07346752007186057,0.051467405894476174,0.02609082122169989,2286.2289991378793,1022.8788569314141,1138.6429565467333,7160.151998519899,35.0,5.0,9.0,588.4118571428571,1.4322857142857142,206.88785714285714,1038.9782857142857,371.83885714285714,4,0,9,7.25
AS14.24,2014-04-19,7.0,7.05,7.535714285714286,0.5121151284251472,6.75,8.0,1.25,-0.2178571428571433,0.4,0.1285714285714286,0.9844021632684576,0.8,0.7357142857142858,0.32750863311049494,0.16215781245608615,0.10160793025025465,0.06963747620799736,0.047877341204068925,2688.016999959945,1406.8812854971206,1188.363406704194,9848.168998479845,42.0,6.0,9.0,896.659857142857,1.863,316.1014285714286,1524.9702857142856,537.4567142857143,5,1,10,7.8
AS14.24,2014-04-20,7.25,7.0,7.428571428571429,0.47597018714161,6.75,8.0,1.25,-0.18214285714285783,0.0,-0.014285714285714282,0.9063269671749656,1.0,0.7357142857142858,0.32750863311049494,0.030991562056058856,0.07898345468789676,0.06906951075008608,0.04837814189379263,2243.844999074936,1727.4305710792544,1038.8435808881436,12092.01399755478,41.0,5.857142857142857,10.0,1120.0147142857143,1.863,392.98157142857144,1817.0242857142857,600.3530000000001,6,1,11,7.5
AS14.24,2014-04-21,7.8,7.3500000000000005,7.3999999999999995,0.4406434688800764,6.75,8.0,1.25,-0.06071428571428656,0.6,-0.07142857142857144,0.8420496535523418,0.8,0.7071428571428572,0.30879951887453266,0.10902777777777779,0.10072571742997427,0.0796495761095632,0.04777169124288326,1722.8149998188028,1973.5469996247975,714.9787600707418,13814.828997373583,46.0,6.571428571428571,10.0,1341.983,1.863,427.1235714285714,2127.5042857142857,681.1585714285715,0,0,12,7.2
AS14.24,2014-04-22,7.5,7.516666666666667,7.328571428571428,0.3603900003897893,6.75,7.8,1.0499999999999998,0.03571428571428493,0.5,-0.14285714285714285,0.7524562952029015,1.0,0.7071428571428572,0.30879951887453266,0.0156728927203065,0.05189741085138105,0.076893229317973,0.05121220037190929,1637.3339989185347,2131.4352852617,393.27315412503276,14920.046996831898,40.0,5.714285714285714,9.0,1660.9759999999999,0.43071428571428566,583.9971428571429,2424.6644285714283,658.1534285714287,1,0,13,7.5
AS14.24,2014-04-23,7.2,7.5,7.271428571428571,0.3413907131830314,6.75,7.8,1.0499999999999998,0.06071428571428544,0.4,-1.586032892321652e-17,0.7461009761866463,0.8,0.7071428571428572,0.30879951887453266,0.07665932952304443,0.06712000000704291,0.07673933611827878,0.05121086226781438,2006.0930008888247,2066.5634282657084,366.5495006385166,14465.943997859958,39.0,5.571428571428571,9.0,1629.5255714285715,13.633428571428572,533.2161428571428,2389.605285714286,659.6497142857144,2,0,14,6.8
AS14.24,2014-04-24,7.5,7.3999999999999995,7.285714285714286,0.3496596985097146,6.75,7.8,1.0499999999999998,0.10357142857142777,-0.25,0.021428571428571415,0.7347659167251515,1.0,0.8071428571428572,0.265249208966102,0.038353214849158025,0.04356181236416965,0.06809479699056815,0.05195537811458443,866.9170000553137,1921.607142550605,586.5164244859923,13451.249997854235,37.0,5.285714285714286,6.0,1530.0345714285716,13.633428571428572,546.3398571428572,2208.3254285714283,598.0147142857143,3,0,15,6.2
AS14.24,2014-04-25,6.8,7.166666666666667,7.292857142857143,0.33718018356729684,6.8,7.8,1.0,-0.0250000000000007,-0.3,0.19285714285714284,0.3701672723564435,0.5,0.8428571428571429,0.18126539343499315,0.05378853649950596,0.05626702695723614,0.06952158941170539,0.05131016426797477,2907.7119994163513,2010.3904283046727,688.995099738143,14072.73299813271,43.0,6.142857142857143,3.0,1616.1492857142857,13.633428571428572,495.6682857142858,2330.924285714286,629.5152857142857,4,0,16,7.6
AS14.24,2014-04-26,6.2,6.833333333333333,7.178571428571429,0.5321788099072386,6.2,7.8,1.5999999999999996,-0.18392857142857189,0.2,0.16428571428571428,0.3590662493587657,0.3,0.7714285714285714,0.2751622897751175,0.0664568248362065,0.0528661920616235,0.05585001975172258,0.03140047235961047,2518.2940008640294,1986.1442855766848,663.6965452579489,13903.009999036793,36.0,5.142857142857143,3.0,1460.928142857143,18.370285714285718,402.51885714285714,2132.828857142857,564.6458571428572,5,1,17,7.0
AS14.24,2014-04-27,7.6,6.866666666666667,7.228571428571429,0.5559205150447484,6.2,7.8,1.5999999999999996,-0.1285714285714294,0.8,0.2785714285714286,0.4201757002107796,1.0,0.7714285714285715,0.2751622897751175,0.35133683120286124,0.15719406417952456,0.10161362962983721,0.11398120816276379,1157.1240012645724,1830.8984287466326,718.2286853487968,12816.289001226429,40.0,5.714285714285714,7.0,1279.8838571428573,18.830428571428573,328.66557142857147,1984.2391428571427,551.8442857142857,6,1,18,6.8
AS14.24,2014-04-28,7.0,6.933333333333333,7.114285714285715,0.49809159608975223,6.2,7.6,1.3999999999999995,-0.07142857142857229,-1.0,0.05000000000000001,0.6089608635481703,0.75,0.7642857142857142,0.2749458821208968,0.0659523518195497,0.16124866928620582,0.09545999735009035,0.11467488950370539,525.6049997806549,1659.8684287411832,873.9245532393016,11619.079001188282,30.0,4.285714285714286,7.0,1252.2194285714286,18.830428571428573,309.7188571428572,1895.1188571428572,493.2805714285714,0,0,19,6.0
AS14.24,2014-04-29,6.8,7.133333333333333,7.014285714285714,0.4775931721614499,6.2,7.6,1.3999999999999995,-0.05000000000000084,0.4,0.03571428571428571,0.5977138987524923,0.6,0.7071428571428572,0.258889570133309,0.06401814523536081,0.16043577608592394,0.1023664619950981,0.11044658959430231,3387.9210002422337,1909.95228607314,1090.1321852559004,13369.66600251198,35.0,5.0,8.0,1229.873857142857,24.876285714285718,200.44414285714285,1982.349,599.5937142857143,1,0,20,6.333333333333333
AS14.24,2014-04-30,6.0,6.6000000000000005,6.8428571428571425,0.5996030432909815,6.0,7.6,1.5999999999999996,-0.1321428571428579,1.25,0.15714285714285717,0.7507932313163699,0.0,0.5928571428571429,0.3656370826249386,0.05080621402077293,0.060258903691894496,0.09867315978048789,0.11187255700168575,3577.5240006446847,2134.442428895406,1261.5539825025398,14941.097002267841,39.0,5.571428571428571,7.0,1464.0371428571427,16.556428571428572,175.85857142857142,2246.003285714286,636.6804285714286,2,0,21,7.4
AS14.24,2014-05-01,6.333333333333333,6.377777777777777,6.6761904761904765,0.5462716342742815,6.0,7.6,1.5999999999999996,-0.09285714285714392,0.0,0.19285714285714287,0.7339553638951596,0.6666666666666666,0.5452380952380953,0.32299442228217623,0.1521727653179764,0.08899904152470339,0.11493309556174765,0.10989830717186225,3678.899000167847,2536.1541431971964,1238.1592508335038,17753.079002380375,41.0,5.857142857142857,9.0,1606.8777142857143,39.699000000000005,173.6067142857143,2535.3907142857142,757.4958571428571,3,0,22,7.0
AS14.24,2014-05-02,7.4,6.577777777777778,6.761904761904762,0.6120483433546497,6.0,7.6,1.5999999999999996,0.0023809523809517823,-0.8,0.12142857142857144,0.8102762609429076,1.0,0.6166666666666666,0.36400549446402586,0.11590702540083282,0.10629533491319408,0.12380716540479433,0.10659649395642001,1724.1210000514977,2367.0697147165033,1259.592907775756,16569.488003015522,30.0,4.285714285714286,9.0,1473.2579999999998,39.699000000000005,179.28514285714286,2341.4314285714286,704.6542857142857,4,0,23,6.833333333333333
AS14.24,2014-05-03,7.0,6.911111111111111,6.876190476190476,0.5623081683476364,6.0,7.6,1.5999999999999996,-0.05238095238095318,-1.0,-0.049999999999999996,0.9115005942583544,1.0,0.7166666666666667,0.35862391318916687,0.0742442660108813,0.11410801890989686,0.12491965700117645,0.1059367980707841,708.265000104904,2108.4941431794846,1401.2007215861256,14759.459002256393,21.0,3.0,8.0,1446.8379999999997,34.53142857142857,243.20085714285713,2219.0862857142856,634.7944285714285,5,1,24,7.5
AS14.24,2014-05-04,6.833333333333333,7.077777777777778,6.766666666666667,0.4638805721143989,6.0,7.4,1.4000000000000004,0.04642857142857065,-1.0,-0.3071428571428571,0.8852629418373256,1.0,0.7166666666666667,0.35862391318916687,0.03880649717514125,0.07631926286228514,0.08027246642578789,0.039859689852371025,950.8070006370546,2079.0202859469823,1426.4895249236029,14553.142001628876,17.0,2.4285714285714284,3.0,1474.8565714285712,34.64585714285714,240.174,2273.653142857143,680.474142857143,6,1,25,6.0
AS14.24,2014-05-06,6.0,6.777777777777778,6.723809523809524,0.6256002408692456,6.0,7.5,1.5,0.06309523809523741,-0.6666666666666666,-0.38809523809523805,0.8002727709578202,0.3333333333333333,0.7142857142857143,0.4049952641959706,0.09047478797787512,0.08191894303460921,0.09126958569347014,0.04006597553429329,1093.8900003433225,2064.9854288782394,1255.9629980958828,14454.898002147675,12.0,1.7142857142857142,2.0,1401.2362857142857,28.599999999999998,226.98257142857145,2273.8535714285713,737.8594285714287,1,0,27,7.0
AS14.24,2014-05-07,6.5,6.666666666666667,6.795238095238096,0.5535838025584054,6.0,7.5,1.5,-0.06428571428571489,0.16666666666666663,-0.5428571428571429,0.4653609852156133,0.5666666666666667,0.7952380952380952,0.2738129744434054,0.16337143074539964,0.12344058755802867,0.10735033093984539,0.04355638761441962,1570.404998779297,1778.2541428974696,1068.1753424844214,12447.779000282288,7.0,1.0,2.0,1171.3132857142857,23.717142857142854,235.89885714285714,2015.7101428571427,723.7287142857143,2,0,28,7.0
AS14.24,2014-05-08,7.0,6.5,6.890476190476191,0.5170121732624726,6.0,7.5,1.5,-0.10833333333333395,1.0,-0.39999999999999997,0.7350988847565816,0.8,0.8142857142857143,0.2679532455465725,0.0135513811833725,0.08913253330221577,0.08754727606347341,0.05070670384161031,1917.6090018749242,1526.6412859984805,684.3241274796198,10686.489001989363,2.0,0.2857142857142857,0.0,1141.5317142857143,0.5745714285714286,221.25128571428573,1896.5249999999999,653.4708571428572,3,0,29,7.4
AS14.24,2014-05-09,7.0,6.833333333333333,6.833333333333334,0.47140452079102885,6.0,7.5,1.5,-0.023809523809524155,-0.125,-0.30357142857142855,0.7179551908612791,1.0,0.8142857142857143,0.2679532455465725,0.09184726802498487,0.08959002665125236,0.0841101678669237,0.04925873432869942,2421.5570011138925,1626.2750004359655,764.0009630266895,11383.925003051758,4.0,0.5714285714285714,1.0,1166.6421428571427,41.59385714285714,190.4742857142857,1946.3899999999999,632.7298571428572,4,0,30,7.0
AS14.24,2014-05-10,7.4,7.133333333333334,6.890476190476191,0.5170121732624725,6.0,7.5,1.5,0.06071428571428563,-0.9,-0.28928571428571426,0.7026193434562854,1.0,0.8142857142857143,0.2679532455465725,0.08377318187886475,0.06305727702907406,0.0854714415623499,0.04907195995609988,2282.90799999237,1851.224000419889,675.326463803062,12958.568002939224,6.0,0.8571428571428571,1.0,1256.5131428571428,41.59385714285714,110.49442857142857,2073.1510000000003,660.798,5,1,31,7.25
AS14.24,2014-05-11,7.0,7.133333333333334,6.914285714285714,0.5177791402666158,6.0,7.5,1.5,0.06428571428571359,-0.375,-0.19999999999999998,0.6335708618907887,1.0,0.8142857142857143,0.2679532455465725,0.09069993851199017,0.08877346280527994,0.0928847903247569,0.044559622025210924,1975.141998529434,1997.557571547372,546.367595238711,13982.903000831604,12.0,1.7142857142857142,1.0,1537.6737142857144,46.36628571428571,249.54414285714284,2367.2619999999997,696.2618571428573,6,1,32,7.0
AS14.24,2014-05-12,7.25,7.216666666666668,6.878571428571428,0.47771778877731064,6.0,7.4,1.4000000000000004,0.18392857142857097,-0.75,-0.2357142857142857,0.6598034619988048,1.0,0.8142857142857143,0.2679532455465725,0.045328177940040626,0.07326709944363187,0.08272088089464681,0.04635970202434898,2376.6029989719386,1948.301999943597,481.98576593340306,13638.113999605179,12.0,1.7142857142857142,3.0,1464.0571428571432,46.36628571428571,249.6217142857143,2206.2481428571427,613.3242857142858,0,0,33,7.5
AS14.24,2014-05-13,7.0,7.083333333333333,7.021428571428571,0.2796681707207376,6.5,7.4,0.9000000000000004,0.07142857142857098,-0.8,-0.2547619047619048,0.676042698473055,0.6,0.8523809523809524,0.19800593225039798,0.09397787414372742,0.07666866353191942,0.08322132177548285,0.04647611495013072,5272.280000209808,2545.2148570673808,1239.525234351815,17816.503999471664,13.0,1.8571428571428572,3.0,1694.929,93.066,288.84257142857143,2612.9815714285714,755.007,1,0,34,5.2
AS14.24,2014-05-14,7.5,7.25,7.164285714285714,0.21739803302215713,7.0,7.5,0.5,0.048214285714284724,-0.25,-0.31428571428571433,0.6506178382342211,0.75,0.8785714285714287,0.16293440105643445,0.05427813780879583,0.06452806329752131,0.06763656564168231,0.030750748308337413,3654.4149990081796,2842.9305713857925,1216.4268034404793,19900.513999700546,14.0,2.0,3.0,1809.3247142857142,110.961,284.1132857142857,2802.6057142857144,800.2444285714286,2,0,35,6.4
AS14.24,2014-05-15,5.2,6.566666666666666,6.907142857142857,0.7801861804662231,5.2,7.5,2.3,-0.18571428571428653,-1.0,-0.6,0.344298804335226,-0.4,0.7071428571428571,0.5135080098600957,0.06217174433151498,0.07014258542801276,0.07458233180570266,0.020168467756881497,3838.7109999656677,3117.3737139701843,1189.2778196683075,21821.61599779129,21.0,3.0,4.0,1932.1718571428573,131.19085714285714,338.96799999999996,3045.078571428571,896.6994285714285,3,0,36,7.0
AS14.24,2014-05-16,6.4,6.366666666666667,6.821428571428571,0.8009666778634531,5.2,7.5,2.3,-0.22678571428571495,0.2,-0.5535714285714286,0.43022004336651415,0.4,0.6214285714285713,0.506505300117994,0.05449630453369234,0.056982062224667736,0.06924647987837515,0.01977655939214283,2525.384001255035,3132.2061425617762,1179.762780508224,21925.442997932434,28.0,4.0,7.0,1981.2012857142859,90.17157142857143,345.57900000000006,3107.9111428571427,953.1207142857144,4,0,37,7.6
AS14.24,2014-05-17,7.0,6.2,6.764285714285714,0.7663301538905423,5.2,7.5,2.3,-0.1250000000000009,0.0,-0.42499999999999993,0.44370598373247083,1.0,0.6214285714285713,0.506505300117994,0.021811648278146994,0.04615989904778479,0.06039483222112977,0.025289162113906177,2778.952002048493,3203.0695714269364,1134.2670969690237,22421.486999988556,29.0,4.142857142857143,7.0,2095.450857142857,90.17157142857143,427.8301428571429,3243.3147142857147,983.803857142857,5,1,38,7.2
AS14.24,2014-05-18,7.6,7.0,6.8500000000000005,0.8281505499203214,5.2,7.6,2.3999999999999995,-0.0017857142857153731,-0.4,-0.42857142857142855,0.4433369136983957,0.9,0.6071428571428571,0.49533538421673745,0.03005230340723861,0.03545341873969266,0.0517308843490224,0.02350202814279325,3625.8720004558577,3438.888143130712,1000.0878346414686,24072.21700191498,23.0,3.2857142857142856,7.0,2145.69,84.82457142857143,324.83,3279.011,969.3172857142857,6,1,39,7.4
AS14.24,2014-05-19,7.2,7.266666666666667,6.8428571428571425,0.8243323416704013,5.2,7.6,2.3999999999999995,0.09285714285714261,-0.2,-0.35,0.4252450274057688,0.6,0.5499999999999999,0.46457866215887855,0.0267361111111111,0.026200020932165585,0.04907487480203247,0.025325992227376973,4359.16600036621,3722.1114290441787,927.1827994179786,26054.78000330925,27.0,3.857142857142857,7.0,2395.3695714285714,86.52414285714288,353.4611428571429,3620.954142857143,1060.521857142857,0,0,40,7.0
AS14.24,2014-05-20,7.4,7.3999999999999995,6.8999999999999995,0.8504900548115368,5.2,7.6,2.3999999999999995,0.17499999999999905,0.2,-0.20714285714285713,0.416761893880038,0.8,0.5785714285714285,0.47421614521329036,0.007986111111111112,0.021591508543153625,0.03679033722594442,0.020265214043473756,2346.289999961853,3304.112857580185,755.5141766472927,23128.790003061295,27.0,3.857142857142857,8.0,2159.918857142857,41.544428571428575,323.6677142857143,3213.161285714286,938.8521428571428,1,0,41,6.2
AS14.24,2014-05-21,7.0,7.2,6.828571428571428,0.8118174789000397,5.2,7.6,2.3999999999999995,0.27142857142857124,0.0,-0.17142857142857143,0.4231401884099629,1.0,0.6142857142857142,0.4980915960897535,0.044508877931337835,0.026410366717853368,0.035394728672021855,0.019166776985674976,2697.3879997730255,3167.394714832306,768.046280678807,22171.76300382614,30.0,4.285714285714286,9.0,2109.147142857143,23.64942857142858,366.74600000000004,3071.6692857142853,873.6438571428571,2,0,42,6.6
AS14.24,2014-05-22,6.2,6.866666666666667,6.971428571428571,0.5089672082242794,6.2,7.6,1.3999999999999995,-0.028571428571429025,0.2,0.0,0.23094010767585021,0.4,0.7285714285714285,0.2627691364061218,0.05104166666666671,0.03451221856970524,0.03380471757704353,0.016903220571417944,2280.1799991130824,2944.7474289962224,766.9041916975409,20613.232002973557,23.0,3.2857142857142856,10.0,1929.1370000000004,4.619857142857143,300.86385714285717,2788.9724285714287,795.5394285714285,3,0,43,6.8
AS14.24,2014-05-23,6.6,6.599999999999999,7.0,0.4760952285695214,6.2,7.6,1.3999999999999995,-0.15000000000000066,0.6,0.05714285714285714,0.32071349029490925,0.8,0.7857142857142857,0.21930626551751342,0.04213643790849669,0.04589566083550043,0.03203902234487272,0.014909534027162257,2309.695999383926,2913.9348573003494,790.5305146085698,20397.544001102448,15.0,2.142857142857143,8.0,1913.2248571428572,4.619857142857143,275.0487142857143,2737.9362857142864,759.841,4,0,44,7.2
AS14.24,2014-05-24,6.8,6.533333333333332,6.971428571428571,0.4820590756130938,6.2,7.6,1.3999999999999995,-0.17142857142857248,-0.2,0.028571428571428564,0.3352326839390103,0.6,0.7285714285714285,0.20586634591635516,0.01122966950795965,0.03480259136104103,0.030527311091988817,0.016564008765233493,1709.8879995346058,2761.2114283697947,914.5006206884361,19328.479998588562,13.0,1.8571428571428572,8.0,1696.3422857142857,18.30242857142857,214.24528571428573,2537.3650000000002,757.7107142857143,5,1,45,7.0
AS14.24,2014-05-25,7.2,6.866666666666667,6.9142857142857155,0.4140393356054103,6.2,7.4,1.2000000000000002,-0.05714285714285805,0.0,0.08571428571428572,0.2794552524023088,0.8,0.7142857142857143,0.19518001458970674,0.011447603234842322,0.021604570217099574,0.027869496781646488,0.01807650454551457,1142.2449991703036,2406.407571043287,1000.8398361022917,16844.85299730301,12.0,1.7142857142857142,8.0,1422.711142857143,18.30242857142857,198.51271428571428,2193.378142857143,686.9721428571428,6,1,46,7.0
AS14.24,2014-05-26,7.0,7.0,6.885714285714286,0.3976119189551995,6.2,7.4,1.2000000000000002,-0.007142857142857396,0.25,0.15,0.2533114025595112,1.0,0.7714285714285715,0.21380899352993957,0.04596280602636538,0.022880026256389133,0.03061616748382567,0.019295223831419368,1492.4890000820162,1996.8822852884018,556.4900745630875,13978.175997018812,11.0,1.5714285714285714,6.0,1139.01,16.602857142857143,169.3702857142857,1823.8024285714284,604.092,0,0,47,6.2
AS14.24,2014-05-27,7.0,7.066666666666666,6.828571428571429,0.33523268393900696,6.2,7.2,1.0,0.07857142857142818,0.8,0.2357142857142857,0.354394184623899,1.0,0.8,0.23094010767585033,0.002735433604336042,0.020048614288514597,0.029866070697143515,0.020392446845700775,1751.8640012741093,1911.964285475867,539.3758677252557,13383.749998331068,11.0,1.5714285714285714,6.0,1100.894857142857,14.882857142857143,133.16614285714286,1773.7392857142859,594.4202857142857,1,0,48,6.6
AS14.24,2014-05-28,6.2,6.733333333333333,6.714285714285714,0.3976119189551983,6.2,7.2,1.0,0.0357142857142853,0.4,0.2928571428571428,0.34208742964892713,0.8,0.7714285714285715,0.21380899352993957,0.06439944767151783,0.03769922910073977,0.032707580660026374,0.02386327163795416,2097.541000843048,1826.271857057299,430.44626462824624,12783.902999401093,9.0,1.2857142857142858,6.0,1055.6321428571428,14.882857142857143,105.39514285714286,1758.6078571428573,621.1514285714285,2,0,49,7.0
AS14.24,2014-05-29,6.6,6.6000000000000005,6.771428571428571,0.33523268393900657,6.2,7.2,1.0,-0.05000000000000028,0.0,0.2642857142857143,0.359066249358766,0.5,0.7857142857142857,0.18644544714716094,0.09822330765912597,0.05511939631165996,0.03944781508752055,0.03429016101148002,2984.7780008316045,1926.9287144456591,602.340599046425,13488.501001119614,17.0,2.4285714285714284,8.0,1069.337,13.682571428571427,116.17099999999998,1899.6368571428573,673.4004285714285,3,0,50,7.4
AS14.24,2014-05-30,7.0,6.6000000000000005,6.828571428571428,0.33523268393900696,6.2,7.2,1.0,-0.050000000000000655,-0.4,0.12142857142857143,0.39985116278554506,0.8,0.7857142857142857,0.18644544714716094,0.01857181693744216,0.060398190756028675,0.0360814406630842,0.03512867328809295,3696.573999404908,2125.054143020085,902.5189772319222,14875.379001140594,16.0,2.2857142857142856,6.0,1253.7677142857142,13.682571428571427,139.1112857142857,2090.815285714286,683.4039999999999,4,0,51,7.0
AS14.24,2014-05-31,7.4,7.0,6.914285714285714,0.39761191895519965,6.2,7.4,1.2000000000000002,0.007142857142856279,0.2,0.17857142857142858,0.37400662077154795,1.2,0.8714285714285716,0.22146697055682826,0.03568424788578981,0.05082645749411933,0.03957495185991707,0.033419697313282,2784.1680014133435,2278.5227147170476,911.4496657999493,15949.659003019333,27.0,3.857142857142857,6.0,1456.1044285714286,0.0,153.6917142857143,2296.2380000000003,705.1045714285714,5,1,52,6.833333333333333
AS14.24,2014-06-01,7.0,7.133333333333333,6.885714285714285,0.3804758924845342,6.2,7.4,1.2000000000000002,0.057142857142856746,1.0,0.32142857142857145,0.47245559126153425,1.0,0.9,0.22360679774997894,0.21251956201963162,0.08892520894762122,0.06829951740060126,0.07076279954323936,1462.2179999351506,2324.23314339774,850.9840575491467,16269.63200378418,27.0,3.857142857142857,6.0,1391.9697142857144,0.0,133.3747142857143,2279.9074285714287,761.6467142857143,6,1,53,6.75
AS14.24,2014-06-02,6.833333333333333,7.077777777777778,6.8619047619047615,0.3773340063934741,6.2,7.4,1.2000000000000002,0.06785714285714228,-1.0,0.14285714285714285,0.6900655593423543,0.6666666666666666,0.8523809523809524,0.2340126166724879,0.047362751785379936,0.09852218723026714,0.06849950965188907,0.07069109125423423,2143.3159990310664,2417.20842896189,777.3314462872852,16920.45900273323,29.0,4.142857142857143,6.0,1474.9434285714285,0.0,162.24557142857142,2457.6582857142857,851.7571428571428,0,0,54,7.8
AS14.24,2014-06-03,6.75,6.861111111111112,6.826190476190476,0.3739005045484496,6.2,7.4,1.2000000000000002,0.07559523809523758,0.375,0.08214285714285714,0.6394519602939768,0.75,0.8166666666666667,0.22669117514559076,0.03904773900723554,0.0996433509374157,0.07368698185230327,0.06625393864668634,2256.9339997768398,2489.361285890852,727.0978276885937,17425.529001235962,29.0,4.142857142857143,5.0,1550.5527142857143,21.359714285714286,212.845,2580.2052857142858,878.2535714285715,1,0,55,7.0
AS14.24,2014-06-04,7.8,7.127777777777777,7.054761904761905,0.4141830743133011,6.6,7.8,1.2000000000000002,0.09047619047618953,0.4,0.08214285714285714,0.6394519602939768,1.0,0.8452380952380952,0.23662642179617963,0.0914769431418569,0.05929581131149081,0.07755519549092314,0.06641158183560028,2965.8059999942775,2613.3991429124558,723.1650579429063,18293.79400038719,27.0,3.857142857142857,13.0,1647.0662857142856,21.359714285714286,194.81942857142857,2690.516714285714,892.604,2,0,56,7.0
AS14.24,2014-06-05,7.0,7.183333333333334,7.1119047619047615,0.3657455963779192,6.75,7.8,1.0499999999999998,0.01964285714285644,0.5,0.15357142857142855,0.6564469659063246,1.0,0.9166666666666667,0.1848422751068236,0.046384854695459055,0.05896984561485052,0.07014970221039929,0.06661271047511949,2817.6039998531346,2589.5171427726746,711.5231460455683,18126.619999408722,20.0,2.857142857142857,10.0,1882.4187142857143,21.359714285714286,186.54357142857143,2771.518285714286,819.9722857142858,3,0,57,7.5
AS14.24,2014-06-06,7.0,7.266666666666667,7.1119047619047615,0.3657455963779192,6.75,7.8,1.0499999999999998,-0.008333333333333939,0.1,0.22500000000000003,0.611861912526021,1.0,0.9452380952380953,0.17917358790618276,0.15234272166247978,0.09673483983326525,0.08925983145683324,0.06851101383447343,2371.5889992713933,2400.2335713250295,517.8016066547011,16801.634999275208,31.0,4.428571428571429,10.0,1659.705285714286,21.359714285714286,182.95742857142858,2593.542857142857,832.9385714285715,4,0,58,8.0
AS14.24,2014-06-07,7.5,7.166666666666667,7.126190476190476,0.3805280374710723,6.75,7.8,1.0499999999999998,0.07440476190476121,0.5,0.26785714285714285,0.6202677993069954,1.0,0.9166666666666667,0.14433756729740646,0.1894759745721429,0.1294011836433606,0.11123007812631225,0.07298018465614549,2346.3069996833806,2337.6819996493205,489.3574967603289,16363.773997545242,35.0,5.0,10.0,1535.2891428571431,21.359714285714286,146.92928571428573,2493.367142857143,858.8567142857142,5,1,59,6.5
AS14.25,2014-04-07,8.0,8.0,8.0,0.0,8.0,8.0,0.0,0.0,0.5,0.5,0.0,1.0,1.0,0.0,0.18148926237161533,0.18148926237161533,0.18148926237161533,0.0,0.0,0.0,0.0,0.0,47.0,6.714285714285714,10.0,0.0,0.0,0.0,0.0,0.0,0,0,49,8.0
AS14.25,2014-04-08,8.0,8.0,8.0,0.0,8.0,8.0,0.0,0.0,0.5,0.5,0.0,1.0,1.0,0.0,0.18148926237161533,0.18148926237161533,0.18148926237161533,0.0,0.0,0.0,0.0,0.0,41.0,5.857142857142857,9.0,0.0,0.0,0.0,0.0,0.0,1,0,50,7.4
AS14.25,2014-04-09,8.0,8.0,8.0,0.0,8.0,8.0,0.0,0.0,0.5,0.5,0.0,1.0,1.0,0.0,0.18148926237161533,0.18148926237161533,0.18148926237161533,0.0,5315.046999931334,759.2924285616191,2008.8989383483206,5315.046999931334,39.0,5.571428571428571,11.0,600.6527142857143,23.221571428571426,49.428428571428576,789.1568571428572,126.47728571428571,2,0,51,6.5
AS14.25,2014-04-10,7.4,7.8,7.914285714285714,0.22677868380553629,7.4,8.0,0.5999999999999996,-0.06428571428571507,0.0,0.42857142857142855,0.18898223650461363,0.2,0.8857142857142858,0.30237157840738177,0.10126488095238097,0.1547478018985372,0.17002863645458186,0.030321966045612155,5036.4710009098035,1478.788285834448,2526.7918128935808,10351.518000841137,44.0,6.285714285714286,13.0,1140.0985714285714,138.21414285714286,133.15285714285716,1644.7478571428571,272.69442857142855,3,0,52,7.75
AS14.25,2014-04-11,6.5,7.3,7.7,0.574456264653803,6.5,8.0,1.5,-0.20357142857142926,0.25,0.39285714285714285,0.1966989481173608,0.5,0.8142857142857143,0.32877840272018793,0.14313397233893554,0.1419627052209773,0.16454930930705616,0.03135374932067803,2492.2609996795654,1834.8255715029575,2458.3543106490356,12843.779000520703,42.0,6.0,14.0,1502.858285714286,146.4147142857143,254.69685714285717,2213.065285714286,425.2687142857143,4,0,53,7.0
AS14.25,2014-04-12,7.75,7.216666666666666,7.664285714285714,0.5602932905439538,6.5,8.0,1.5,-0.15535714285714322,-0.25,0.2857142857142857,0.30374644814697793,0.5,0.7428571428571429,0.33594217189442416,0.15529914529914535,0.13323266619682061,0.16080786401098904,0.03054766824926536,2590.800000429154,2204.939857278551,2327.6259675086353,15434.579000949856,32.0,4.571428571428571,21.0,1873.7837142857145,152.23371428571429,362.59957142857144,2718.373,543.9091428571428,5,1,54,6.6
AS14.25,2014-04-13,7.0,7.083333333333333,7.521428571428571,0.5872656574166009,6.5,8.0,1.5,-0.1785714285714295,-0.2,0.18571428571428572,0.33505507720657624,0.6,0.6857142857142857,0.3184785258515422,0.04455739111590672,0.11433016958466254,0.14124616811731636,0.05165073861899538,1214.8420004844672,2378.4887144906174,2176.1876228341175,16649.421001434323,29.0,4.142857142857143,22.0,1912.3708571428574,152.23371428571429,362.59957142857144,2851.729,623.9941428571428,6,1,55,6.4
AS14.25,2014-04-14,6.6,7.116666666666667,7.321428571428571,0.6336778511575255,6.5,8.0,1.5,-0.2089285714285722,-0.4,0.05714285714285714,0.3656370826249386,0.4,0.6,0.29999999999999993,0.038610440461819405,0.07948899229229049,0.12083490784448837,0.060559945417830635,1035.2050004005428,2526.3751431192663,2016.9641056065375,17684.626001834866,31.0,4.428571428571429,14.0,2152.9172857142858,191.6277142857143,454.90900000000005,3220.3038571428574,684.336,0,0,56,6.5
AS14.25,2014-04-15,6.4,6.666666666666667,7.0928571428571425,0.6366766391639815,6.4,8.0,1.5999999999999996,-0.2107142857142861,0.6,0.07142857142857142,0.3871446142992982,0.2,0.4857142857142857,0.2734262327610589,0.09109605531851885,0.058087962298748325,0.10792159255118887,0.05483796522099382,4375.602998971938,3151.4612858295436,1765.9184918082885,22060.229000806805,33.0,4.714285714285714,13.0,2729.784285714286,191.6277142857143,513.195,3947.771142857143,822.41,1,0,57,7.2
AS14.25,2014-04-16,6.5,6.5,6.878571428571428,0.5226990393278769,6.4,7.75,1.3499999999999996,-0.14464285714285768,-0.25,-0.03571428571428572,0.35084930966903455,0.0,0.34285714285714286,0.21491969707422393,0.08074791762574517,0.07015147113536113,0.09352997187320743,0.04457127236880958,3489.2680017948155,2890.635714667184,1509.282892819382,20234.450002670288,29.0,4.142857142857143,12.0,2476.944285714286,168.40614285714287,499.268,3680.758857142857,831.8597142857143,2,0,58,6.5
AS14.25,2014-04-17,7.2,6.7,6.8500000000000005,0.4941322360124527,6.4,7.75,1.3499999999999996,-0.03571428571428586,0.2,-0.00714285714285715,0.36220225867666284,0.6,0.39999999999999997,0.2236067977499789,0.10531602561905302,0.09238666618777236,0.09410870682558915,0.04471451596679534,3151.311999797821,2621.3272859369004,1198.8371410657912,18349.291001558304,26.0,3.7142857142857144,13.0,2473.1767142857143,53.41357142857144,445.3834285714285,3505.423714285714,791.9032857142857,3,0,59,6.25
AS14.25,2014-04-18,6.5,6.733333333333333,6.8500000000000005,0.4941322360124527,6.4,7.75,1.3499999999999996,-0.12321428571428607,0.0,-0.042857142857142864,0.34451484175645636,0.0,0.32857142857142857,0.26276913640612176,0.12178447758220234,0.10261614027566685,0.0910587790031987,0.04141997271674364,8303.033001184464,3451.4375718661718,2451.693396599662,24160.063003063202,29.0,4.142857142857143,12.0,3051.6762857142858,45.21300000000001,507.2914285714286,4152.123285714285,864.4815714285713,4,0,60,7.5
AS14.25,2014-04-19,6.25,6.6499999999999995,6.635714285714286,0.33999299712676057,6.25,7.2,0.9500000000000002,-0.058928571428571934,-0.25,-0.042857142857142864,0.34451484175645636,0.0,0.2571428571428572,0.27602622373694163,0.07372682037592554,0.10027577452572696,0.079405589728453,0.030322376845171348,5137.09699869156,3815.194285903658,2491.2955501909432,26706.360001325607,30.0,4.285714285714286,19.0,3342.241428571429,40.82757142857144,485.98814285714286,4583.575428571428,964.5861428571428,5,1,61,6.8
AS14.25,2014-04-20,7.5,6.75,6.707142857142857,0.46046043209358284,6.25,7.5,1.25,0.08571428571428484,-0.75,-0.12142857142857144,0.4367084676466506,0.0,0.17142857142857143,0.2429971585175823,0.15611230462327638,0.11720786752713475,0.09534200594379152,0.03743531500277115,2669.285001277924,4022.9718574455806,2290.8657954313107,28160.803002119064,33.0,4.714285714285714,18.0,3618.147571428571,61.16671428571429,525.5571428571428,4887.893000000001,974.1512857142858,6,1,62,7.4
AS14.25,2014-04-21,6.8,6.8500000000000005,6.735714285714286,0.4589065679364783,6.25,7.5,1.25,0.08035714285714264,0.0,-0.0642857142857143,0.42003401222826153,0.0,0.11428571428571428,0.22677868380553623,0.027631578947368413,0.08582356798219011,0.09377359715601283,0.04032664320947091,4431.841001272201,4508.205571855818,1874.4180180159492,31557.439002990723,32.0,4.571428571428571,18.0,3870.108,30.65,468.2334285714286,5165.883714285715,1028.1454285714285,0,0,63,8.25
AS14.25,2014-04-22,7.4,7.233333333333334,6.878571428571429,0.49147494244123835,6.25,7.5,1.25,0.10357142857142815,-0.4,-0.20714285714285716,0.3128212634351169,0.8,0.19999999999999998,0.3464101615137754,0.09062499999999996,0.09145629452354825,0.09370630353908156,0.04033224857358141,4081.657999753951,4466.213429110391,1881.1642426141823,31263.494003772736,30.0,4.285714285714286,28.0,3809.6541428571427,77.389,510.9561428571428,5238.675,1030.9442857142856,1,0,64,6.5
AS14.25,2014-04-23,8.25,7.483333333333334,7.128571428571429,0.6769152721827784,6.25,8.25,2.0,0.19642857142857112,0.25,-0.13571428571428573,0.35556795613296116,1.0,0.34285714285714286,0.4429339411136565,0.12770165179024573,0.08198607691253804,0.10041397984829592,0.04169923088211894,3212.168000221251,4426.627714599881,1907.8745510101428,30986.39400219917,37.0,5.285714285714286,27.0,3929.862285714285,79.97042857142857,515.134,5371.582142857143,1042.625857142857,2,0,65,6.0
AS14.25,2014-04-24,6.5,7.383333333333333,7.028571428571429,0.7152255721432353,6.25,8.25,2.0,0.13928571428571343,-0.5,-0.23571428571428574,0.3436498771936897,0.0,0.2571428571428572,0.4429339411136565,0.07593836088154272,0.0980883375572628,0.09621717060008016,0.042592426073515495,4091.0099992752066,4560.870285953793,1834.846651949676,31926.092001676556,35.0,5.0,28.0,4029.180714285714,79.97042857142857,554.521,5533.976428571428,1118.1984285714284,3,0,66,6.25
AS14.25,2014-04-25,6.0,6.916666666666667,6.957142857142857,0.7970929323843877,6.0,8.25,2.25,-0.04642857142857233,-1.2,-0.40714285714285714,0.4790864322059324,0.0,0.2571428571428572,0.4429339411136565,0.08576388888888888,0.09646796718689243,0.09107137221532109,0.04113983831208428,6117.113000392913,4248.596000126429,1150.0345218648106,29740.172000885006,39.0,5.571428571428571,28.0,3960.8225714285713,97.921,466.051,5489.649857142857,1088.9814285714288,4,0,67,7.0
AS14.25,2014-04-26,6.25,6.25,6.957142857142857,0.7970929323843877,6.0,8.25,2.25,-0.2232142857142861,-0.25,-0.40714285714285714,0.4790864322059324,-0.25,0.22142857142857145,0.47597018714160977,0.05520833333333333,0.07230352770125498,0.08842587406637935,0.042994672604513326,3472.0399997234326,4010.730714559554,1107.024717252731,28075.115001916878,37.0,5.285714285714286,14.0,3599.5955714285715,192.88671428571428,391.7871428571429,5119.587714285714,1013.3950000000001,5,1,68,7.25
AS14.25,2014-04-27,7.0,6.416666666666667,6.885714285714286,0.7619680033277234,6.0,8.25,2.25,-0.14107142857142937,0.5,-0.2285714285714286,0.5566695180993408,1.0,0.36428571428571427,0.5436867095076338,0.17103565997282577,0.10400262739834933,0.09055778197345783,0.04708566636270737,3463.049000024794,4124.125571523393,980.0928741114333,28868.87900066375,37.0,5.285714285714286,14.0,3669.261142857143,172.54757142857144,352.2181428571429,5196.8150000000005,1045.2415714285714,6,1,69,7.2
AS14.25,2014-04-28,7.25,6.833333333333333,6.950000000000001,0.7724420150837641,6.0,8.25,2.25,-0.11428571428571517,-0.25,-0.2642857142857143,0.5475051641417683,1.0,0.5071428571428571,0.5630486742048235,0.02219573355936992,0.08281324228850967,0.08978123263231517,0.04832494403317336,2860.2720005512233,3899.6157142775387,1073.4132927608234,27297.309999942772,35.0,5.0,14.0,3482.181571428571,198.75771428571426,317.2324285714286,4981.759857142858,996.9815714285714,0,0,70,6.0
AS14.25,2014-04-29,7.2,7.1499999999999995,6.921428571428571,0.756558624549976,6.0,8.25,2.25,-0.023214285714286444,0.0,-0.20714285714285716,0.5518367598518691,0.4,0.45000000000000007,0.5484827557301445,0.12131769374416436,0.10484969575878668,0.09416590316719582,0.049784636822096495,7334.902997970582,4364.364999737058,1691.6172056107291,30550.5549981594,41.0,5.857142857142857,8.0,3750.1807142857147,230.73,216.80671428571432,5308.799571428572,1077.1752857142858,1,0,71,6.2
AS14.25,2014-04-30,6.0,6.816666666666666,6.6000000000000005,0.5469613027140642,6.0,7.25,1.25,0.06785714285714209,-1.2,-0.4142857142857143,0.6196196990320525,-0.6,0.22142857142857147,0.6109126661923828,0.0829631542699724,0.07549219385783557,0.0877746892357282,0.047584980507805935,6547.559999227523,4840.849571023668,1780.399406280192,33885.94699716568,42.0,6.0,18.0,4109.761285714286,290.4697142857143,218.7124285714286,5738.102142857142,1098.591,2,0,72,7.0
AS14.25,2014-05-01,6.2,6.466666666666666,6.557142857142858,0.5674714173628563,6.0,7.25,1.25,0.010714285714284977,0.8,-0.2285714285714286,0.766951292921712,-0.4,0.16428571428571428,0.6523766075628694,0.10852951516948042,0.10427012106120571,0.09243056841971929,0.047827652171399816,7087.507999420166,5268.92071390152,1924.4667080461975,36882.44499731064,43.0,6.142857142857143,16.0,4244.680428571429,291.043,149.48557142857143,5920.169142857143,1114.058142857143,3,0,73,6.5
AS14.25,2014-05-02,7.0,6.400000000000001,6.700000000000001,0.5283622494715781,6.0,7.25,1.25,-0.02142857142857163,-1.0,-0.19999999999999998,0.727438428093173,0.4,0.22142857142857145,0.6531061315342392,0.08712270720960565,0.09287179221635282,0.09262468532267884,0.04779883345582359,6943.182998895645,5386.930713687624,2008.6343696656463,37708.51499581337,56.0,8.0,16.0,3998.4412857142856,273.09242857142857,98.47228571428572,5620.867428571429,1100.3988571428572,4,0,74,6.5
AS14.25,2014-05-03,6.5,6.566666666666667,6.735714285714287,0.5005948842080165,6.0,7.25,1.25,-0.10714285714285778,-0.75,-0.2714285714285714,0.7571091636707916,0.0,0.2571428571428572,0.6294366339755545,0.13760964912280704,0.11108729050063104,0.10439630186403223,0.04719116753227761,5556.982000350951,5684.7795709201255,1823.4027525206482,39793.45699644088,65.0,9.285714285714286,18.0,4232.721285714286,201.146,123.73628571428571,5811.5282857142865,1107.6014285714286,5,1,75,7.2
AS14.25,2014-05-04,6.5,6.666666666666667,6.6642857142857155,0.4922010816342281,6.0,7.25,1.25,-0.09464285714285743,-0.25,-0.37857142857142856,0.6787593724688342,0.0,0.1142857142857143,0.5398412465054624,0.05925925925925923,0.09466387186389064,0.08842824461923701,0.039101863466034927,1744.0929996967322,5439.2144280161165,2240.5205434787727,38074.500996112816,62.0,8.857142857142858,18.0,4016.326285714286,212.3012857142857,128.04657142857144,5542.942714285715,1032.5078571428571,6,1,76,6.666666666666667
AS14.25,2014-05-06,6.666666666666667,6.788888888888889,6.5809523809523816,0.4206948145438998,6.0,7.2,1.2000000000000002,0.12499999999999958,-1.0,-0.35714285714285715,0.8776999161770169,0.0,0.0,0.41633319989322654,0.07168479421153216,0.07823786439097767,0.09299123127782837,0.02606154737575606,4477.585000276566,5395.261856555938,1861.320366435781,37766.832995891564,61.0,8.714285714285714,15.0,3718.799428571428,148.59414285714288,147.74614285714287,5347.6924285714285,1017.3964285714286,1,0,78,6.8
AS14.25,2014-05-07,6.733333333333333,6.866666666666667,6.685714285714286,0.3343634875385486,6.2,7.2,1.0,0.058333333333333286,-0.7,-0.2857142857142857,0.8158402037747575,0.0,0.08571428571428572,0.32366943748507476,0.08124713039485765,0.08556715476951048,0.09274608500995482,0.026179401603608137,5964.706000089645,5311.996999536242,1813.6071518363,37183.97899675369,51.0,7.285714285714286,5.0,3502.1614285714286,227.91185714285714,129.29414285714287,5363.612,1007.4501428571429,2,0,79,7.0
AS14.26,2014-03-22,7.5,7.5,7.5,0.0,7.5,7.5,0.0,-5.586383818051665e-16,0.5,0.5,0.0,1.0,1.0,0.0,0.06821617232883435,0.06821617232883435,0.06821617232883435,0.0,0.0,0.0,0.0,0.0,12.0,1.7142857142857142,4.0,0.0,0.0,0.0,0.0,0.0,5,1,33,7.5
AS14.26,2014-03-23,7.5,7.5,7.5,0.0,7.5,7.5,0.0,-5.586383818051665e-16,0.5,0.5,0.0,1.0,1.0,0.0,0.06821617232883435,0.06821617232883435,0.06821617232883435,0.0,0.0,0.0,0.0,0.0,10.0,1.4285714285714286,3.0,0.0,0.0,0.0,0.0,0.0,6,1,34,7.0
AS14.26,2014-03-24,7.5,7.5,7.5,0.0,7.5,7.5,0.0,-5.586383818051665e-16,0.5,0.5,0.0,1.0,1.0,0.0,0.06821617232883435,0.06821617232883435,0.06821617232883435,0.0,0.0,0.0,0.0,0.0,10.0,1.4285714285714286,5.0,0.0,0.0,0.0,0.0,0.0,0,0,35,6.6
AS14.26,2014-03-25,7.0,7.333333333333333,7.428571428571429,0.18898223650461365,7.0,7.5,0.5,-0.05357142857142935,-0.25,0.39285714285714285,0.2834733547569204,0.0,0.8571428571428571,0.37796447300922725,0.06821617232883435,0.06821617232883435,0.06821617232883435,0.0,0.0,0.0,0.0,0.0,10.0,1.4285714285714286,7.0,0.0,0.0,0.0,0.0,0.0,1,0,36,6.4
AS14.26,2014-03-26,6.6,7.033333333333334,7.3,0.3605551275463991,6.6,7.5,0.9000000000000004,-0.1321428571428581,-0.2,0.2928571428571428,0.35405810661124937,0.2,0.7428571428571429,0.4429339411136566,0.06821617232883435,0.06821617232883435,0.06821617232883435,0.0,0.0,0.0,0.0,0.0,8.0,1.1428571428571428,7.0,0.0,0.0,0.0,0.0,0.0,2,0,37,6.2
AS14.26,2014-03-27,6.4,6.666666666666667,7.142857142857143,0.47908643220593256,6.4,7.5,1.0999999999999996,-0.20000000000000057,0.6,0.3071428571428571,0.3656370826249386,0.0,0.6,0.5033222956847166,0.06821617232883435,0.06821617232883435,0.06821617232883435,0.0,0.0,0.0,0.0,0.0,8.0,1.1428571428571428,7.0,0.0,0.0,0.0,0.0,0.0,3,0,38,8.0
AS14.26,2014-03-28,6.2,6.3999999999999995,6.957142857142857,0.5623081683476386,6.2,7.5,1.2999999999999998,-0.25000000000000067,-0.2,0.20714285714285713,0.3983597321397786,0.2,0.4857142857142857,0.48795003647426666,0.06821617232883435,0.06821617232883435,0.06821617232883435,0.0,0.0,0.0,0.0,0.0,8.0,1.1428571428571428,7.0,0.0,0.0,0.0,0.0,0.0,4,0,39,8.2
AS14.26,2014-03-29,8.0,6.866666666666667,7.028571428571429,0.6651172470932868,6.2,8.0,1.7999999999999998,-0.06071428571428656,0.2,0.16428571428571428,0.37717622507510296,1.0,0.4857142857142857,0.48795003647426666,0.06821617232883435,0.06821617232883435,0.06821617232883435,0.0,0.0,0.0,0.0,0.0,8.0,1.1428571428571428,7.0,0.0,0.0,0.0,0.0,0.0,5,1,40,7.2
AS14.26,2014-03-30,8.2,7.466666666666666,7.128571428571428,0.7889112449325031,6.2,8.2,1.9999999999999991,0.13214285714285623,-0.2,0.06428571428571427,0.36596252735569995,1.0,0.4857142857142857,0.48795003647426666,0.06821617232883435,0.06821617232883435,0.06821617232883435,0.0,0.0,0.0,0.0,0.0,9.0,1.2857142857142858,5.0,0.0,0.0,0.0,0.0,0.0,6,1,41,7.0
AS14.26,2014-03-31,7.2,7.8,7.085714285714286,0.7733661733585441,6.2,8.2,1.9999999999999991,0.19285714285714187,0.0,-0.007142857142857157,0.3114864515894865,0.4,0.39999999999999997,0.43204937989385744,0.06821617232883435,0.06821617232883435,0.06821617232883435,0.0,0.0,0.0,0.0,0.0,9.0,1.2857142857142858,2.0,0.0,0.0,0.0,0.0,0.0,0,0,42,6.6
AS14.26,2014-04-01,7.0,7.466666666666666,7.085714285714286,0.7733661733585441,6.2,8.2,1.9999999999999991,0.1714285714285709,0.6,0.11428571428571425,0.3625307868699863,0.4,0.4571428571428572,0.39520940802374155,0.06821617232883435,0.06821617232883435,0.06821617232883435,0.0,0.0,0.0,0.0,0.0,7.0,1.0,0.0,0.0,0.0,0.0,0.0,0.0,1,0,43,6.4
AS14.26,2014-04-02,6.6,6.933333333333334,7.0857142857142845,0.7733661733585441,6.2,8.2,1.9999999999999991,0.04999999999999935,0.4,0.19999999999999998,0.3464101615137754,-0.2,0.39999999999999997,0.46188021535170065,0.06821617232883435,0.06821617232883435,0.06821617232883435,0.0,0.0,0.0,0.0,0.0,11.0,1.5714285714285714,2.0,0.0,0.0,0.0,0.0,0.0,2,0,44,6.8
AS14.26,2014-04-03,6.4,6.666666666666667,7.085714285714286,0.7733661733585441,6.2,8.2,1.9999999999999991,-0.12142857142857164,0.0,0.1142857142857143,0.30237157840738177,0.0,0.39999999999999997,0.46188021535170065,0.06821617232883435,0.06821617232883435,0.06821617232883435,0.0,0.0,0.0,0.0,0.0,9.0,1.2857142857142858,4.0,0.0,0.0,0.0,0.0,0.0,3,0,45,6.75
AS14.26,2014-04-04,6.8,6.6000000000000005,7.171428571428571,0.6872997543873793,6.4,8.2,1.799999999999999,-0.2785714285714293,-0.2,0.1142857142857143,0.30237157840738177,0.6,0.4571428571428572,0.45773770821706344,0.06821617232883435,0.06821617232883435,0.06821617232883435,0.0,0.0,0.0,0.0,0.0,9.0,1.2857142857142858,4.0,0.0,0.0,0.0,0.0,0.0,4,0,46,8.0
AS14.26,2014-04-05,6.75,6.6499999999999995,6.992857142857142,0.5919097421542773,6.4,8.2,1.799999999999999,-0.20535714285714352,0.75,0.19285714285714287,0.38775912994685613,0.25,0.35000000000000003,0.39264063297965823,0.06821617232883435,0.06821617232883435,0.06821617232883435,0.0,0.0,0.0,0.0,0.0,6.0,0.8571428571428571,4.0,0.0,0.0,0.0,0.0,0.0,5,1,47,6.75
AS14.26,2014-04-06,8.0,7.183333333333334,6.964285714285714,0.5249716545635951,6.4,8.0,1.5999999999999996,0.0749999999999993,1.0,0.36428571428571427,0.446014093307119,1.0,0.35000000000000003,0.39264063297965823,0.06821617232883435,0.06821617232883435,0.06821617232883435,0.0,0.0,0.0,0.0,0.0,9.0,1.2857142857142858,6.0,0.0,0.0,0.0,0.0,0.0,6,1,48,6.75
AS14.26,2014-04-07,6.75,7.166666666666667,6.8999999999999995,0.5188127472091135,6.4,8.0,1.5999999999999996,0.08571428571428447,0.0,0.36428571428571427,0.446014093307119,0.0,0.2928571428571428,0.41274343466267627,0.06821617232883435,0.06821617232883435,0.06821617232883435,0.0,0.0,0.0,0.0,0.0,9.0,1.2857142857142858,6.0,0.0,0.0,0.0,0.0,0.0,0,0,49,6.4
AS14.26,2014-04-08,6.75,7.166666666666667,6.864285714285714,0.5193860844900504,6.4,8.0,1.5999999999999996,0.08392857142857096,0.25,0.31428571428571433,0.4346591439606113,0.0,0.2357142857142857,0.4229994934140837,0.06821617232883435,0.06821617232883435,0.06821617232883435,0.0,0.0,0.0,0.0,0.0,9.0,1.2857142857142858,9.0,0.0,0.0,0.0,0.0,0.0,1,0,50,6.4
AS14.26,2014-04-09,6.4,6.633333333333333,6.835714285714286,0.5413827094535244,6.4,8.0,1.5999999999999996,-0.0035714285714292565,0.0,0.2571428571428572,0.4476127152540942,0.0,0.2642857142857143,0.3944556224662517,0.06821617232883435,0.06821617232883435,0.06821617232883435,0.0,0.0,0.0,0.0,0.0,5.0,0.7142857142857143,7.0,0.0,0.0,0.0,0.0,0.0,2,0,51,6.6
AS14.26,2014-04-10,6.4,6.516666666666667,6.8357142857142845,0.5413827094535244,6.4,8.0,1.5999999999999996,-0.11250000000000017,0.0,0.2571428571428572,0.4476127152540942,0.0,0.2642857142857143,0.3944556224662517,0.06821617232883435,0.06821617232883435,0.06821617232883435,0.0,0.0,0.0,0.0,0.0,5.0,0.7142857142857143,5.0,0.0,0.0,0.0,0.0,0.0,3,0,52,6.6
AS14.26,2014-04-11,6.6,6.466666666666666,6.807142857142857,0.5488082326190793,6.4,8.0,1.5999999999999996,-0.14285714285714363,-0.2,0.2571428571428572,0.4476127152540942,0.2,0.20714285714285713,0.36563708262493866,0.06821617232883435,0.06821617232883435,0.06821617232883435,0.0,0.0,0.0,0.0,0.0,5.0,0.7142857142857143,5.0,0.0,0.0,0.0,0.0,0.0,4,0,53,7.75
AS14.26,2014-04-12,6.6,6.533333333333334,6.785714285714286,0.5543121005010682,6.4,8.0,1.5999999999999996,-0.17321428571428654,0.8,0.26428571428571435,0.457087050165033,0.2,0.19999999999999998,0.3651483716701108,0.06821617232883435,0.06821617232883435,0.06821617232883435,0.0,0.0,0.0,0.0,0.0,13.0,1.8571428571428572,6.0,0.0,0.0,0.0,0.0,0.0,5,1,54,7.0
AS14.26,2014-04-13,7.75,6.983333333333333,6.75,0.46368092477478695,6.4,7.75,1.3499999999999996,0.10357142857142815,1.0,0.26428571428571435,0.457087050165033,1.0,0.19999999999999998,0.3651483716701108,0.06821617232883435,0.06821617232883435,0.06821617232883435,0.0,0.0,0.0,0.0,0.0,9.0,1.2857142857142858,4.0,0.0,0.0,0.0,0.0,0.0,6,1,55,7.4
AS14.26,2014-04-14,7.0,7.116666666666667,6.785714285714286,0.4732109164300553,6.4,7.75,1.3499999999999996,0.13035714285714253,-0.2,0.23571428571428577,0.4819355815478919,0.0,0.19999999999999998,0.3651483716701108,0.06821617232883435,0.06821617232883435,0.06821617232883435,0.0,1305.902000665664,186.55742866652344,493.58456148329316,1305.902000665664,9.0,1.2857142857142858,4.0,342.6974285714286,2.1522857142857146,237.72571428571428,431.60014285714277,73.18214285714285,0,0,56,6.8
AS14.26,2014-04-15,7.4,7.383333333333333,6.878571428571428,0.5258779507144408,6.4,7.75,1.3499999999999996,0.19107142857142798,0.4,0.2571428571428572,0.4859943170351647,0.4,0.2571428571428571,0.35989416433697496,0.0650244499509205,0.06715226486952973,0.06776021198913237,0.0012063576665599701,2053.9430000782013,479.9778572491236,847.6841666924661,3359.845000743865,11.0,1.5714285714285714,1.0,714.4352857142858,5.478000000000001,494.0501428571428,918.5631428571427,171.26042857142855,1,0,57,6.8
AS14.26,2014-04-16,6.8,7.066666666666666,6.935714285714286,0.48538153868399087,6.4,7.75,1.3499999999999996,0.11428571428571349,0.2,0.28571428571428575,0.4740906081772816,0.4,0.31428571428571433,0.34364987719368983,0.10020306145056895,0.07781456124344127,0.0723297675779516,0.012348390625967548,3130.4239988327026,927.1812856537954,1271.872657417281,6490.268999576568,11.0,1.5714285714285714,5.0,1073.6785714285713,5.478000000000001,765.851,1461.5484285714285,346.8021428571428,2,0,58,6.0
AS14.26,2014-04-17,6.8,7.0,6.992857142857143,0.4324624949331556,6.6,7.75,1.1500000000000004,0.023214285714284955,0.2,0.31428571428571433,0.459813626840888,0.2,0.34285714285714286,0.3207134902949092,0.08589519140989736,0.08370756760379561,0.07485534173238917,0.013148801532894671,673.3580007553101,1023.3752857616968,1214.217749829556,7163.627000331878,12.0,1.7142857142857142,6.0,1265.6100000000001,5.478000000000001,893.8378571428572,1750.6524285714283,413.2195714285714,3,0,59,7.2
AS14.26,2014-04-18,6.0,6.533333333333334,6.9071428571428575,0.563048674204824,6.0,7.75,1.75,-0.13928571428571493,0.0,0.3428571428571429,0.42761798705987897,-0.2,0.2857142857142857,0.3804758924845367,0.08151591851429837,0.08920472379158823,0.07675530547316975,0.012989492982749316,3135.6920008659363,1471.3312858854022,1345.1072662976253,10299.319001197815,12.0,1.7142857142857142,6.0,1781.588,5.478000000000001,1082.0040000000001,2421.797714285714,546.9382857142857,4,0,60,8.0
AS14.26,2014-04-19,7.2,6.666666666666667,6.992857142857143,0.5540972924711053,6.0,7.75,1.75,-0.15178571428571508,0.6,0.31428571428571433,0.3976119189552019,0.8,0.3714285714285714,0.42314018840996304,0.07688394772517218,0.08143168588312265,0.077993559101218,0.012441385355163443,3034.179000377656,1904.7854287964958,1279.2172811854496,13333.49800157547,3.0,0.42857142857142855,12.0,2684.0155714285715,5.478000000000001,1529.814142857143,3432.6085714285714,647.6467142857143,5,1,61,8.0
AS14.26,2014-04-20,8.0,7.066666666666666,7.028571428571429,0.6156684327197709,6.0,8.0,2.0,0.06428571428571321,1.0,0.31428571428571433,0.3976119189552019,1.0,0.3714285714285714,0.42314018840996304,0.2157844764147623,0.12472811421807761,0.09907474539920771,0.05277081439146615,1674.3990008831029,2143.9852860655105,986.8076044573888,15007.897002458572,3.0,0.42857142857142855,12.0,2915.9734285714285,5.478000000000001,1664.7661428571428,3717.408,694.4225714285714,6,1,62,6.4
AS14.26,2014-04-21,8.0,7.733333333333333,7.171428571428572,0.7158079018709921,6.0,8.0,2.0,0.16428571428571398,0.6,0.42857142857142866,0.33523268393901023,1.0,0.5142857142857142,0.44507891221134943,0.032867156570258786,0.1085118602367311,0.09402488600512549,0.05767905286516503,900.6219997406007,2086.0881430762156,1053.7899540578442,14602.617001533508,3.0,0.42857142857142855,12.0,2900.0185714285712,12.50842857142857,1629.255857142857,3686.6161428571427,673.7611428571429,0,0,63,7.25
AS14.26,2014-04-22,6.4,7.466666666666666,7.028571428571429,0.7609517849690732,6.0,8.0,2.0,0.11428571428571349,-0.2,0.34285714285714286,0.41173269183271016,0.0,0.4571428571428572,0.4859943170351647,0.0939812012375572,0.11421094474085942,0.09816156476035931,0.05627378115915658,2126.7690007686615,2096.4918574605667,1053.7791960915954,14675.443002223969,1.0,0.14285714285714285,12.0,3140.261714285715,9.182714285714285,1708.052,3903.5624285714284,658.3912857142857,1,0,64,6.2
AS14.26,2014-04-23,7.25,7.216666666666666,7.0928571428571425,0.757423577788859,6.0,8.0,2.0,0.1053571428571424,0.5,0.38571428571428573,0.4099941927579439,1.0,0.5428571428571428,0.5255382728122435,0.10722584231432682,0.0780247333740476,0.09916481916946758,0.05637874667322981,5148.3780019283295,2384.771000759942,1545.2056432340796,16693.397005319595,1.0,0.14285714285714285,8.0,3394.575285714286,9.182714285714285,1673.612857142857,4208.059857142857,708.9927142857142,2,0,65,5.8
AS14.26,2014-04-24,6.2,6.616666666666667,7.007142857142857,0.8268557771404127,6.0,8.0,2.0,-0.03214285714285791,0.2,0.38571428571428573,0.4099941927579439,0.2,0.5428571428571428,0.5255382728122435,0.0960912896231939,0.09909944439169265,0.10062140462850992,0.05610984841253084,2896.9000005722046,2702.4198578766413,1351.1105901051492,18916.93900513649,1.0,0.14285714285714285,8.0,3624.6545714285717,10.769428571428572,1787.2805714285714,4501.518714285715,790.9632857142858,3,0,66,6.6
AS14.26,2014-04-25,5.8,6.416666666666667,6.978571428571429,0.8697974586348357,5.8,8.0,2.2,-0.3053571428571435,0.0,0.38571428571428573,0.4099941927579439,-0.4,0.5142857142857143,0.5756983337031395,0.07687226020351642,0.09339646404701236,0.09995802486982679,0.05640007725407297,2217.0440003871918,2571.184429236821,1346.6195187206647,17998.291004657745,3.0,0.42857142857142855,8.0,3715.009142857143,10.769428571428572,1839.434,4600.958428571429,766.6861428571427,4,0,67,8.0
AS14.26,2014-04-26,6.6,6.2,6.892857142857143,0.8738938586524546,5.8,8.0,2.2,-0.3142857142857146,0.2,0.3285714285714286,0.40296519996266716,0.4,0.45714285714285713,0.5623081683476385,0.11031263954857312,0.0944253964584278,0.1047335522731698,0.05552923803547052,4427.82300043106,2770.2764292444504,1518.529124353996,19391.93500471115,4.0,0.5714285714285714,1.0,3514.576857142857,17.10742857142857,1653.581428571429,4504.048428571428,829.4377142857142,5,1,68,7.8
AS14.26,2014-04-27,8.0,6.8,6.892857142857143,0.8738938586524546,5.8,8.0,2.2,-0.03750000000000067,1.0,0.32857142857142857,0.40296519996266716,1.0,0.45714285714285713,0.5623081683476385,0.28412269751531427,0.15710253242246794,0.11449615528753435,0.07924852934018459,2943.2999997138977,2951.548000505992,1439.5924393834873,20660.836003541946,7.0,1.0,1.0,3723.4022857142854,17.10742857142857,1649.7541428571428,4797.464,898.3195714285714,6,1,69,8.0
AS14.26,2014-04-28,7.8,7.466666666666666,6.864285714285714,0.8340235237061591,5.8,8.0,2.2,0.21785714285714247,0.8,0.35714285714285715,0.43149794459588814,0.8,0.42857142857142855,0.5345224838248488,0.07877714894532083,0.15773749533640272,0.12105472562682894,0.07302217298386653,1309.371000528336,3009.9407149042404,1347.9081462372922,21069.58500432968,11.0,1.5714285714285714,3.0,3456.318428571429,18.99985714285714,1477.1004285714287,4575.106285714285,927.7698571428571,0,0,70,6.6
AS14.26,2014-04-29,8.0,7.933333333333333,7.0928571428571425,0.9020479345303528,5.8,8.0,2.2,0.27321428571428485,1.0,0.5285714285714286,0.41115400891590353,1.0,0.5714285714285714,0.5345224838248487,0.1600140056022409,0.174304617354292,0.1304879833932123,0.07320675263987057,2207.048998594284,3021.4092860221863,1339.456379703017,21149.865002155304,15.0,2.142857142857143,3.0,3302.8555714285717,25.77242857142857,1266.6879999999999,4442.101142857143,940.8362857142856,1,0,71,6.2
AS14.26,2014-04-30,6.6,7.466666666666666,7.0,0.9165151389911679,5.8,8.0,2.2,0.2428571428571427,0.6,0.5428571428571429,0.41173269183271,0.4,0.4857142857142857,0.501426536422407,0.09745980313029162,0.11208365255928444,0.12909283493835016,0.07381449744898747,2299.9690017700195,2614.493714570999,966.2883065313188,18301.456001996994,15.0,2.142857142857143,3.0,3037.606714285714,25.77242857142857,1222.8254285714286,4059.0982857142853,813.9982857142858,2,0,72,6.8
AS14.26,2014-05-01,6.2,6.933333333333333,6.999999999999999,0.9165151389911679,5.8,8.0,2.2,0.0428571428571427,-0.2,0.4857142857142857,0.4879500364742664,0.2,0.4857142857142857,0.501426536422407,0.0840277777777778,0.11383386217010344,0.12736947610329072,0.07484700820769455,3207.962999343871,2658.9312858240946,988.341046523474,18612.51900076866,14.0,2.0,2.0,3237.1644285714283,29.553857142857144,1124.323285714286,4232.418571428571,788.016857142857,3,0,73,7.2
AS14.26,2014-05-02,6.8,6.533333333333332,7.142857142857143,0.7634508123364216,6.2,8.0,1.7999999999999998,-0.15000000000000027,0.0,0.4857142857142857,0.4879500364742664,0.4,0.6,0.32659863237109027,0.11682422969187674,0.09943727019998205,0.1330769003159136,0.07181650042075445,3994.084999799729,2912.7942857401713,1079.9038732904341,20389.560000181198,17.0,2.4285714285714284,2.0,2847.2834285714284,29.553857142857144,938.3105714285714,3887.879857142857,883.1227142857143,4,0,74,7.8
AS14.26,2014-05-03,7.2,6.733333333333333,7.228571428571428,0.7250615737399719,6.2,8.0,1.7999999999999998,-0.22142857142857164,0.2,0.48571428571428577,0.4879500364742664,0.8,0.6571428571428571,0.3207134902949091,0.14302874533992213,0.11462691760319221,0.13775062971467775,0.07114958400177479,2597.300000667573,2651.2910000596726,848.7923884270101,18559.03700041771,16.0,2.2857142857142856,2.0,2476.0282857142856,30.12557142857143,869.6874285714285,3460.628571428572,817.7554285714286,5,1,75,7.4
AS14.26,2014-05-04,7.8,7.266666666666666,7.2,0.6928203230275503,6.2,8.0,1.7999999999999998,-0.05000000000000103,0.0,0.3428571428571429,0.4577377082170634,0.8,0.6285714285714287,0.2927700218845598,0.04645748206553563,0.1021034856991115,0.1037984560789951,0.03918755273275511,1781.7340013980865,2485.353000300271,894.5020301451717,17397.4710021019,16.0,2.2857142857142856,2.0,2373.0864285714283,37.349,947.2752857142858,3299.0077142857144,767.1142857142858,6,1,76,6.5
AS14.26,2014-05-06,6.5,7.233333333333333,6.928571428571429,0.5618845839799186,6.2,7.8,1.5999999999999996,0.11071428571428535,0.25,0.09285714285714287,0.2834733547569206,0.25,0.4642857142857143,0.24275207811380614,0.0992824107043948,0.05441922628995921,0.08637117640139226,0.04236057533317531,1127.4830007553105,2213.0991433688573,1202.36912793578,15491.694003582,8.0,1.1428571428571428,3.0,2365.6235714285717,26.549000000000003,1170.256,3219.8764285714287,729.4290000000001,1,0,78,6.8
AS14.26,2014-05-07,6.65,6.849999999999999,6.935714285714285,0.557310719522995,6.2,7.8,1.5999999999999996,0.03392857142857086,0.125,0.02500000000000003,0.17969882210706564,0.325,0.45357142857142857,0.24766769210836873,0.05014124293785314,0.055647146580731714,0.07961138208818677,0.04403842405083584,2523.907000780106,2245.090286084584,1208.0314729842107,15715.632002592087,9.0,1.2857142857142858,4.0,2423.771571428571,26.549000000000003,1315.2855714285713,3283.909285714286,735.7927142857143,2,0,79,6.6
AS14.26,2014-05-08,6.8,6.6499999999999995,7.021428571428572,0.4635525346505533,6.5,7.8,1.2999999999999998,-0.0857142857142867,0.0,0.0535714285714286,0.15167713203035094,0.4,0.48214285714285715,0.22393929874814184,0.09131503050995511,0.08024622805073435,0.08065241819278354,0.04424586854457567,1263.5559999942773,1967.3178576060707,1172.7619307283392,13771.225003242494,11.0,1.5714285714285714,4.0,1936.1751428571429,21.180857142857146,1241.176714285714,2741.6910000000003,688.1508571428573,3,0,80,6.8
AS14.26,2014-05-09,6.6,6.683333333333334,6.992857142857142,0.48513621062248385,6.5,7.8,1.2999999999999998,-0.16250000000000064,-0.2,0.02500000000000003,0.17969882210706564,0.4,0.48214285714285715,0.22393929874814184,0.10563206214689264,0.08236277853156697,0.07905353711492867,0.04290273693605008,4129.394999504089,1986.6478575638362,1212.188121645279,13906.535002946854,6.0,0.8571428571428571,4.0,2255.3095714285714,37.553428571428576,1367.101,3165.351,731.7922857142858,4,0,81,8.0
AS14.26,2014-05-10,6.8,6.733333333333332,6.935714285714286,0.480203329950177,6.5,7.8,1.2999999999999998,-0.15357142857142933,0.2,0.02500000000000003,0.17969882210706564,0.6,0.45357142857142857,0.18620585127116457,0.11315028129896026,0.10336579131860268,0.07478518510907696,0.036483096346624486,3803.5079991817474,2158.963285923004,1386.640829481803,15112.743001461029,6.0,0.8571428571428571,4.0,2498.9658571428567,36.95971428571429,1394.3692857142858,3431.2307142857144,774.264,5,1,82,6.2
AS14.26,2014-05-11,8.0,7.133333333333333,6.964285714285714,0.5421517974041696,6.5,8.0,1.5,0.08392857142857077,0.6,0.11071428571428574,0.28057127097270346,1.0,0.48214285714285715,0.2519566289208181,0.07102007469654532,0.09660080604746607,0.07829412691350693,0.034427766175017,2469.7799999713893,2257.2555714334762,1379.8135274261062,15800.789000034332,10.0,1.4285714285714286,5.0,2566.3792857142857,29.736285714285714,1373.7357142857145,3569.680857142857,840.1247142857143,6,1,83,6.4
AS14.26,2014-05-12,6.2,7.0,6.792857142857143,0.5704008615501418,6.2,8.0,1.7999999999999998,0.06428571428571395,0.4,0.19642857142857145,0.2607795091278308,0.0,0.42499999999999993,0.3119161212035484,0.07330473856209153,0.08582503151919903,0.08626369155095612,0.022353818363879046,3459.557000398636,2682.455142940794,1187.1438499264223,18777.186000585556,15.0,2.142857142857143,6.0,2673.9905714285715,31.029428571428575,1211.0502857142858,3763.7834285714284,914.2051428571428,0,0,84,7.0
AS14.26,2014-05-13,6.4,6.866666666666666,6.778571428571429,0.580127243841918,6.2,8.0,1.7999999999999998,-0.01964285714285737,0.0,0.16071428571428575,0.269202968214019,0.4,0.44642857142857145,0.3029124500263275,0.015353740366202982,0.053226184541613285,0.074273881502643,0.03379004904390574,3631.5220007896405,3040.175000088555,1003.5693122399191,21281.225000619885,15.0,2.142857142857143,3.0,3033.129,25.718857142857143,1316.4294285714284,4182.724571428572,958.1877142857142,1,0,85,6.0
AS14.26,2014-05-14,7.0,6.533333333333332,6.828571428571429,0.5822779568622016,6.2,8.0,1.7999999999999998,-0.014285714285714604,0.4,0.20000000000000004,0.28284271247461906,0.6,0.48571428571428565,0.3023715784073817,0.12987183524450582,0.07284343805760012,0.0856639661178791,0.03753046431395256,5343.02999997139,3442.906857115882,1287.3853379065704,24100.347999811172,14.0,2.0,2.0,3126.6294285714284,31.63757142857143,1174.3392857142858,4393.799142857143,1081.1304285714286,2,0,86,6.4
AS14.26,2014-05-15,6.0,6.466666666666666,6.714285714285714,0.6618876325292984,6.0,8.0,2.0,-0.10714285714285778,0.0,0.20000000000000004,0.28284271247461906,0.0,0.42857142857142855,0.3545621041711673,0.09249834820934023,0.07924130794001637,0.08583301150350554,0.037562811230295944,1312.21399974823,3449.857999937875,1273.715674371379,24149.005999565125,13.0,1.8571428571428572,4.0,3344.278,37.443714285714286,1270.3452857142856,4634.196285714286,1098.2528571428572,3,0,87,7.4
AS14.26,2014-05-16,6.4,6.466666666666666,6.685714285714286,0.6718843437888496,6.0,8.0,2.0,-0.15714285714285767,0.2,0.25714285714285723,0.22253945610567466,0.2,0.39999999999999997,0.3651483716701107,0.14130829682300272,0.12122616009228293,0.09092961645723555,0.0427579737703129,3377.7590010166164,3342.4814287253785,1238.0649787998846,23397.37000107765,13.0,1.8571428571428572,4.0,3510.6831428571427,27.26814285714286,1337.2234285714287,4680.438428571429,1020.1368571428571,4,0,88,7.4
AS14.26,2014-05-17,7.4,6.6000000000000005,6.771428571428571,0.7250615737399735,6.0,8.0,2.0,-0.06428571428571507,0.6,0.31428571428571433,0.25448360411214055,0.8,0.42857142857142855,0.39036002917941326,0.10708657905748699,0.11363107469660999,0.09006337327988223,0.04229165161789831,4921.616000652313,3502.211143221174,1372.3067426856073,24515.478002548218,15.0,2.142857142857143,4.0,3666.6904285714286,34.63657142857143,1339.7332857142858,4850.256714285714,1048.759142857143,5,1,89,7.2
AS14.26,2014-05-18,7.4,7.066666666666666,6.685714285714285,0.5756983337031412,6.0,7.4,1.4000000000000004,0.17857142857142838,0.4,0.28571428571428575,0.22677868380553623,0.4,0.34285714285714286,0.2992052966172383,0.1334267040149393,0.12727385996514304,0.0989786060396528,0.04414533645583963,2348.9890010356908,3484.95528623036,1388.120892165238,24394.68700361252,11.0,1.5714285714285714,3.0,3642.441428571429,34.63657142857143,1291.100285714286,4766.155571428571,994.3814285714286,6,1,90,7.4
AS14.26,2014-05-19,7.2,7.333333333333333,6.828571428571429,0.558910504804619,6.0,7.4,1.4000000000000004,0.16428571428571387,0.4,0.28571428571428575,0.22677868380553623,0.8,0.45714285714285713,0.2992052966172382,0.09436712184873945,0.11162680164038861,0.10198751793774534,0.04280110560158851,1940.9539992809298,3268.0120003564016,1506.3820810013353,22876.084002494812,8.0,1.1428571428571428,2.0,3688.150857142857,37.92885714285715,1467.624,4774.922857142857,955.3177142857143,0,0,91,7.6
AS14.26,2014-05-20,7.4,7.333333333333333,6.971428571428571,0.558910504804619,6.0,7.4,1.4000000000000004,0.1642857142857135,-0.4,0.22857142857142865,0.3352326839390103,1.0,0.5428571428571428,0.35989416433697485,0.07498041589517161,0.10092474725295016,0.11050561444188374,0.02485851367357467,1600.1170001029961,2977.811285972595,1616.340561929154,20844.679001808167,10.0,1.4285714285714286,2.0,3611.9722857142856,36.19171428571428,1518.7684285714288,4648.913714285714,926.1005714285715,1,0,92,7.0
AS14.26,2014-05-21,7.6,7.3999999999999995,7.057142857142857,0.6078847008469708,6.0,7.6,1.5999999999999996,0.2357142857142852,-0.4,0.11428571428571432,0.3976119189552021,0.8,0.5714285714285714,0.37289089429432165,0.11844070961718021,0.09592941578703044,0.10887259649512293,0.02372383543443104,2322.8970007896423,2546.363714660917,1238.7470135299423,17824.54600262642,10.0,1.4285714285714286,2.0,3626.8528571428574,35.881142857142855,1623.4877142857144,4585.517285714285,817.4234285714286,2,0,93,6.6
AS14.26,2014-05-22,7.0,7.333333333333333,7.2,0.400000000000002,6.4,7.6,1.1999999999999993,0.07857142857142838,0.2,0.14285714285714288,0.3952094080237416,0.8,0.6857142857142857,0.27945525240230845,0.12877008854389213,0.10739707135208133,0.11405427368577319,0.023511585582677578,1593.0510001182552,2586.4832861423492,1195.9220664376337,18105.383002996445,14.0,2.0,0.0,3518.7047142857145,30.074999999999996,1499.9754285714287,4473.738428571429,817.2457142857144,3,0,94,6.2
AS14.26,2014-05-23,6.6,7.0666666666666655,7.228571428571429,0.33523268393901295,6.6,7.6,1.0,-0.10000000000000075,-0.2,0.08571428571428576,0.4140393356054127,0.4,0.7142857142857143,0.22677868380553592,0.14347572362278238,0.13022884059461826,0.11436390608574173,0.023940679374024165,3317.113998651505,2577.819714375905,1189.4365691884223,18044.738000631332,15.0,2.142857142857143,0.0,3275.5454285714286,23.877999999999997,1460.4960000000003,4258.671714285714,860.2571428571429,4,0,95,7.6
AS14.26,2014-05-24,6.2,6.6000000000000005,7.057142857142857,0.4995235825502247,6.2,7.6,1.3999999999999995,-0.18571428571428633,0.2,0.028571428571428605,0.3545621041711675,0.0,0.6,0.3464101615137753,0.10403460297162344,0.12542680504609935,0.11392790950204693,0.02412240015814889,3708.5510001182556,2404.524714299611,822.953038592292,16831.673000097275,15.0,2.142857142857143,0.0,2900.4234285714288,10.193571428571428,1290.4345714285716,3803.2561428571425,789.7484285714287,5,1,96,8.0
AS14.26,2014-05-25,7.6,6.8,7.085714285714286,0.5273473599964635,6.2,7.6,1.3999999999999995,-0.0785714285714293,-0.2,-0.05714285714285711,0.3207134902949096,1.0,0.6857142857142857,0.3625307868699861,0.1388106830809972,0.12877366989180103,0.11469704936862664,0.02492037164290806,3227.9440007209787,2530.089714254652,878.2633758044612,17710.627999782562,14.0,2.0,0.0,3127.7272857142857,10.193571428571428,1440.6834285714285,4108.675,849.8405714285715,6,1,97,7.2
AS14.26,2014-05-26,8.0,7.266666666666666,7.2,0.6324555320336771,6.2,8.0,1.7999999999999998,0.03571428571428474,-0.5,-0.1857142857142857,0.28535691936340307,1.0,0.7142857142857143,0.38047589248453656,0.129498162259254,0.12411448277062491,0.11971576942727158,0.023648832492577196,3128.5459988117223,2699.745714187622,860.0064214248777,18898.219999313354,13.0,1.8571428571428572,0.0,3161.556571428571,5.608142857142857,1389.239142857143,4160.802000000001,874.7211428571428,0,0,98,5.8
AS14.26,2014-05-27,7.2,7.599999999999999,7.171428571428572,0.6264031867583002,6.2,8.0,1.7999999999999998,0.06428571428571359,0.2,-0.09999999999999996,0.30000000000000043,1.0,0.7142857142857143,0.38047589248453656,0.05465389326822173,0.10765424620282434,0.11681198048056443,0.03035450436518522,4242.400998830797,3077.2148568630223,876.6306341180726,21540.503998041157,13.0,1.8571428571428572,0.0,3170.205571428571,5.608142857142857,1359.0571428571427,4232.791857142857,922.6281428571428,1,0,99,5.4
AS14.26,2014-05-28,5.8,7.0,6.914285714285714,0.7733661733585455,5.8,8.0,2.2,-0.021428571428572,0.0,-0.04285714285714282,0.2699206232527316,-0.2,0.5714285714285714,0.5089672082242813,0.027135701676887915,0.07042925240145459,0.10376840791766553,0.04541771742500442,2175.5220003128056,3056.1612853663314,899.244073421181,21393.12899756432,13.0,1.8571428571428572,0.0,3169.2865714285717,8.823571428571428,1330.8397142857143,4207.651142857143,896.2944285714285,2,0,100,7.4
AS14.26,2014-05-29,5.4,6.133333333333333,6.685714285714285,0.9581728644118659,5.4,8.0,2.5999999999999996,-0.17142857142857174,0.6,0.014285714285714315,0.35790395093549643,-0.4,0.3999999999999999,0.6110100926607785,0.07929917398730787,0.05369625631080588,0.09670113440958208,0.0447225692980655,2772.0800011158003,3224.5939997945525,657.4271614576802,22572.157998561866,9.0,1.2857142857142858,0.0,3584.5322857142855,32.714,1613.5762857142856,4749.612142857143,951.869,3,0,101,6.4
AS14.27,2014-04-02,7.4,7.4,7.4,0.0,7.4,7.4,0.0,-5.586383818051665e-16,-0.4,-0.4,0.0,0.6,0.6,0.0,0.153125,0.153125,0.153125,0.0,0.0,0.0,0.0,0.0,12.0,1.7142857142857142,5.0,0.0,0.0,0.0,0.0,0.0,2,0,44,7.4
AS14.27,2014-04-03,7.4,7.4,7.4,0.0,7.4,7.4,0.0,-5.586383818051665e-16,-0.4,-0.4,0.0,0.6,0.6,0.0,0.153125,0.153125,0.153125,0.0,292.63900041580246,41.80557148797178,110.6071455741058,292.63900041580246,17.0,2.4285714285714284,9.0,31.395999999999997,0.0,18.362714285714283,46.53557142857143,12.53042857142857,3,0,45,7.0
AS14.27,2014-04-04,7.4,7.4,7.4,0.0,7.4,7.4,0.0,-5.586383818051665e-16,-0.4,-0.4,0.0,0.6,0.6,0.0,0.07881944444444444,0.1283564814814815,0.14250992063492066,0.028084860147213418,2979.9589996337895,467.5140000070846,1113.239105990892,3272.598000049592,18.0,2.5714285714285716,10.0,317.84157142857146,47.57485714285714,173.23642857142858,489.0155714285714,98.09857142857142,4,0,46,7.4
AS14.27,2014-04-05,7.0,7.266666666666667,7.342857142857143,0.15118578920369108,7.0,7.4,0.40000000000000036,-0.04285714285714345,1.0,-0.2,0.529150262212918,0.2,0.5428571428571428,0.15118578920369088,0.13924288801542117,0.1237291108199552,0.1405267617799808,0.02769783197241761,2669.06700015068,848.8092857428959,1356.8573647963499,5941.665000200272,17.0,2.4285714285714284,15.0,540.7642857142857,107.82142857142857,291.57014285714286,930.1375714285714,223.6405714285714,5,1,47,7.0
AS14.27,2014-04-06,7.4,7.266666666666667,7.342857142857143,0.15118578920369108,7.0,7.4,0.40000000000000036,-0.02857142857142865,-0.2,-0.17142857142857143,0.5219012860502955,0.6,0.5428571428571428,0.15118578920369088,0.05138888888888888,0.08981707378291816,0.12599303162125067,0.042644380182399785,4048.8549981117253,1427.2171426159996,1742.8089045107408,9990.519998311996,17.0,2.4285714285714284,15.0,1204.8105714285716,137.858,623.4775714285714,1768.6804285714284,354.3022857142857,6,1,48,7.6
AS14.27,2014-04-07,7.0,7.133333333333333,7.285714285714286,0.195180014589707,7.0,7.4,0.40000000000000036,-0.057142857142857675,-1.0,-0.2571428571428572,0.6078847008469694,0.2,0.48571428571428577,0.19518001458970663,0.08090277777777777,0.0905115182273626,0.11567557130379033,0.043709450424732905,3107.6139993667603,1871.1619996683937,1714.2283413210316,13098.133997678757,15.0,2.142857142857143,14.0,1617.1162857142858,157.34428571428572,766.949,2313.936,437.911,0,0,49,7.6
AS14.27,2014-04-08,7.6,7.333333333333333,7.314285714285715,0.22677868380553642,7.0,7.6,0.5999999999999996,-0.007142857142857396,1.0,-0.05714285714285713,0.7634508123364221,0.8,0.5142857142857143,0.22677868380553634,0.08437499999999999,0.0722222222222222,0.10585414273236174,0.0415634839303656,2467.2949988842024,2223.6327137947087,1506.4279455422322,15565.42899656296,14.0,2.0,14.0,1893.576142857143,174.66285714285712,860.8057142857143,2710.7808571428573,522.6454285714286,1,0,50,7.0
AS14.27,2014-04-09,7.6,7.3999999999999995,7.3428571428571425,0.25071326821120343,7.0,7.6,0.5999999999999996,0.0357142857142853,-0.6,-0.08571428571428572,0.7819389819088006,0.8,0.5428571428571428,0.2507132682112035,0.0711805555555556,0.07881944444444446,0.09414779352601255,0.037357713610627015,1909.3099997043603,2496.3912851810455,1172.5631884569261,17474.73899626732,14.0,2.0,13.0,2137.594285714286,211.22171428571428,968.8311428571429,3109.542571428571,592.5381428571428,2,0,51,7.4
AS14.27,2014-04-10,7.0,7.3999999999999995,7.285714285714286,0.27945525240230884,7.0,7.6,0.5999999999999996,0.007142857142856837,0.4,0.02857142857142858,0.7867957924694432,0.8,0.5714285714285714,0.2690370836538197,0.11215277777777777,0.08923611111111111,0.08829461892283794,0.02880868966465382,3976.985000610354,3022.7264280659815,779.5147448526793,21159.084996461872,8.0,1.1428571428571428,9.0,2612.2135714285714,224.99757142857143,1082.181142857143,3731.808571428571,690.5227142857142,3,0,52,5.8
AS14.27,2014-04-11,7.4,7.333333333333333,7.285714285714286,0.27945525240230884,7.0,7.6,0.5999999999999996,0.03571428571428493,-0.2,0.057142857142857155,0.772133716522259,0.4,0.5428571428571429,0.2760262237369417,0.12499999999999999,0.10277777777777779,0.09489184114506018,0.03144435901303549,3290.0389997959137,3067.0235709462854,785.4670292947892,21469.164996623997,7.0,1.0,12.0,2639.9994285714283,208.81885714285713,1037.322,3765.1477142857143,707.2862857142857,4,0,53,7.0
AS14.27,2014-04-12,5.8,6.733333333333333,7.114285714285714,0.6309478885734053,5.8,7.6,1.7999999999999998,-0.16428571428571545,0.4,-0.02857142857142855,0.6775305299745681,-0.6,0.42857142857142855,0.5089672082242814,0.08576388888888892,0.10763888888888888,0.08725198412698412,0.024631343614527207,2438.5540010929108,3034.093142509461,809.3994070531708,21238.651997566227,5.0,0.7142857142857143,7.0,2645.387428571429,164.981,1045.5097142857144,3667.841,674.2152857142856,5,1,54,8.75
AS14.27,2014-04-13,7.0,6.733333333333333,7.057142857142857,0.6187545093630779,5.8,7.6,1.7999999999999998,-0.1357142857142866,0.25,0.03571428571428574,0.6798984518013736,0.5,0.4142857142857143,0.5047394424471945,0.07713122605363985,0.09596503831417624,0.09092946086480569,0.01984027817077927,3068.1730005741138,2893.9957142898024,678.8216737126384,20257.970000028618,7.0,1.0,7.0,2334.718714285714,156.21814285714285,836.3654285714285,3303.876571428572,636.7535714285714,6,1,55,7.6
AS14.27,2014-04-14,8.75,7.183333333333333,7.307142857142857,0.8871436239548868,5.8,8.75,2.95,0.037499999999998625,0.5,0.25000000000000006,0.5155902766086007,1.5,0.6,0.6350852961085883,0.13717672413793106,0.10002394636015327,0.09896859605911332,0.025650539146975026,2013.1490004062655,2737.6435715811604,744.3038584414842,19163.505001068123,6.0,0.8571428571428571,6.0,2138.68,141.02357142857142,801.8194285714286,3080.739857142857,644.012,0,0,56,7.2
AS14.27,2014-04-15,7.6,7.783333333333332,7.307142857142857,0.8871436239548868,5.8,8.75,2.95,0.11071428571428497,-0.8,-0.0071428571428571175,0.5279114283575194,0.8,0.6,0.6350852961085883,0.08090277777777778,0.09840357598978289,0.09847256431308157,0.026010829036413406,1172.436998605728,2552.663857255663,954.0431685278454,17868.647000789642,6.0,0.8571428571428571,6.0,1938.908,133.698,713.5738571428572,2851.3031428571426,626.7801428571429,1,0,57,7.8
AS14.27,2014-04-16,7.2,7.849999999999999,7.25,0.8779711460710616,5.8,8.75,2.95,0.14107142857142788,-0.6,-0.0071428571428571175,0.5279114283575194,0.6,0.5714285714285714,0.629058253037257,0.09026916896235078,0.10278289029268654,0.10119950908548088,0.023557616325676448,2954.072999954223,2701.9157144342157,917.649397482959,18913.41000103951,6.0,0.8571428571428571,6.0,1979.9789999999998,117.383,666.1181428571429,2906.807571428572,651.2997142857142,2,0,58,7.6
AS14.27,2014-04-17,7.8,7.533333333333332,7.364285714285715,0.8919614554986319,5.8,8.75,2.95,0.1642857142857136,-1.4,-0.26428571428571423,0.7051679975451983,1.0,0.6,0.6454972243679027,0.11818102240896362,0.09645098971636407,0.102060686889936,0.024128040502426607,4135.876000881195,2724.614428758621,955.6251267572217,19072.30100131035,6.0,0.8571428571428571,6.0,1820.496857142857,119.76085714285715,614.1274285714286,2849.610142857143,673.2211428571428,3,0,59,8.6
AS14.27,2014-04-18,7.6,7.533333333333332,7.392857142857143,0.8964878561310666,5.8,8.75,2.95,0.1946428571428563,0.2,-0.2071428571428571,0.7271110480459475,0.8,0.6571428571428573,0.6425396041156862,0.10105333800186744,0.10316784312439396,0.09863973517591706,0.02193116626452573,3897.650999069213,2811.4161429405212,1039.4617504584965,19679.91300058365,8.0,1.1428571428571428,2.0,1831.1798571428571,104.39985714285714,639.5157142857142,2968.2999999999997,687.4377142857142,4,0,60,7.5
AS14.27,2014-04-19,8.6,8.0,7.792857142857143,0.6610777635980564,7.0,8.75,1.75,0.09642857142857056,0.0,-0.26428571428571423,0.6859994446756048,1.4,0.9428571428571428,0.3823486317361107,0.11597222222222221,0.11173552754435108,0.10295521136639325,0.021947363807842693,2255.525000333786,2785.269142832075,1052.622717335148,19496.883999824524,13.0,1.8571428571428572,2.0,1826.3282857142858,93.1712857142857,592.7320000000001,2999.909571428572,704.3207142857143,5,1,61,7.2
AS14.27,2014-04-20,7.5,7.899999999999999,7.864285714285714,0.5836053787408372,7.2,8.75,1.5499999999999998,-0.04821428571428696,-0.25,-0.3357142857142857,0.6485331434053606,0.5,0.9428571428571428,0.3823486317361107,0.054989495798319334,0.090671685340803,0.0997921070442046,0.02724553700007748,3119.571998596192,2792.611856835229,1055.1014097236007,19548.282997846603,10.0,1.4285714285714286,1.0,1810.6871428571426,111.27971428571429,647.6540000000001,2986.0647142857138,682.9467142857142,6,1,62,6.8
AS14.27,2014-04-21,7.2,7.766666666666666,7.642857142857143,0.47559486560566955,7.2,8.6,1.3999999999999995,0.007142857142856837,-0.4,-0.46428571428571425,0.5344111133717544,0.6,0.8142857142857143,0.30783421635988517,0.18090277777777777,0.11728816526610646,0.1060386861356113,0.03950128432031194,5029.128001213074,3223.4659998076304,1276.3508517579417,22564.261998653412,11.0,1.5714285714285714,0.0,2026.895,136.9522857142857,699.2760000000001,3305.602714285714,760.7498571428571,0,0,63,7.8
AS14.27,2014-04-22,6.8,7.166666666666667,7.528571428571428,0.5736267244886852,6.8,8.6,1.7999999999999998,-0.08928571428571429,0.0,-0.3499999999999999,0.5361902647381804,0.2,0.7285714285714285,0.38606685826112924,0.07812500000000007,0.10467242452536572,0.10564186073878588,0.039808639074242376,2954.5300004482265,3478.0507143565583,929.7259408472466,24346.355000495907,12.0,1.7142857142857142,1.0,2263.7262857142855,141.90114285714284,773.0602857142858,3605.668857142857,781.5037142857143,1,0,64,8.0
AS14.27,2014-04-23,7.8,7.266666666666666,7.614285714285715,0.5610364558225281,6.8,8.6,1.7999999999999998,-0.10714285714285778,-1.0,-0.4071428571428571,0.5862512057049233,0.8,0.7571428571428572,0.3823486317361107,0.09700046685340802,0.1186760815437286,0.10660347472322264,0.03945513822749262,3214.0650005340576,3515.1924287251063,910.2949351532744,24606.347001075745,18.0,2.5714285714285716,6.0,2239.5448571428574,182.38657142857144,819.6111428571429,3611.6459999999997,792.6821428571428,2,0,65,7.6
AS14.27,2014-04-24,8.0,7.533333333333332,7.642857142857143,0.5769377287516754,6.8,8.6,1.7999999999999998,-0.03928571428571493,0.0,-0.2071428571428571,0.40044617972599367,0.8,0.7285714285714286,0.36839419880650337,0.07138142791551878,0.08216896492297562,0.09991781836701623,0.04109727192855748,2625.9789998531332,3299.492857149669,917.5682992645328,23096.450000047684,19.0,2.7142857142857144,6.0,2184.4137142857144,204.68085714285715,855.7995714285714,3410.9681428571425,720.8301428571428,3,0,66,7.6
AS14.27,2014-04-25,7.6,7.8,7.642857142857143,0.5769377287516754,6.8,8.6,1.7999999999999998,-0.05000000000000103,0.6,-0.14999999999999997,0.48733971724044817,0.6,0.7,0.369684550213647,0.08724323062558355,0.08520837513150344,0.09794494588468995,0.041364285618901354,3722.3549990653996,3274.4505714348384,900.7606895189014,22921.15400004387,23.0,3.2857142857142856,6.0,2202.452142857143,205.80228571428572,812.139,3375.5778571428573,744.7168571428572,4,0,67,9.333333333333334
AS14.27,2014-04-26,7.6,7.733333333333332,7.5,0.3958114029012628,6.8,8.0,1.2000000000000002,0.08214285714285634,1.2,0.02142857142857148,0.709375983322163,0.6,0.5857142857142857,0.2035400978396425,0.13997140522875814,0.09953202125662015,0.10137340059990937,0.0440170141901231,3144.8409993648525,3401.4957141535624,788.8625738370627,23810.469999074936,21.0,3.0,6.0,2246.4367142857145,224.20371428571428,815.7810000000001,3451.3941428571425,765.4785714285715,5,1,68,8.0
AS14.27,2014-04-27,9.333333333333334,8.177777777777777,7.761904761904762,0.7980134064195888,6.8,9.333333333333334,2.533333333333334,0.27857142857142797,0.6666666666666666,0.15238095238095242,0.7350628954840941,1.6666666666666667,0.7523809523809525,0.45004408955088215,0.36180555555555555,0.19634006380329908,0.14520426627951455,0.1031587873425515,3679.661000013352,3481.508428641728,783.8904755460042,24370.559000492096,39.0,5.571428571428571,6.0,2207.7495714285715,184.82157142857142,706.8480000000001,3599.4235714285714,939.1197142857143,6,1,69,7.8
AS14.27,2014-04-28,8.0,8.31111111111111,7.876190476190476,0.7605344820668536,6.8,9.333333333333334,2.533333333333334,0.22380952380952324,0.4,0.2666666666666667,0.69602043392737,0.8,0.780952380952381,0.4450789122113493,0.12519226354453625,0.20898974144295,0.13724562138905147,0.10208911855721962,4437.74600148201,3397.0252858230047,599.4730756078347,23779.177000761032,41.0,5.857142857142857,6.0,2420.507142857143,160.9114285714286,807.7674285714285,3772.458857142857,913.2688571428571,0,0,70,7.2
AS14.27,2014-04-29,7.8,8.377777777777776,8.019047619047619,0.6021126825932844,7.6,9.333333333333334,1.7333333333333343,0.061904761904760866,0.2,0.29523809523809535,0.6872997543873797,0.8,0.8666666666666668,0.36514837167011066,0.13159722222222217,0.206198347107438,0.14488451027794036,0.09887813791250234,3027.4069981575008,3407.436285495758,591.0815917833554,23852.053998470306,44.0,6.285714285714286,5.0,2493.568142857143,162.75585714285714,934.9987142857143,3865.882428571428,942.157,1,0,71,6.6
AS14.27,2014-04-30,7.2,7.666666666666667,7.933333333333333,0.676592771006147,7.2,9.333333333333334,2.1333333333333337,-0.0571428571428573,-1.2,0.2666666666666667,0.7512951779723096,0.4,0.8095238095238095,0.4062996001466959,0.08749999999999998,0.11476316192225279,0.1435273007274535,0.09970667248072554,2505.7840011119843,3306.253285578319,683.1523842515619,23143.772999048233,41.0,5.857142857142857,0.0,2502.924714285714,127.31899999999999,963.7527142857143,3832.6255714285717,953.5741428571428,2,0,72,7.6
AS14.27,2014-05-01,6.6,7.199999999999999,7.733333333333333,0.8406346808612322,6.6,9.333333333333334,2.7333333333333343,-0.19047619047619177,1.2,0.4380952380952382,0.8145502215898437,0.4,0.7523809523809524,0.4349785617778756,0.0889128352490421,0.10267001915708808,0.14603178748938536,0.09779428146299754,4239.093001365662,3536.6981429372513,687.4913437273967,24756.88700056076,41.0,5.857142857142857,0.0,2766.796,111.34514285714285,1083.9132857142856,4161.484857142857,1044.632142857143,3,0,73,7.2
AS14.27,2014-05-02,7.6,7.133333333333333,7.733333333333334,0.8406346808612322,6.6,9.333333333333334,2.7333333333333343,-0.2238095238095251,0.4,0.40952380952380957,0.8114263357894531,0.8,0.780952380952381,0.42983939414844785,0.11239224137931031,0.09626835887611747,0.14962450331134636,0.09571441925219151,3486.5710008144392,3503.0147146156855,682.638061120992,24521.1030023098,36.0,5.142857142857143,0.0,2673.1672857142853,149.27957142857142,1036.4914285714287,4027.354142857143,1016.6902857142858,4,0,74,6.4
AS14.27,2014-05-03,7.2,7.133333333333333,7.6761904761904765,0.8644660706479962,6.6,9.333333333333334,2.7333333333333343,-0.3000000000000011,-1.0,0.09523809523809532,0.8775868789804974,0.6,0.780952380952381,0.42983939414844785,0.11944444444444446,0.10691650702426563,0.1466920803421587,0.09637164195276515,3289.1839985847478,3523.6351430756704,672.114460152779,24665.446001529694,33.0,4.714285714285714,0.0,2711.1345714285712,162.33414285714284,1029.4795714285715,4047.983714285714,1003.3975714285714,5,1,75,7.4
AS14.27,2014-05-04,6.4,7.066666666666666,7.257142857142857,0.5968169536721246,6.4,8.0,1.5999999999999996,-0.20000000000000076,1.2,0.1714285714285715,0.9551863443229035,0.0,0.5428571428571429,0.29920529661723794,0.090625,0.10748722860791826,0.10795200097707934,0.01865973504301279,3765.620998859406,3535.9151429108215,676.2130560300945,24751.40600037575,17.0,2.4285714285714284,0.0,2798.193571428572,162.33414285714284,1029.999857142857,3979.289571428572,873.9974285714286,6,1,76,7.666666666666667
AS14.27,2014-05-06,7.666666666666667,7.155555555555556,7.152380952380953,0.4833743824933138,6.4,7.666666666666667,1.2666666666666666,0.06428571428571377,0.0,0.0571428571428572,0.9571783930858846,0.6666666666666666,0.49523809523809526,0.2606463273029331,0.16432475726422502,0.1138299299813212,0.10710561585953722,0.028472608455414064,4320.84699845314,3688.2048570428583,655.7843733144462,25817.433999300007,8.0,1.1428571428571428,0.0,2787.7870000000003,166.17671428571427,1004.8621428571429,3929.949857142858,877.7991428571429,1,0,78,7.8
AS14.27,2014-05-07,7.733333333333333,7.599999999999999,7.228571428571429,0.5317436626339064,6.4,7.733333333333333,1.333333333333333,0.1333333333333324,0.3,0.27142857142857146,0.7804150299985381,0.7333333333333334,0.5428571428571429,0.27060582630001345,0.09791666666666664,0.11626048553687675,0.10859371109763245,0.027533894916102423,3607.497001409532,3845.5924285139363,411.3631018832812,26919.146999597553,6.0,0.8571428571428571,0.0,2927.5957142857146,147.867,922.9512857142857,4029.5170000000003,869.4228571428572,2,0,79,7.0
AS14.27,2014-05-08,7.8,7.733333333333333,7.3999999999999995,0.4868644955601468,6.4,7.8,1.3999999999999995,0.10476190476190375,0.6,0.18571428571428575,0.6890296835129128,0.8,0.6,0.2775554665954841,0.10194033299050513,0.12139391897379892,0.11045478220355573,0.026398793160374714,3210.024999856947,3698.5827140126917,430.72378464956444,25890.07899808884,8.0,1.1428571428571428,4.0,2648.094857142857,128.54885714285714,705.2097142857143,3689.154,831.1765714285714,3,0,80,6.4
AS14.27,2014-05-09,7.0,7.51111111111111,7.314285714285715,0.49846324685537996,6.4,7.8,1.3999999999999995,0.09047619047619046,0.6,0.21428571428571433,0.7033931367037247,0.2,0.5142857142857143,0.29743168705705897,0.07134818007662837,0.09040172657793338,0.10459134487460117,0.030183579925260478,3227.8420000076308,3661.6214281831476,461.9204059710196,25631.349997282032,8.0,1.1428571428571428,4.0,2761.6127142857144,94.50914285714285,737.0077142857143,3747.404714285715,811.5527142857143,4,0,81,6.6
AS14.27,2014-05-10,6.4,7.0666666666666655,7.200000000000001,0.6085806194501835,6.4,7.8,1.3999999999999995,-0.0238095238095249,1.2,0.5285714285714286,0.5437961803049793,-0.2,0.39999999999999997,0.396278988891711,0.09930555555555554,0.09086468954089634,0.10171436074761704,0.02948354546989657,4603.379998207092,3849.363713843482,544.9299914037132,26945.545996904373,12.0,1.7142857142857142,8.0,2965.3630000000003,69.808,825.7051428571428,3995.5625714285716,883.1127142857143,5,1,82,7.0
AS14.27,2014-05-11,6.6,6.666666666666667,7.228571428571429,0.5681120688308968,6.4,7.8,1.3999999999999995,-0.2023809523809529,0.6,0.4428571428571429,0.46136443605586114,0.0,0.39999999999999997,0.396278988891711,0.10075431034482758,0.09046934865900384,0.1031614050825924,0.029094578345704912,4639.032000303269,3974.136714049748,617.6942639704031,27818.956998348236,12.0,1.7142857142857142,8.0,2994.3908571428574,81.00814285714286,833.0204285714286,4057.804,920.0755714285715,6,1,83,7.8
AS14.27,2014-05-12,7.0,6.666666666666667,7.171428571428571,0.5681120688308967,6.4,7.8,1.3999999999999995,-0.20238095238095347,1.4,0.6714285714285715,0.48550415622761206,0.4,0.3714285714285715,0.38654623192832854,0.07620818810004285,0.09208935133347533,0.10168542728549301,0.030314801793396528,5791.108999013902,4199.9617138930735,928.9687683086458,29399.731997251514,16.0,2.2857142857142856,8.0,3060.8610000000003,73.54157142857143,691.2768571428571,4201.307142857143,965.3824285714285,0,0,84,6.8
AS14.27,2014-05-13,7.8,7.133333333333333,7.190476190476191,0.5893229906439983,6.4,7.8,1.3999999999999995,-0.06428571428571507,0.0,0.6714285714285715,0.48550415622761206,1.0,0.41904761904761906,0.4450789122113492,0.10003591954022988,0.09233280599503345,0.09250130761063657,0.012926214210150116,2679.8300020694724,3965.530714409692,1086.9973742374327,27758.715000867844,18.0,2.5714285714285716,8.0,2970.8934285714286,67.71971428571429,631.1001428571428,4070.729142857143,922.4294285714285,1,0,85,7.5
AS14.27,2014-05-14,6.8,7.199999999999999,7.057142857142857,0.5503245795502337,6.4,7.8,1.3999999999999995,-0.028571428571429025,0.8,0.7428571428571429,0.4577377082170633,0.4,0.37142857142857144,0.4231401884099628,0.07083333333333337,0.08235914699120203,0.08863225999158895,0.014932684353831934,4063.5680000782004,4030.6837142195022,1075.5687275143855,28214.785999536514,20.0,2.857142857142857,11.0,2979.1365714285716,62.74828571428572,697.8232857142857,4104.356285714285,946.8877142857144,2,0,86,7.0
AS14.28,2014-03-30,6.5,6.5,6.5,0.0,6.5,6.5,0.0,-7.44851175740222e-16,0.0,0.0,0.0,0.0,0.0,0.0,0.024151166629980184,0.024151166629980184,0.024151166629980184,0.0,0.0,0.0,0.0,0.0,8.0,1.1428571428571428,1.0,0.0,0.0,0.0,0.0,0.0,6,1,41,6.5
AS14.28,2014-03-31,6.5,6.5,6.5,0.0,6.5,6.5,0.0,-7.44851175740222e-16,0.0,0.0,0.0,0.0,0.0,0.0,0.024151166629980184,0.024151166629980184,0.024151166629980184,0.0,0.0,0.0,0.0,0.0,8.0,1.1428571428571428,1.0,0.0,0.0,0.0,0.0,0.0,0,0,42,7.5
AS14.28,2014-04-01,6.5,6.5,6.5,0.0,6.5,6.5,0.0,-7.44851175740222e-16,0.0,0.0,0.0,0.0,0.0,0.0,0.024151166629980184,0.024151166629980184,0.024151166629980184,0.0,1230.9649996757507,175.85214281082153,465.2610373952487,1230.9649996757507,5.0,0.7142857142857143,0.0,112.05442857142857,0.4342857142857143,98.73799999999999,192.69585714285714,71.52385714285714,1,0,43,6.8
AS14.28,2014-04-02,7.5,6.833333333333333,6.642857142857143,0.37796447300922714,6.5,7.5,1.0,0.10714285714285628,0.125,0.017857142857142856,0.04724555912615341,-0.25,-0.03571428571428571,0.09449111825230681,0.12660997993345266,0.05830410439780435,0.03878813995904768,0.03872579137539778,5271.8359994888315,928.9715713092261,1969.2051007884713,6502.800999164582,7.0,1.0,0.0,704.6708571428571,67.30142857142857,310.0761428571428,1185.8407142857143,329.005,2,0,44,8.0
AS14.28,2014-04-03,6.8,6.933333333333334,6.685714285714285,0.3760699023168051,6.5,7.5,1.0,0.10357142857142815,-0.2,-0.010714285714285716,0.09558715793402774,0.4,0.021428571428571432,0.19117431586805547,0.0432156771266439,0.06465894123002558,0.041511641458571065,0.03819153785005754,5857.116001605987,1765.70242868151,2639.109762326416,12359.917000770569,7.0,1.0,0.0,1559.2984285714285,76.381,827.4601428571428,2449.0228571428574,588.4758571428572,3,0,45,5.75
AS14.28,2014-04-04,8.0,7.433333333333334,6.8999999999999995,0.6082762530298218,6.5,8.0,1.5,0.21785714285714267,0.0,-0.010714285714285716,0.09558715793402774,1.2,0.19285714285714287,0.48341542816761257,0.15111305136626185,0.1069795694754528,0.05964905356375416,0.055014974207757125,5394.679001331331,2536.3708574431284,2819.0914356165563,17754.5960021019,6.0,0.8571428571428571,0.0,2124.7437142857143,127.41942857142858,1052.8894285714287,3357.7392857142863,828.9388571428572,4,0,46,7.6
AS14.28,2014-04-05,5.75,6.8500000000000005,6.792857142857143,0.7418605952988355,5.75,8.0,2.25,0.03749999999999919,-0.5,-0.08214285714285714,0.20752223059343833,0.0,0.19285714285714284,0.48341542816761257,0.12490594575684995,0.10641155808325191,0.07404259343902128,0.05731205282403967,4524.159000873566,3182.679286139352,2654.4861905790435,22278.755002975464,7.0,1.0,0.0,2939.311142857143,159.0817142857143,1343.661285714286,4552.399571428572,1090.3324285714284,5,1,47,7.2
AS14.28,2014-04-06,7.6,7.116666666666666,6.95,0.7847504911329033,5.75,8.0,2.25,0.0821428571428567,-0.8,-0.19642857142857142,0.3355432695112297,0.8,0.3071428571428571,0.523154352166238,0.027859790738960884,0.10129292928735757,0.07457239688316138,0.05678873178691633,4371.275998115539,3807.147285870143,2266.8397363706854,26650.031001091003,7.0,1.0,0.0,3427.3902857142857,235.20685714285716,1650.0332857142857,5406.583428571429,1287.81,6,1,48,8.0
AS14.28,2014-04-07,7.2,6.849999999999999,7.05,0.7621242243449114,5.75,8.0,2.25,0.04464285714285677,-0.6,-0.28214285714285714,0.3531743802389166,0.6,0.39285714285714285,0.5135080098600957,0.012253036714243604,0.055006257736684806,0.07287266403805615,0.058695455385125855,2097.459999322891,4106.784428630556,1762.174678371219,28747.491000413895,7.0,1.0,0.0,3920.648285714286,249.33528571428573,1995.9854285714287,6045.809571428572,1409.4235714285714,0,0,49,7.8
AS14.28,2014-04-08,8.0,7.599999999999999,7.264285714285714,0.7919986772475722,5.75,8.0,2.25,0.06785714285714228,0.2,-0.25357142857142856,0.3863365791391651,1.3,0.5785714285714285,0.5786889945220597,0.11166697899675819,0.050593268816654234,0.08537492294759587,0.055839066545065416,3305.8180007934566,4403.1920002188,1315.7865375039976,30822.3440015316,7.0,1.0,0.0,4402.919428571428,281.70757142857144,2158.171,6740.3338571428585,1527.4281428571428,1,0,50,7.0
AS14.28,2014-04-09,7.8,7.666666666666667,7.307142857142857,0.814672005282172,5.75,8.0,2.25,0.15892857142857084,-0.2,-0.3,0.35118845842842467,1.0,0.7571428571428571,0.46136443605586125,0.09885041974956744,0.07425681182018974,0.08140927149275512,0.05335288568414019,6063.430003166199,4516.2768578869955,1431.7876825485585,31613.93800520897,5.0,0.7142857142857143,0.0,4418.178857142857,225.47314285714288,2151.837,6634.433,1502.7542857142857,2,0,51,7.0
AS14.28,2014-04-10,7.0,7.6000000000000005,7.335714285714286,0.7972422706400089,5.75,8.0,2.25,0.053571428571428235,-1.0,-0.41428571428571426,0.43369947901195144,1.0,0.8428571428571427,0.43915503282684,0.24384687059123442,0.15145475644585335,0.11007087055912519,0.07773458538292916,4479.258998394012,4319.440143142428,1305.9098791059407,30236.081001996994,3.0,0.42857142857142855,1.0,4053.929285714286,221.55871428571433,1872.677142857143,6133.199857142858,1493.3092857142856,3,0,52,7.4
AS14.28,2014-04-11,7.0,7.266666666666667,7.192857142857142,0.7463402773023904,5.75,8.0,2.25,0.1124999999999996,-1.0,-0.5571428571428572,0.43915503282683993,0.5,0.7428571428571428,0.42370250120079483,0.22384842747091244,0.18884857260390475,0.12046163857407528,0.08828088696480979,5557.722998619078,4342.732142754963,1329.524468959067,30399.124999284744,3.0,0.42857142857142855,1.0,4015.7,195.88085714285717,1858.621857142857,6075.977428571429,1463.564,4,0,53,7.8
AS14.28,2014-04-12,7.4,7.133333333333333,7.428571428571429,0.3903600291794118,7.0,8.0,1.0,-0.07142857142857229,-0.6,-0.5714285714285714,0.4386125310350269,0.1,0.757142857142857,0.39520940802374155,0.3332305813491699,0.2669752931371056,0.15022230080154955,0.11959102673245253,7895.310998916625,4824.325285332544,1896.0568302366007,33770.276997327805,10.0,1.4285714285714286,9.0,3991.225571428571,171.2617142857143,1749.1399999999999,6197.193571428571,1475.6684285714286,5,1,54,7.2
AS14.28,2014-04-13,7.8,7.3999999999999995,7.457142857142857,0.4117326918327088,7.0,8.0,1.0,-0.0071428571428575815,-0.8,-0.5714285714285714,0.4386125310350269,1.2,0.8142857142857142,0.42983939414844796,0.037192555983025496,0.19809052160103593,0.1515555529792731,0.11804150291660895,6935.948001384736,5190.7070000852855,2036.5099612198017,36334.949000597,10.0,1.4285714285714286,9.0,4385.314714285714,259.91685714285717,1915.1968571428572,6773.115142857142,1578.0849999999998,6,1,55,6.8
AS14.28,2014-04-14,7.2,7.466666666666666,7.457142857142857,0.4117326918327088,7.0,8.0,1.0,-0.07142857142857265,-0.6,-0.5714285714285714,0.4386125310350269,0.8,0.8428571428571429,0.4197504927816955,0.04242497739525186,0.13761603824248245,0.1558658302194171,0.11252927065523399,3547.1520011425014,5397.805857488087,1718.3860355260838,37784.64100241661,12.0,1.7142857142857142,9.0,4591.963714285715,313.30357142857144,1870.1981428571428,7137.115,1643.6567142857143,0,0,56,6.8
AS14.28,2014-04-15,6.8,7.266666666666667,7.285714285714286,0.39761191895520104,6.8,7.8,1.0,-0.0642857142857147,-0.9,-0.7285714285714286,0.28702082220799324,0.4,0.7142857142857142,0.3933978962347216,0.10611959993778806,0.061912377772021805,0.15507334749670706,0.11291130243171925,5157.407001733781,5662.318571908133,1466.7829302710666,39636.23000335693,12.0,1.7142857142857142,10.0,4748.111428571428,299.398,1824.9025714285713,7306.760000000001,1698.266,1,0,57,6.75
AS14.28,2014-04-16,6.8,6.933333333333334,7.142857142857143,0.3598941643369744,6.8,7.8,1.0,-0.042857142857143815,-0.2,-0.7285714285714285,0.2870208222079932,0.4,0.6285714285714284,0.38606685826112946,0.11725857496542645,0.08860105076615547,0.15770308395611551,0.11159025056068132,5353.66300034523,5560.923285790852,1458.94504354178,38926.463000535965,12.0,1.7142857142857142,10.0,4918.517428571429,423.5344285714286,1983.756,7565.441428571428,1662.8825714285715,2,0,58,7.8
AS14.28,2014-04-17,6.75,6.783333333333334,7.107142857142857,0.3877591299468558,6.75,7.8,1.0499999999999998,-0.10535714285714315,0.5,-0.5142857142857143,0.517779140266618,0.0,0.48571428571428565,0.4099941927579439,0.03589232647840624,0.08642350046054026,0.1279952919399972,0.11251188265935859,4301.621998786926,5535.546571561268,1482.2538074328543,38748.82600092888,12.0,1.7142857142857142,9.0,5264.250999999999,428.0267142857143,2257.3210000000004,7856.723714285714,1590.1832857142858,3,0,59,5.8
AS14.28,2014-04-18,7.8,7.116666666666667,7.221428571428572,0.4617513245398273,6.75,7.8,1.0499999999999998,-0.046428571428572145,-0.3,-0.41428571428571426,0.47409060817728144,0.7,0.5142857142857142,0.41804533816549694,0.10793741525463706,0.08702943889948993,0.11143657590910072,0.1042822290127403,4235.343999147415,5346.635285922459,1561.1257004908223,37426.447001457214,14.0,2.0,9.0,5385.44057142857,437.3782857142857,2422.409,7913.619142857143,1588.1827142857142,4,0,60,6.75
AS14.28,2014-04-19,5.8,6.783333333333332,6.992857142857143,0.6954785950627643,5.8,7.8,2.0,-0.17321428571428618,-0.2,-0.35714285714285715,0.4720774754816657,0.0,0.49999999999999994,0.4358898943540673,0.03475107975080799,0.05952694049461709,0.06879664710933474,0.039178309268318355,5992.869997739793,5074.858000040054,1156.6843330037398,35524.00600028038,4.0,0.5714285714285714,1.0,5032.268142857143,574.778,2468.6745714285717,7656.374428571428,1572.035285714286,5,1,61,8.0
AS14.28,2014-04-20,6.75,6.783333333333332,6.8428571428571425,0.5989077359581167,5.8,7.8,2.0,-0.08392857142857207,-0.5,-0.31428571428571433,0.437525509460387,0.0,0.32857142857142857,0.34016802570830434,0.020545114412761068,0.05441120313940204,0.06641844117072553,0.04183188634281152,2769.4239995479584,4479.640285491944,1110.4723410058868,31357.481998443607,5.0,0.7142857142857143,1.0,4511.998571428571,411.4301428571429,2241.494857142857,6899.990857142858,1382.878142857143,6,1,62,8.0
AS14.28,2014-04-21,8.0,6.849999999999999,6.957142857142857,0.738483001061733,5.8,8.0,2.2,0.09107142857142779,-0.25,-0.2642857142857143,0.41904085492376253,1.0,0.3571428571428571,0.39096949095440015,0.03128380739640309,0.028860000519990714,0.06482684545660428,0.04308995288555817,2494.3330011367793,4329.237571205412,1311.0083077823465,30304.662998437885,3.0,0.42857142857142855,1.0,4120.290714285714,377.9937142857143,2224.154285714286,6460.675285714286,1298.9887142857144,0,0,63,7.25
AS14.28,2014-04-22,8.0,7.583333333333333,7.128571428571428,0.8295868162611351,5.8,8.0,2.2,0.18035714285714208,-0.2,-0.16428571428571428,0.31186840936828525,1.0,0.4428571428571428,0.4613644360558612,0.07565666982961562,0.042495197212926585,0.06047499829829393,0.039623410053400726,2909.9890005588527,4008.177856751851,1349.030714769658,28057.244997262955,3.0,0.42857142857142855,0.0,3686.751285714286,368.72685714285717,2158.962857142857,5921.001142857143,1165.8897142857143,1,0,64,7.0
AS14.28,2014-04-23,7.25,7.75,7.192857142857143,0.8172252705693476,5.8,8.0,2.2,0.14642857142857102,-0.75,-0.24285714285714288,0.38343683902803233,1.0,0.5285714285714285,0.5056820005836531,0.15725290411542997,0.08806446044714955,0.06618847389115158,0.05055223304884217,4681.701998949051,3912.1834279809677,1258.180114448262,27385.283995866776,3.0,0.42857142857142855,0.0,3556.761571428571,244.45328571428573,2076.688857142857,5676.337428571429,1168.4567142857143,2,0,65,8.0
AS14.28,2014-04-24,7.0,7.416666666666667,7.228571428571429,0.7999255917777308,5.8,8.0,2.2,0.06249999999999895,0.2,-0.2857142857142857,0.2925666387256718,1.0,0.6714285714285714,0.4715728494951257,0.09511485338064438,0.10934147577522997,0.07464883487718559,0.049583270907911425,3833.8989999294286,3845.3658567156112,1246.416004576964,26917.560997009277,3.0,0.42857142857142855,1.0,3351.157428571428,255.63628571428572,1820.2857142857142,5582.550285714286,1251.1597142857142,3,0,66,7.0
AS14.28,2014-04-25,8.0,7.416666666666667,7.257142857142857,0.8268557771404133,5.8,8.0,2.2,0.22678571428571356,-0.2,-0.2714285714285714,0.2941897670681608,1.2,0.7428571428571428,0.5126959555693247,0.11913178112779041,0.12383317954128825,0.07624803000192179,0.05099625063313201,7326.405000925067,4286.945999826704,1822.174367397709,30008.621998786926,1.0,0.14285714285714285,1.0,3507.5207142857143,238.90085714285715,1817.608857142857,6008.720285714286,1282.777142857143,4,0,67,8.0
AS14.28,2014-04-26,7.0,7.333333333333333,7.428571428571429,0.5536674263920711,6.75,8.0,1.25,-0.008928571428572023,-0.2,-0.27142857142857146,0.2941897670681608,1.0,0.8857142857142856,0.39761191895520204,0.13038495753560778,0.11487719734801417,0.08991001254260747,0.0508362848529038,3264.4579994678475,3897.172857216426,1682.9418615689756,27280.210000514984,1.0,0.14285714285714285,1.0,3384.745,104.67071428571428,1780.771142857143,5476.295,1192.604857142857,5,1,68,7.25
AS14.28,2014-04-27,8.0,7.666666666666667,7.607142857142857,0.4970148986940028,7.0,8.0,1.0,-0.044642857142858074,0.0,-0.2,0.2901149197588195,1.0,1.0285714285714285,0.07559289460184604,0.0330103700922375,0.09417570291854521,0.09169076335396124,0.048148814194682706,2768.5809998512273,3897.052428688322,1683.036038906316,27279.367000818253,0.0,0.0,1.0,3364.654714285714,122.8582857142857,1797.4761428571426,5329.274285714287,1193.2014285714286,6,1,69,7.5
AS14.28,2014-04-28,7.25,7.416666666666667,7.5,0.4787135538781695,7.0,8.0,1.0,-0.026785714285714954,0.25,-0.1285714285714286,0.3339874534284463,0.5,0.9571428571428571,0.21491969707422412,0.05314200021466893,0.07217910928083805,0.09481336232799921,0.04411840562842739,2515.845999717713,3900.1257141998835,1680.064737887459,27300.879999399185,0.0,0.0,1.0,3479.2484285714286,133.95828571428572,1710.601,5471.003714285715,1227.9481428571428,0,0,70,7.0
AS14.28,2014-04-29,7.5,7.583333333333333,7.428571428571429,0.42608405162317387,7.0,8.0,1.0,0.044642857142856956,-0.5,-0.17142857142857146,0.36269493937415037,1.0,0.9571428571428571,0.21491969707422412,0.09235672736208862,0.05950303255633168,0.09719908483263821,0.043354770548658286,1003.8619999885557,3627.8218569755554,1992.679611181041,25394.752998828888,0.0,0.0,1.0,3276.278857142857,135.0382857142857,1601.7131428571429,5181.190714285715,1205.7241428571429,1,0,71,6.2
AS14.28,2014-04-30,7.0,7.25,7.392857142857143,0.4531634835874834,7.0,8.0,1.0,-0.02678571428571514,-0.2,-0.09285714285714287,0.26208868001208235,0.8,0.9285714285714286,0.22146697055682843,0.0,0.048499575858919175,0.07473438424471966,0.04758567405266567,0.0,2959.0072856971196,2336.0889592765493,20713.050999879837,0.0,0.0,1.0,2631.4218571428573,124.54271428571428,1320.1295714285716,4284.718428571429,1007.0875714285714,2,0,72,6.4
AS14.28,2014-05-01,6.2,6.8999999999999995,7.278571428571429,0.633677851157526,6.2,8.0,1.7999999999999998,-0.2107142857142861,-0.2,-0.15,0.22912878474779103,0.2,0.8142857142857142,0.3484660262185848,0.030598256251653227,0.040984994537913946,0.06551772751200664,0.049200923421209866,353.5459997653962,2461.813999959401,2484.5004397631837,17232.697999715805,0.0,0.0,0.0,2168.4694285714286,103.70228571428571,1177.8972857142855,3536.744714285715,777.4087142857143,3,0,73,6.8
AS14.28,2014-05-02,6.4,6.533333333333332,7.05,0.6184658438426498,6.2,8.0,1.7999999999999998,-0.2017857142857152,-0.6,-0.20714285714285716,0.28639799148005407,0.4,0.7,0.33166247903553997,0.05749092855612972,0.029363061602594307,0.056711891430340826,0.04315002646905387,4019.448998928071,1989.3917139598302,1540.3547253946251,13925.741997718811,0.0,0.0,1.0,1944.4777142857145,193.88671428571428,1139.8318571428572,3159.3912857142864,759.4255714285715,4,0,74,7.4
AS14.28,2014-05-03,6.8,6.466666666666666,7.021428571428571,0.6257376599243648,6.2,8.0,1.7999999999999998,-0.23571428571428588,-0.4,-0.23571428571428577,0.2954012605963359,0.8,0.6714285714285714,0.30937725468153876,0.08226363403733761,0.056784272948373515,0.04983741664487366,0.031795992309176624,3951.267000675201,2087.5072855608805,1652.8727532553944,14612.550998926163,1.0,0.14285714285714285,1.0,2313.0747142857144,220.142,1351.4995714285712,3586.826571428572,792.6758571428571,5,1,75,6.8
AS14.28,2014-05-04,7.4,6.866666666666667,6.935714285714285,0.49725436625725666,6.2,7.5,1.2999999999999998,-0.055357142857143424,0.0,-0.23571428571428577,0.2954012605963359,1.0,0.6714285714285714,0.30937725468153876,0.054198748079751564,0.06465110355773963,0.052864327785947095,0.03092368870935867,5685.585999727251,2504.2222855431696,2147.0397962967754,17529.55599880219,3.0,0.42857142857142855,1.0,2539.6631428571427,274.8377142857143,1312.2005714285715,4044.333857142858,969.3705714285715,6,1,76,7.0
AS14.28,2014-05-06,7.0,7.066666666666666,6.8,0.40000000000000197,6.2,7.4,1.2000000000000002,0.078571428571428,0.5,-0.18571428571428575,0.35790395093549565,1.0,0.6857142857142857,0.30237157840738177,0.06396706485711146,0.04912830477478378,0.045391104738495995,0.02729268667912005,2945.969999313355,2827.083856787001,2040.4872025992026,19789.586997509006,3.0,0.42857142857142855,1.0,2829.314142857143,321.27585714285715,1530.5845714285715,4664.981571428572,1093.3627142857142,1,0,78,6.333333333333333
AS14.28,2014-05-07,6.666666666666666,6.822222222222222,6.752380952380952,0.3919831548048913,6.2,7.4,1.2000000000000002,0.09285714285714224,0.25,-0.12142857142857147,0.39354917403159656,0.41666666666666663,0.6309523809523808,0.31275783014572206,0.07209549768692994,0.05509388797717659,0.055690461550914554,0.019914732549481923,4229.944999217988,3431.361713818142,1653.3341211007921,24019.531996726993,4.0,0.5714285714285714,1.0,3320.993285714286,334.1311428571429,1784.8598571428572,5380.165857142858,1278.5620000000001,2,0,79,6.5
AS14.29,2014-04-01,8.5,8.5,8.5,0.0,8.5,8.5,0.0,-3.72425587870111e-16,0.25,0.25,0.0,1.5,1.5,0.0,0.15358132140520145,0.15358132140520145,0.15358132140520145,0.0,0.0,0.0,0.0,0.0,1.0,0.14285714285714285,12.0,0.0,0.0,0.0,0.0,0.0,1,0,43,8.5
AS14.29,2014-04-02,8.5,8.5,8.5,0.0,8.5,8.5,0.0,-3.72425587870111e-16,0.25,0.25,0.0,1.5,1.5,0.0,0.15358132140520145,0.15358132140520145,0.15358132140520145,0.0,0.0,0.0,0.0,0.0,3.0,0.42857142857142855,7.0,0.0,0.0,0.0,0.0,0.0,2,0,44,7.25
AS14.29,2014-04-03,8.5,8.5,8.5,0.0,8.5,8.5,0.0,-3.72425587870111e-16,0.25,0.25,0.0,1.5,1.5,0.0,0.15358132140520145,0.15358132140520145,0.15358132140520145,0.0,1771.725999355317,253.10371419361672,669.6494836630789,1771.725999355317,3.0,0.42857142857142855,9.0,244.45100000000002,1.0032857142857143,112.68742857142857,310.0594285714286,5.357428571428572,3,0,45,8.0
AS14.29,2014-04-04,7.25,8.083333333333334,8.321428571428571,0.47245559126153397,7.25,8.5,1.25,-0.13392857142857217,-1.0,0.07142857142857142,0.472455591261534,0.25,1.3214285714285714,0.472455591261534,0.18869134208890803,0.16528466163310365,0.15859703864573096,0.013270340465060227,2869.256000041961,662.9974284853254,1175.7751967192617,4640.981999397278,3.0,0.42857142857142855,9.0,654.7204285714286,1.0032857142857143,255.8824285714286,804.6945714285715,18.61514285714286,4,0,46,8.2
AS14.29,2014-04-05,8.0,7.916666666666667,8.25,0.47871355387816894,7.25,8.5,1.25,-0.14285714285714343,-1.25,-0.14285714285714285,0.674801558131828,0.75,1.2142857142857142,0.5088502445991073,0.015126292203892644,0.11913298523266737,0.13881774875982972,0.056090354373931645,2184.785998821259,975.1097140312196,1257.58102392566,6825.767998218537,4.0,0.5714285714285714,9.0,1003.2921428571428,17.465142857142858,486.35328571428573,1237.7717142857146,20.546857142857142,5,1,47,7.75
AS14.29,2014-04-06,8.2,7.816666666666666,8.207142857142857,0.4658581431335181,7.25,8.5,1.25,-0.11250000000000072,0.8,-0.06428571428571428,0.7553775467243107,0.8,1.1142857142857143,0.512115128425147,0.14988214995833685,0.11789992808371251,0.1382892956959919,0.05594531583147511,5095.6030004024515,1703.0529998029983,1906.452909111505,11921.370998620989,4.0,0.5714285714285714,11.0,1618.4424285714285,17.465142857142858,829.8665714285714,2011.689285714286,33.986000000000004,6,1,48,7.2
AS14.29,2014-04-07,7.75,7.983333333333333,8.1,0.4734624237113929,7.25,8.5,1.25,-0.11964285714285774,0.0,-0.09999999999999999,0.7438637868140466,1.0,1.042857142857143,0.4834154281676125,0.11463534506164204,0.0932145957412905,0.13272558478976912,0.05610741091556144,3375.923999547959,2185.327856881278,1829.2694700899458,15297.294998168947,4.0,0.5714285714285714,17.0,2449.0809999999997,17.465142857142858,1381.608,2902.0204285714285,37.014571428571436,0,0,49,7.8
AS14.29,2014-04-08,7.2,7.716666666666666,7.914285714285714,0.5406125273815846,7.2,8.5,1.2999999999999998,-0.1589285714285723,-0.6,-0.2214285714285714,0.7465795017149562,0.2,0.8571428571428571,0.5263305135785017,0.19540927482103948,0.15330892328033943,0.1387010067063174,0.060735207985819765,6306.213000535967,3086.215428386416,2105.6356275047738,21603.507998704914,3.0,0.42857142857142855,13.0,3291.660714285714,24.199714285714286,1965.0147142857143,3872.835428571429,53.168714285714294,1,0,50,7.6
AS14.29,2014-04-09,7.8,7.583333333333333,7.814285714285715,0.4749686706460101,7.2,8.5,1.2999999999999998,-0.08750000000000115,-0.8,-0.37142857142857144,0.7415395824775319,1.0,0.7857142857142857,0.45342611095440666,0.13756706347311956,0.1492038944519337,0.13641325557316286,0.060381865875266796,6689.553000450134,4041.8658570221496,1986.1457721962654,28293.06099915505,1.0,0.14285714285714285,14.0,4517.175714285714,49.190999999999995,2672.406428571429,5331.402428571428,91.60242857142858,2,0,51,8.6
AS14.29,2014-04-10,7.6,7.533333333333334,7.685714285714285,0.36823258695454736,7.2,8.2,0.9999999999999991,-0.012500000000000908,0.4,-0.35000000000000003,0.7643079658532067,0.4,0.6285714285714287,0.3413907131830313,0.0684037452212791,0.1337933611718127,0.1242450304040311,0.06476870315076975,1919.7610006332404,4063.013714347567,1958.5417021998028,28441.09600043297,1.0,0.14285714285714285,12.0,4655.5527142857145,48.18771428571428,2760.7259999999997,5466.255428571429,89.72128571428571,3,0,52,7.2
AS14.29,2014-04-11,8.6,8.0,7.878571428571428,0.4470804764032444,7.2,8.6,1.3999999999999995,0.02321428571428514,0.4,-0.14999999999999997,0.7488880646220324,1.4,0.7928571428571428,0.40044617972599345,0.1676437975828992,0.12453820209243262,0.12123823833174414,0.061693800012500875,2573.24599790573,4020.7265711852488,1991.5298368626306,28145.08599829674,2.0,0.2857142857142857,15.0,4649.626142857142,55.21642857142857,2841.9027142857144,5504.692999999999,107.7762857142857,4,0,53,8.25
AS14.29,2014-04-12,7.2,7.8,7.764285714285714,0.5088502445991073,7.2,8.6,1.3999999999999995,-0.03214285714285791,0.2,0.057142857142857155,0.5740416444159863,0.6,0.7714285714285714,0.4070801956792856,0.018978234747998615,0.0850085925173923,0.12178851583804497,0.0605970204774469,3894.8309998512264,4265.01871418953,1826.8628802028588,29855.13099932671,1.0,0.14285714285714285,15.0,4953.113857142857,42.93628571428572,3064.720428571429,5789.225428571428,109.573,5,1,54,8.2
AS14.29,2014-04-13,8.25,8.016666666666666,7.771428571428572,0.5162824992652948,7.2,8.6,1.3999999999999995,0.08214285714285689,1.0,0.08571428571428573,0.620291790016525,0.75,0.7642857142857142,0.4069339480741781,0.11546995747559541,0.10069732993549774,0.11687248834051048,0.059320448921744755,2356.7969992160783,3873.7607140200475,1910.6904509668118,27116.32499814033,1.0,0.14285714285714285,14.0,4546.458142857143,47.96242857142857,2742.632857142857,5311.659571428571,107.99557142857142,6,1,55,8.0
AS14.29,2014-04-14,8.2,7.883333333333333,7.835714285714286,0.5406125273815845,7.2,8.6,1.3999999999999995,0.12499999999999939,0.0,0.08571428571428573,0.620291790016525,0.6,0.7071428571428572,0.3962622988928031,0.0749941178856907,0.06981410336976157,0.11120945588680317,0.061424475995000984,2549.167998552322,3755.6527138778138,1971.1877116011879,26289.568997144695,1.0,0.14285714285714285,8.0,4337.814714285714,47.96242857142857,2497.0842857142857,5151.605142857143,112.26685714285715,0,0,56,8.25
AS14.29,2014-04-15,8.0,8.15,7.95,0.46278144589716,7.2,8.6,1.3999999999999995,0.051785714285713234,-0.8,0.05714285714285716,0.6604471789556499,1.0,0.8214285714285714,0.336473306094682,0.14115802099173552,0.11054069878434054,0.10345927676833115,0.05167953756286608,4197.45000076294,3454.400856767382,1651.6680590208957,24180.805997371674,1.0,0.14285714285714285,8.0,4208.2814285714285,42.94728571428571,2336.2811428571426,4999.436142857143,114.91071428571429,1,0,57,7.8
AS14.29,2014-04-16,8.25,8.15,8.014285714285714,0.4696756733057794,7.2,8.6,1.3999999999999995,0.06249999999999914,-0.5,0.10000000000000002,0.6027713773341709,1.0,0.8214285714285714,0.336473306094682,0.19738316762908892,0.13784510216883838,0.1120044345048982,0.06214481170566403,6528.88299679756,3431.4479991027283,1599.5096886235551,24020.135993719097,1.0,0.14285714285714285,5.0,3961.526142857143,24.121714285714287,2082.8014285714285,4636.809285714286,87.14871428571428,2,0,58,7.6
AS14.29,2014-04-17,7.8,8.016666666666667,8.042857142857143,0.4457470989142556,7.2,8.6,1.3999999999999995,-0.01964285714285793,0.0,0.042857142857142864,0.5883795341363228,1.0,0.9071428571428571,0.28347335475692026,0.031889568580213065,0.12347691906701248,0.1067881235561745,0.06769880361857927,6673.236999273298,4110.5159989084505,1841.496328431851,28773.611992359154,2.0,0.2857142857142857,10.0,4439.120714285715,33.36371428571429,2415.7652857142857,5236.238714285714,107.01128571428572,3,0,59,8.0
AS14.29,2014-04-18,7.6,7.883333333333333,7.8999999999999995,0.3947573094108999,7.2,8.25,1.0499999999999998,0.012499999999999232,0.8,0.1,0.6454972243679028,0.8,0.8214285714285714,0.18224786888818642,0.10466354394673522,0.11131209338534571,0.09779094446529392,0.06222703622547303,5245.416000127792,4492.25457065446,1744.1034450610005,31445.781994581215,3.0,0.42857142857142855,11.0,4802.200714285714,29.522142857142857,2570.674285714286,5592.277714285715,91.30914285714286,4,0,60,7.0
AS14.29,2014-04-19,8.0,7.8,8.014285714285714,0.24616100035390967,7.6,8.25,0.6500000000000004,-0.07678571428571486,-0.25,0.03571428571428571,0.656197560263095,0.25,0.7714285714285715,0.276672403841834,0.1547806052191322,0.09711123924869348,0.11719128310402728,0.05421406716159283,4979.205000400542,4647.165142161504,1730.2989030977678,32530.15599513053,4.0,0.5714285714285714,12.0,4821.963857142858,25.340428571428568,2509.9451428571433,5652.628857142857,117.049,5,1,61,7.5
AS14.29,2014-04-20,7.0,7.533333333333332,7.8357142857142845,0.43080765788834047,7.0,8.25,1.25,-0.1517857142857149,-0.6,-0.19285714285714287,0.5310591393845034,0.2,0.692857142857143,0.351696568351862,0.07083333333333329,0.11009249416640023,0.11081462251227556,0.057003588208867,3274.8789999485007,4778.319713694708,1553.5217056106314,33448.23799586296,5.0,0.7142857142857143,14.0,5276.498285714285,20.314285714285713,2880.023142857143,6119.783714285715,130.50542857142858,6,1,62,7.2
AS14.29,2014-04-21,7.5,7.5,7.735714285714286,0.41303176402697817,7.0,8.25,1.25,-0.13571428571428623,-0.5,-0.2642857142857143,0.5344111133717543,0.75,0.7142857142857143,0.3496596985097147,0.008417145593869734,0.07801036138211173,0.10130362647058684,0.06839270894344127,2045.3680002689375,4706.348285368511,1680.4873614593484,32944.437997579575,5.0,0.7142857142857143,14.0,4976.737857142857,20.314285714285713,2803.563142857143,5760.197714285714,133.39285714285714,0,0,63,6.4
AS14.29,2014-04-22,7.2,7.233333333333333,7.621428571428572,0.4376615348047142,7.0,8.25,1.25,-0.1553571428571436,0.0,-0.14999999999999997,0.4839077046985992,0.4,0.6285714285714284,0.3413907131830314,0.11076388888888888,0.06333812260536396,0.09696160759875161,0.0663758587225378,1722.0250000953667,4352.7161424159995,2029.6159239041724,30469.012996912,5.0,0.7142857142857143,14.0,4579.099,18.59485714285714,2519.996714285714,5306.832428571428,119.45557142857145,1,0,64,7.6
AS14.29,2014-04-23,6.4,7.033333333333334,7.357142857142857,0.5411627692821642,6.4,8.0,1.5999999999999996,-0.1964285714285715,-0.2,-0.10714285714285714,0.4604604320935834,0.0,0.4857142857142857,0.36823258695454664,0.1664660232870682,0.0952156859232756,0.09254487269274866,0.05922323442923974,7312.011999130248,4464.591714177813,2185.1835001493687,31252.141999244686,8.0,1.1428571428571428,24.0,4602.167285714286,18.02914285714286,2532.192285714286,5479.947142857142,160.02985714285714,2,0,65,7.8
AS14.29,2014-04-24,7.6,7.066666666666666,7.328571428571429,0.5186980037050625,6.4,8.0,1.5999999999999996,-0.10714285714285778,0.6,-0.021428571428571415,0.5337424026447144,0.6,0.42857142857142855,0.2998015216454914,0.09481132256815117,0.12401374491470274,0.10153369469102554,0.052922628130130864,5648.824001312257,4318.247000183378,2042.2428954162401,30227.729001283646,11.0,1.5714285714285714,20.0,4510.090714285715,8.787142857142857,2363.1734285714288,5401.111428571428,174.6277142857143,3,0,66,7.5
AS14.29,2014-04-25,7.8,7.266666666666667,7.357142857142857,0.5411627692821642,6.4,8.0,1.5999999999999996,-0.017857142857143488,0.2,-0.10714285714285714,0.41475753100312657,1.0,0.4571428571428572,0.34692526984516786,0.18661315132741277,0.1492968323942107,0.11324078145969375,0.06201364665689353,5392.941002607346,4339.3220005376,2054.132096457336,30375.2540037632,9.0,1.2857142857142858,19.0,4467.484,5.6000000000000005,2278.240142857143,5469.303571428572,195.15485714285714,4,0,67,6.0
AS14.29,2014-04-26,7.5,7.633333333333333,7.285714285714286,0.4705619740571578,6.4,7.8,1.3999999999999995,0.08928571428571373,0.0,-0.07142857142857142,0.4111540089159037,0.75,0.5285714285714286,0.34863680105178046,0.16510803391777293,0.1488441692711123,0.1147161284166424,0.06327660522025172,3175.791000843048,4081.6914291722433,2073.5031377196574,28571.840004205704,8.0,1.1428571428571428,19.0,4121.289142857143,5.6000000000000005,1904.1670000000001,5122.948571428571,177.36114285714285,5,1,68,6.5
AS14.29,2014-04-27,6.0,7.1000000000000005,7.142857142857143,0.6778818551368718,6.0,7.8,1.7999999999999998,-0.08928571428571522,0.0,0.01428571428571429,0.338765264987284,0.0,0.5,0.3862210075418819,0.269335092679129,0.2070187593081049,0.14307352260889897,0.08203241673961655,5619.433002948761,4416.627715315138,2110.4864452752745,30916.394007205963,9.0,1.2857142857142858,20.0,4223.879428571429,5.6000000000000005,1849.012142857143,5251.320285714285,177.70342857142856,6,1,69,7.0
AS14.29,2014-04-28,6.5,6.666666666666667,7.0,0.6952217871538049,6.0,7.8,1.7999999999999998,-0.10714285714285796,-0.75,-0.021428571428571415,0.4081024614574372,0.0,0.39285714285714285,0.4086854652710433,0.044895598261322965,0.15977957495274164,0.14828473013282087,0.07267779641247127,2346.0420002937326,4459.581143890108,2056.5527711038394,31217.06800723076,9.0,1.2857142857142858,20.0,4224.691285714286,19.92042857142857,1815.0477142857142,5293.722,191.56828571428574,0,0,70,7.6
AS14.29,2014-04-29,7.0,6.5,6.971428571428571,0.6897204402613298,6.0,7.8,1.7999999999999998,-0.07857142857142874,-0.4,-0.07857142857142856,0.4319115870726543,0.4,0.39285714285714285,0.4086854652710433,0.07879215708108615,0.1310076160071794,0.1437173398745633,0.07634106513266138,3783.8330011367793,4754.125144038881,1719.0881564485494,33278.87600827217,9.0,1.2857142857142858,20.0,4310.977857142857,24.852857142857143,1843.511857142857,5480.141571428571,204.129,1,0,71,7.8
AS14.29,2014-04-30,7.6,7.033333333333334,7.142857142857143,0.6729466121893625,6.0,7.8,1.7999999999999998,-0.09285714285714317,0.4,0.007142857142857157,0.4622666721606439,0.8,0.5071428571428571,0.3920337691965781,0.2085233883666979,0.11073704790303569,0.14972553488593898,0.0799972726895892,8165.861997604367,4876.10371524947,1946.1327605251618,34132.72600674629,6.0,0.8571428571428571,10.0,4158.630285714286,86.423,1820.1244285714286,5324.243142857143,221.1548571428571,2,0,72,7.6
AS14.29,2014-05-02,7.6,7.666666666666667,7.142857142857143,0.6729466121893625,6.0,7.8,1.7999999999999998,0.17857142857142802,0.0,-0.16428571428571428,0.377176225075103,0.4,0.3642857142857143,0.3249542092283738,0.1318342937166134,0.14385753874562765,0.14138621402517054,0.07882247127472401,4755.88299870491,4575.381428752627,1902.857753250932,32027.670001268387,3.0,0.42857142857142855,8.0,3871.37,101.06214285714286,1544.4085714285716,4806.444142857144,196.6152857142857,4,0,74,8.0
AS14.29,2014-05-03,7.8,7.733333333333333,7.185714285714285,0.708116213222497,6.0,7.8,1.7999999999999998,0.2999999999999998,0.5,-0.09285714285714285,0.4531634835874829,0.7,0.35714285714285715,0.31547394428670206,0.3209989457982649,0.18134939122281665,0.1636563442938123,0.10448619496360011,2736.175000190735,4512.579142945154,1963.0513580432157,31588.054000616074,3.0,0.42857142857142855,14.0,3674.6837142857144,101.06214285714286,1569.098142857143,4669.357,267.64457142857145,5,1,75,8.0
AS14.29,2014-05-04,8.0,7.8,7.471428571428571,0.5313952882562567,6.5,8.0,1.5,0.21785714285714247,1.0,0.05000000000000001,0.6157651067303722,1.0,0.5,0.35118845842842417,0.291548117478645,0.24812711899784112,0.166829633550886,0.10849117403652314,1832.0990004539487,3971.5314283030375,2122.5826927802077,27800.71999812126,1.0,0.14285714285714285,12.0,2974.0255714285713,105.96457142857143,1249.9432857142858,3931.6024285714293,298.5047142857143,6,1,76,7.333333333333333
AS14.29,2014-05-06,7.333333333333333,7.777777777777778,7.733333333333333,0.24037008503092883,7.333333333333333,8.0,0.666666666666667,-3.72425587870111e-16,-0.3333333333333333,0.02380952380952383,0.667974906856894,0.6666666666666666,0.680952380952381,0.2968084198523313,0.21394117129591342,0.29282389885305576,0.23300617979918783,0.10170760315503942,3796.0090000629425,3940.855142389025,2152.9166909603196,27585.985996723175,11.0,1.5714285714285714,36.0,2798.558571428571,86.7117142857143,1086.0622857142857,3768.1801428571425,341.2092857142857,1,0,78,7.8
AS14.29,2014-05-07,7.566666666666666,7.633333333333333,7.728571428571428,0.24375805508328863,7.333333333333333,8.0,0.666666666666667,-0.036904761904762586,-0.26666666666666666,-0.07142857142857141,0.652751603663029,0.7333333333333334,0.6714285714285715,0.2934018678956488,0.08994613655738976,0.22562323854597066,0.2160665723978581,0.11541572397273113,3218.473999977113,3234.085428442274,1078.949277284949,22638.597999095917,11.0,1.5714285714285714,35.0,2624.5315714285716,19.541571428571427,1032.7472857142857,3393.3685714285716,284.66442857142863,2,0,79,7.8
AS14.29,2014-05-08,7.8,7.566666666666666,7.728571428571429,0.24375805508328863,7.333333333333333,8.0,0.666666666666667,-0.019047619047619844,-0.2,-0.04285714285714284,0.6402297867907896,0.8,0.7571428571428571,0.2079122729121899,0.034468535029819836,0.11278528096104101,0.20795994395160786,0.1270528955928595,1130.144000291824,2798.2737142358505,1237.3033937962418,19587.915999650955,10.0,1.4285714285714286,33.0,2191.37,4.902428571428572,910.7857142857143,2870.619428571429,263.4245714285714,3,0,80,7.4
AS14.29,2014-05-09,7.8,7.722222222222222,7.757142857142857,0.23782524374179617,7.333333333333333,8.0,0.666666666666667,-0.029761904761905565,0.4,0.014285714285714306,0.6621673568408581,1.0,0.8428571428571429,0.15240575195022318,0.1176933021746805,0.08070265792063003,0.2059398023027603,0.12856840906640188,4707.4180035591135,2791.350143500737,1224.5938364611811,19539.451004505157,11.0,1.5714285714285714,35.0,2520.5207142857143,6.777428571428572,1142.6038571428571,3207.4722857142865,261.6684285714286,4,0,81,7.0
AS14.29,2014-05-10,7.4,7.666666666666667,7.7,0.2714842605082323,7.333333333333333,8.0,0.666666666666667,-0.061904761904762545,-0.4,-0.11428571428571425,0.6391131421474671,0.6,0.8285714285714285,0.17151673218082586,0.058269909376370686,0.070143915526957,0.1684070828139183,0.12772749012942194,2354.141001462937,2736.773857968194,1235.9232666739956,19157.41700577736,12.0,1.7142857142857142,28.0,2964.161285714286,14.097857142857142,1426.2434285714285,3569.592142857143,198.73857142857142,5,1,82,7.0
AS14.29,2014-05-11,7.0,7.3999999999999995,7.557142857142857,0.34141008561676156,7.0,8.0,1.0,-0.09404761904761934,-0.2,-0.2857142857142857,0.41044562181318056,0.4,0.7428571428571429,0.2157796249900492,0.12233941652660994,0.09943420935922039,0.14423441124934186,0.11601304489398792,7588.839999198914,3559.165429217475,2127.3948032144403,24914.158004522324,13.0,1.8571428571428572,27.0,4297.666285714286,13.217857142857142,2061.1044285714283,4932.3240000000005,171.3117142857143,6,1,83,7.6
AS14.29,2014-05-12,7.0,7.133333333333333,7.414285714285714,0.3343634875385465,7.0,7.8,0.7999999999999998,-0.09047619047619083,-0.8,-0.2571428571428571,0.355753912924154,0.4,0.6571428571428571,0.21577962499004918,0.015175118928836287,0.06526148161060565,0.09311908426994578,0.06682736211481041,2532.929999828338,3618.2794291973114,2086.059024280366,25327.95600438118,12.0,1.7142857142857142,20.0,4625.572,13.217857142857143,2332.8385714285714,5274.988571428571,171.58385714285714,0,0,84,8.2
AS14.29,2014-05-13,7.6,7.2,7.452380952380952,0.3387652649872809,7.0,7.8,0.7999999999999998,-0.082142857142858,-0.2,-0.2380952380952381,0.3545621041711673,0.8,0.6761904761904762,0.22253945610567402,0.14951704294124676,0.09567719279889768,0.08391563736213627,0.049640720763349785,7794.429000139239,4189.482286351068,2621.5320592821095,29326.376004457477,3.0,0.42857142857142855,9.0,5581.569571428571,49.19842857142857,2806.1617142857144,6242.504285714285,149.5298571428571,1,0,85,7.6
AS14.29,2014-05-14,8.2,7.6000000000000005,7.542857142857143,0.442933941113654,7.0,8.2,1.1999999999999993,0.014285714285713675,0.6,-0.11428571428571425,0.47409060817728155,0.8,0.6857142857142858,0.22677868380553567,0.1152475244483759,0.09331322877281965,0.08753012134656284,0.051054016678341745,6763.77399945259,4695.953714847565,2742.3563348519797,32871.67600393295,5.0,0.7142857142857143,15.0,6156.933857142857,56.80514285714286,3035.0317142857143,6897.652,177.72542857142858,2,0,86,6.0
AS14.30,2014-03-19,7.0,7.0,7.0,0.0,7.0,7.0,0.0,-9.310639696752773e-16,0.3333333333333333,0.3333333333333333,0.0,1.0,1.0,0.0,0.0822704081632655,0.0822704081632655,0.0822704081632655,0.0,0.0,0.0,0.0,0.0,9.0,1.2857142857142858,5.0,0.0,0.0,0.0,0.0,0.0,2,0,30,7.0
AS14.30,2014-03-20,7.0,7.0,7.0,0.0,7.0,7.0,0.0,-9.310639696752773e-16,0.3333333333333333,0.3333333333333333,0.0,1.0,1.0,0.0,0.0822704081632655,0.0822704081632655,0.0822704081632655,0.0,0.0,0.0,0.0,0.0,10.0,1.4285714285714286,0.0,0.0,0.0,0.0,0.0,0.0,3,0,31,7.8
AS14.30,2014-03-21,7.0,7.0,7.0,0.0,7.0,7.0,0.0,-9.310639696752773e-16,0.3333333333333333,0.3333333333333333,0.0,1.0,1.0,0.0,0.0822704081632655,0.0822704081632655,0.0822704081632655,0.0,2521.5980005264287,360.2282857894898,953.0744594100928,2521.5980005264287,12.0,1.7142857142857142,0.0,344.53257142857143,15.796857142857144,111.15371428571429,463.163,67.08442857142857,4,0,32,7.6
AS14.30,2014-03-22,7.8,7.266666666666667,7.114285714285714,0.30237157840738177,7.0,7.8,0.7999999999999998,0.08571428571428504,-0.4,0.2285714285714285,0.27717394687343333,1.2,1.0285714285714287,0.07559289460184544,0.21225946811473126,0.1256000948137541,0.10084027387061775,0.0491312465415206,2912.617999076844,776.3165713718962,1330.609393717716,5434.215999603273,14.0,2.0,2.0,870.9038571428572,39.944714285714284,223.06842857142857,1128.5454285714284,152.11471428571426,5,1,33,7.8
AS14.30,2014-03-23,7.6,7.466666666666666,7.2,0.3464101615137755,7.0,7.8,0.7999999999999998,0.12142857142857107,-0.8,0.06666666666666664,0.4698305447081328,1.0,1.0285714285714287,0.07559289460184544,0.22079067100843272,0.17177351576214317,0.12062888284849879,0.06555584243543336,3724.2170002460484,1308.347571407046,1669.789346817933,9158.432999849321,14.0,2.0,2.0,1433.0175714285713,63.18442857142857,312.5097142857143,1865.584,242.84342857142857,6,1,34,7.8
AS14.30,2014-03-24,7.8,7.733333333333333,7.314285714285715,0.39761191895520226,7.0,7.8,0.7999999999999998,0.15714285714285675,-0.6,-0.06666666666666668,0.5120763831912406,1.0,1.0285714285714287,0.07559289460184544,0.12125861139477381,0.18476958350597927,0.12619862616728567,0.06337360196738111,1543.658999443053,1528.8702856131963,1566.9697404370243,10702.091999292374,14.0,2.0,2.0,2032.7545714285714,76.40685714285713,571.7457142857144,2586.5104285714287,324.09200000000004,0,0,35,8.0
AS14.30,2014-03-25,7.8,7.733333333333333,7.428571428571429,0.4070801956792866,7.0,7.8,0.7999999999999998,0.1642857142857136,-0.2,-0.14285714285714285,0.48140007451809946,1.0,1.0285714285714287,0.07559289460184544,0.1440737345192111,0.16204100564080587,0.13502767278956362,0.06047237285143267,3361.7019994258903,2009.1134283883237,1535.1307442864343,14063.793998718265,13.0,1.8571428571428572,2.0,2805.353857142857,89.75471428571429,792.1608571428571,3530.7721428571426,435.918,1,0,36,6.8
AS14.30,2014-03-26,8.0,7.866666666666667,7.571428571428571,0.4070801956792872,7.0,8.0,1.0,0.1642857142857134,-0.2,-0.2190476190476191,0.43327227897116577,1.0,1.0285714285714287,0.07559289460184544,0.1341467837134854,0.13315970987582346,0.14243858358245218,0.05593812515173974,5542.672001123428,2800.923714263099,1741.671282103311,19606.465999841694,10.0,1.4285714285714286,2.0,3739.923142857143,106.73142857142857,1038.4118571428571,4622.963857142858,552.1432857142858,2,0,37,7.75
AS14.30,2014-03-27,6.8,7.533333333333334,7.542857142857143,0.4577377082170646,6.8,8.0,1.2000000000000002,-1.117276763610333e-15,0.2,-0.2380952380952381,0.4070801956792859,0.6,0.9714285714285714,0.17994708216848745,0.20092126251271453,0.159713926915137,0.15938870563237348,0.05254095388676296,5386.90900015831,3570.4821428571436,1466.1240369323316,24993.375000000004,22.0,3.142857142857143,2.0,4904.103857142857,141.15885714285716,1428.4950000000001,5977.291571428571,664.0060000000001,3,0,38,7.8
AS14.30,2014-03-28,7.75,7.516666666666666,7.6499999999999995,0.3926406329796599,6.8,8.0,1.2000000000000002,-0.05535714285714398,-0.75,-0.39285714285714285,0.35640399762602204,1.0,0.9714285714285714,0.17994708216848745,0.16013329380691074,0.16506711334437021,0.17051197501003706,0.04031241282670691,5086.277000427245,3936.864857128688,1480.7059241573918,27558.053999900818,22.0,3.142857142857143,2.0,5755.855714285714,152.5144285714286,1783.4431428571427,6927.674714285714,716.440857142857,4,0,39,8.4
AS14.30,2014-03-29,7.8,7.449999999999999,7.65,0.3926406329796599,6.8,8.0,1.2000000000000002,-0.017857142857144046,0.0,-0.33571428571428574,0.38591264740685993,1.0,0.9428571428571428,0.15118578920369086,0.248407170035962,0.20315390878519576,0.17567593242735577,0.04811217240576146,5489.542001247409,4304.996857438769,1503.7739581401106,30134.978002071384,21.0,3.0,0.0,6190.858714285714,163.7645714285714,1965.1597142857142,7393.023,720.6862857142858,5,1,40,7.6
AS14.30,2014-03-30,8.4,7.983333333333334,7.764285714285714,0.4819355815478938,6.8,8.4,1.6000000000000005,0.05535714285714249,-1.4,-0.4214285714285714,0.5414926460389704,1.0,0.9428571428571428,0.15118578920369086,0.13252437397512362,0.18035494593933213,0.16306646142259734,0.0458301444613493,3121.423000574112,4218.883428914206,1558.8270097100337,29532.184002399445,23.0,3.2857142857142856,0.0,6370.013285714284,175.87714285714287,2068.3377142857144,7527.585000000001,700.9329999999999,6,1,41,7.6
AS14.30,2014-03-31,7.6,7.933333333333334,7.735714285714286,0.4853815386839922,6.8,8.4,1.6000000000000005,0.042857142857141955,-1.2,-0.5071428571428571,0.6167310133738555,1.0,0.9428571428571428,0.15118578920369086,0.11265009110890341,0.164527211706663,0.16183667281033012,0.0472330044558029,3438.0860011577615,4489.515857730594,1119.5069875970387,31426.61100411416,29.0,4.142857142857143,0.0,6329.748285714285,203.8607142857143,2002.2914285714287,7554.360000000001,690.2202857142856,0,0,42,7.8
AS14.30,2014-04-01,7.6,7.866666666666667,7.707142857142857,0.48685091098180266,6.8,8.4,1.6000000000000005,0.037499999999999555,-0.8,-0.5928571428571429,0.6085697518420898,1.0,0.9428571428571428,0.15118578920369086,0.23451950855432138,0.1598979912127828,0.17475749767248874,0.05351694262685299,4131.750000238419,4599.522714989526,1023.9707939329973,32196.65900492668,29.0,4.142857142857143,0.0,6379.996714285715,213.11085714285716,1925.9777142857142,7597.238,664.7874285714286,1,0,43,7.6
AS14.30,2014-04-02,7.8,7.666666666666667,7.678571428571429,0.47245559126153563,6.8,8.4,1.6000000000000005,0.08928571428571373,-1.2,-0.7357142857142857,0.6182733252873721,1.2,0.9714285714285714,0.17994708216848745,0.15715008108506565,0.16810656024943013,0.17804368301128592,0.0512665856427814,5572.314999103547,4603.757428986686,1028.5722988237187,32226.302002906803,33.0,4.714285714285714,2.0,6109.12,207.43242857142857,1847.4952857142857,7355.794142857143,672.9962857142857,2,0,44,8.0
AS14.30,2014-04-03,7.6,7.666666666666667,7.792857142857144,0.2834733547569237,7.6,8.4,0.8000000000000007,-0.04464285714285752,-0.6,-0.85,0.47346242371139297,0.6,0.9714285714285714,0.17994708216848745,0.16374439803612317,0.18513799589183674,0.17273270237177285,0.05042026232956944,2718.7199983596797,4222.5875715868815,1174.079238776074,29558.113001108173,18.0,2.5714285714285716,2.0,5333.776428571428,195.36100000000002,1515.8137142857142,6526.433285714285,649.5701428571429,3,0,45,7.8
AS14.30,2014-04-04,8.0,7.8,7.828571428571429,0.2927700218845633,7.6,8.4,0.8000000000000007,-0.02857142857142921,0.2,-0.7142857142857143,0.620291790016525,1.0,0.9714285714285714,0.17994708216848745,0.12517288902232324,0.148689122714504,0.1677383588311175,0.053512932390421854,3305.6360008716556,3968.2102859360834,1148.3799083136705,27777.472001552585,17.0,2.4285714285714284,2.0,4661.274285714286,188.5272857142857,1335.3778571428572,5824.804285714286,655.9555714285714,4,0,46,8.0
AS14.30,2014-04-05,7.8,7.8,7.828571428571428,0.2927700218845633,7.6,8.4,0.8000000000000007,-0.03571428571428623,-1.2,-0.8857142857142856,0.5520524474738833,1.0,0.9714285714285714,0.17994708216848745,0.14254031358756433,0.1438192002153369,0.1526145221956321,0.04022473314389737,5313.847000122071,3943.111000061035,1110.8957828710566,27601.777000427246,18.0,2.5714285714285716,2.0,4423.785142857143,185.54857142857145,1199.491,5645.972142857143,699.6321428571429,5,1,47,8.0
AS14.30,2014-04-06,8.0,7.933333333333334,7.771428571428571,0.17994708216849228,7.6,8.0,0.40000000000000036,0.06428571428571395,-0.8,-0.7999999999999999,0.5033222956847165,1.0,0.9714285714285714,0.17994708216848745,0.06754933662828402,0.11175417974605717,0.14333237400322643,0.0515388829810585,2193.377999305725,3810.5331427369797,1269.3760166624575,26673.73199915886,18.0,2.5714285714285716,2.0,3925.948857142857,176.84828571428574,1124.754,5198.724857142857,723.5457142857142,6,1,48,7.6
AS14.30,2014-04-07,8.0,7.933333333333334,7.828571428571428,0.1799470821684929,7.6,8.0,0.40000000000000036,0.06428571428571321,-1.2,-0.7999999999999999,0.5033222956847165,1.0,0.9714285714285714,0.17994708216848745,0.09103816788494115,0.10037593936692983,0.14024495639980328,0.05425878612621247,2888.195000648498,3731.977285521371,1312.5475512800565,26123.840998649597,12.0,1.7142857142857142,2.0,3674.874714285714,239.441,1019.9381428571429,4939.519857142857,692.389,0,0,49,7.8
AS14.30,2014-04-08,7.6,7.866666666666667,7.828571428571429,0.1799470821684929,7.6,8.0,0.40000000000000036,0.007142857142856092,0.0,-0.6857142857142856,0.5871642911161277,1.0,0.9714285714285714,0.17994708216848745,0.12195215470654065,0.09351321973992194,0.12416390585012031,0.034882730526064706,8103.633000850677,4299.389142751694,2122.6770992502147,30095.723999261856,12.0,1.7142857142857142,2.0,3663.9417142857137,273.28285714285715,968.0404285714286,4939.078142857143,642.5975714285714,1,0,50,7.75
AS14.30,2014-04-09,7.8,7.8,7.828571428571428,0.1799470821684929,7.6,8.0,0.40000000000000036,-9.310639696752773e-16,-0.6,-0.6,0.541602560309064,1.0,0.9428571428571428,0.1511857892036908,0.15902254583937586,0.12400428947695256,0.12443140081502178,0.03518372134027457,7472.372998714447,4570.825999838964,2414.0660357172324,31995.78199887275,6.0,0.8571428571428571,0.0,3816.2525714285716,363.69942857142854,995.3434285714286,5167.568142857142,564.6214285714285,2,0,51,8.2
AS14.30,2014-04-10,7.75,7.716666666666666,7.85,0.15545631755148673,7.6,8.0,0.40000000000000036,-0.041071428571429,-0.5,-0.5857142857142856,0.5429197958832452,1.0,1.0,0.0,0.1609356614846201,0.14730345401017889,0.12403015273623563,0.03467296684854811,5828.953998327256,5015.145142691475,2299.88919529287,35106.015998840325,9.0,1.2857142857142858,5.0,4226.052285714286,476.77071428571435,1110.4545714285716,5696.557428571429,563.606,3,0,52,7.666666666666667
AS14.30,2014-04-11,8.2,7.916666666666667,7.878571428571427,0.19970215917950027,7.6,8.2,0.5999999999999996,0.01785714285714237,-1.0,-0.7571428571428572,0.43149794459588814,1.0,1.0,0.0,0.1335532421561833,0.15117048316005974,0.12522734604107277,0.03486315692269766,3353.9290006160736,5022.044142654964,2293.971311033633,35154.30899858475,8.0,1.1428571428571428,7.0,4177.261,559.3415714285715,945.1831428571429,5703.958,528.2282857142857,4,0,53,7.8
AS14.30,2014-04-12,7.666666666666667,7.872222222222223,7.859523809523809,0.21427248636420956,7.6,8.2,0.5999999999999996,-0.01607142857142942,-0.6666666666666666,-0.680952380952381,0.38483144114694945,0.6666666666666666,0.9523809523809524,0.12598815766974242,0.14675981409891747,0.14708290591324027,0.12583013182840894,0.03524675669277525,3983.85400032997,4832.045142684664,2320.6974087954327,33824.31599879265,9.0,1.2857142857142858,7.0,4394.251285714286,785.1868571428571,1010.9074285714286,6120.404285714286,513.5858571428571,5,1,54,7.2
AS14.30,2014-04-13,7.8,7.888888888888888,7.830952380952381,0.2055770044579563,7.6,8.2,0.5999999999999996,-0.002380952380953086,-1.0,-0.7095238095238096,0.4021766176023063,1.2,0.980952380952381,0.15735915849388862,0.06133414489008874,0.11388240038172982,0.12494224729438105,0.036994517642318495,981.855000734329,4658.9704286030355,2580.8762923401914,32612.79300022125,7.0,1.0,7.0,4396.835285714286,810.5017142857142,1024.568857142857,6064.729857142856,466.62842857142857,6,1,55,7.75
AS14.30,2014-04-14,7.2,7.555555555555556,7.716666666666667,0.2976761849915313,7.2,8.2,0.9999999999999991,-0.045833333333334614,-1.6,-0.7666666666666667,0.5,1.0,0.980952380952381,0.15735915849388862,0.07888284344373224,0.09565893414424614,0.12320577237420835,0.039077787125944334,1874.0839996337888,4514.097428458077,2721.4752164036086,31598.68199920654,8.0,1.1428571428571428,7.0,4409.290142857143,895.0041428571429,1024.2224285714285,6194.25,495.4025714285714,0,0,56,7.6
AS14.30,2014-04-15,7.75,7.583333333333333,7.738095238095238,0.2932440340263802,7.2,8.2,0.9999999999999991,-0.05892857142857175,-0.25,-0.8023809523809524,0.4416329726590651,1.0,0.980952380952381,0.15735915849388862,0.17082034310244312,0.10367911047875471,0.13018694214505155,0.04298615930109706,4983.736999988557,4068.3979997634888,2250.326789509289,28478.78599834442,8.0,1.1428571428571428,7.0,4268.379857142857,954.2208571428572,1097.1107142857143,6148.709428571428,581.2797142857142,1,0,57,8.4
AS14.30,2014-04-16,7.6,7.516666666666667,7.70952380952381,0.29593811021794125,7.2,8.2,0.9999999999999991,-0.06488095238095334,-1.4,-0.9166666666666667,0.4821825380496478,1.0,0.980952380952381,0.15735915849388862,0.12232731674948599,0.12401016776522045,0.12494476656078157,0.041078741837484174,5639.683999061586,3806.585285527366,1861.2673359056698,26646.096998691562,12.0,1.7142857142857142,7.0,4270.056714285714,930.2808571428571,1076.0464285714284,6203.584285714286,701.2542857142856,2,0,58,7.6
AS14.30,2014-04-17,8.4,7.916666666666667,7.802380952380952,0.39586152781793654,7.2,8.4,1.2000000000000002,0.014880952380951573,-0.4,-0.9023809523809525,0.49781267593087697,1.4,1.0380952380952382,0.22396144792961614,0.1918537415998037,0.16166713381724426,0.12936163514866492,0.04685026416182965,5824.8609995842,3806.0005714212143,1860.5266202727826,26642.0039999485,11.0,1.5714285714285714,2.0,4234.577428571428,893.4552857142857,1062.8782857142855,6263.545428571429,780.2884285714284,3,0,59,7.4
AS14.30,2014-04-18,7.6,7.866666666666667,7.716666666666668,0.358623913189169,7.2,8.4,1.2000000000000002,0.04999999999999954,-0.8,-0.8738095238095237,0.49701489869400245,1.0,1.0380952380952382,0.22396144792961614,0.16125317321275243,0.15847807718734738,0.13331876815674623,0.04840725123278097,4975.886001110075,4037.7087143489293,1895.512173417208,28263.961000442505,11.0,1.5714285714285714,0.0,4517.540285714285,923.2315714285714,1146.2522857142856,6697.221285714286,885.6270000000001,4,0,60,7.8
AS14.30,2014-04-19,7.4,7.8,7.678571428571429,0.37843663368427616,7.2,8.4,1.2000000000000002,0.008928571428570535,-1.2,-0.9500000000000001,0.5008326400438906,1.0,1.0857142857142856,0.15735915849388868,0.041220468849386946,0.13144246122064768,0.11824171883538474,0.058835625456433664,1951.7240004539474,3747.4044286523554,2054.1135251717806,26231.831000566486,7.0,1.0,0.0,4162.766142857143,665.3968571428571,1201.268857142857,5986.977571428571,811.0468571428571,5,1,61,7.75
AS14.30,2014-04-20,7.8,7.6000000000000005,7.678571428571429,0.37843663368427616,7.2,8.4,1.2000000000000002,0.03928571428571381,-1.2,-0.9785714285714285,0.5097852021988795,1.0,1.0571428571428572,0.15118578920369094,0.09985345888355919,0.10077570031523285,0.12374447797730907,0.05424862296500686,1521.5359997749338,3824.501714229584,1939.9704864625182,26771.51199960709,8.0,1.1428571428571428,0.0,4300.425857142857,666.9297142857142,1221.8005714285714,6185.247571428573,843.5198571428571,6,1,62,7.8
AS14.30,2014-04-21,7.75,7.6499999999999995,7.757142857142857,0.31415040377258446,7.4,8.4,1.0,-0.021428571428572376,-1.25,-0.9285714285714286,0.45263777171260494,1.0,1.0571428571428572,0.15118578920369094,0.10913892761391042,0.08340428511561886,0.12806677571590597,0.05119807712177418,1813.6920001506805,3815.874285731997,1950.197355279774,26711.12000012398,7.0,1.0,0.0,4285.6687142857145,623.7447142857143,1268.181857142857,6111.906857142857,842.4178571428572,0,0,63,8.0
AS14.30,2014-04-22,7.8,7.783333333333334,7.764285714285714,0.3145291265186312,7.4,8.4,1.0,-0.017857142857143862,-1.6,-1.1214285714285714,0.39985116278554506,1.0,1.0571428571428572,0.15118578920369094,0.11113403727863057,0.1067088079253667,0.11954016059821847,0.047744784278768077,1398.7380003929143,3303.731571504048,2060.0255553283832,23126.121000528336,7.0,1.0,0.0,4134.157285714286,523.216,1364.2494285714286,5832.417999999999,809.6317142857143,1,0,64,7.6
AS14.30,2014-04-23,8.0,7.849999999999999,7.821428571428571,0.3160394791492897,7.4,8.4,1.0,-0.01607142857142942,-0.8,-1.0357142857142858,0.3944556224662517,1.2,1.0857142857142859,0.15735915849388868,0.1486342325363091,0.1229690658096167,0.12329829142490747,0.0490190753794042,2925.3560001850124,2915.970428807395,1784.013038736789,20411.793001651764,5.0,0.7142857142857143,3.0,3757.526714285714,456.39671428571427,1305.212142857143,5236.472714285715,701.867142857143,2,0,65,8.2
AS14.30,2014-04-24,7.6,7.8,7.707142857142857,0.19241572057347833,7.4,8.0,0.5999999999999996,0.042857142857141955,-1.4,-1.1785714285714286,0.2941897670681614,1.0,1.0285714285714287,0.07559289460184553,0.09362551945885278,0.11779792975793081,0.1092656882619145,0.0391991592024344,3556.027000904081,2591.8512861388067,1310.7803443316782,18142.959002971646,3.0,0.42857142857142855,3.0,3560.1382857142858,377.28142857142853,1317.6234285714286,4819.988714285714,606.5100000000001,3,0,66,7.5
AS14.30,2014-04-25,8.2,7.933333333333333,7.792857142857143,0.2588895701333121,7.4,8.2,0.7999999999999989,0.08035714285714245,-1.2,-1.2357142857142858,0.2427520781138062,1.2,1.0571428571428572,0.09759000729485343,0.13419763007341504,0.12548579402285898,0.10540061067058058,0.034238808026701734,2879.8680019378667,2292.420143399919,824.680716824777,16046.941003799435,3.0,0.42857142857142855,3.0,3486.1801428571425,252.61485714285712,1322.931142857143,4432.527714285714,464.6240000000001,4,0,67,7.8
AS14.30,2014-04-26,7.5,7.766666666666666,7.807142857142857,0.23528098702858374,7.5,8.2,0.6999999999999993,-0.007142857142858327,-1.0,-1.2071428571428573,0.25888957013330904,1.0,1.0571428571428572,0.09759000729485343,0.14113887003386044,0.12298733985537609,0.11967466798264823,0.021469619790249358,4973.950001955032,2724.1667150429316,1281.2937806400769,19069.167005300522,3.0,0.42857142857142855,3.0,3517.1572857142855,313.44385714285715,1230.3698571428572,4611.452857142857,505.7484285714286,5,1,68,7.8
AS14.30,2014-04-27,7.8,7.833333333333333,7.807142857142857,0.23528098702858374,7.5,8.2,0.6999999999999993,-0.008928571428572023,-1.2,-1.207142857142857,0.25888957013330904,1.0,1.0571428571428572,0.09759000729485343,0.34510378510378514,0.20681342840368688,0.15471042887125194,0.08621537195901588,4987.678000926971,3219.3298580646515,1403.0407127859842,22535.30900645256,4.0,0.5714285714285714,3.0,3709.294857142857,269.9918571428571,1241.436857142857,4741.259,469.63585714285716,6,1,69,8.0
AS14.30,2014-04-28,7.8,7.7,7.814285714285715,0.2340126166724917,7.5,8.2,0.6999999999999993,-0.017857142857143862,-1.0,-1.1714285714285713,0.26903708365381973,1.0,1.0571428571428572,0.09759000729485343,0.12608118646519645,0.20410794720094735,0.1571307515642928,0.08495136670718963,2722.8589999675755,3349.2108580384934,1288.650551072015,23444.476006269455,5.0,0.7142857142857143,3.0,3723.791,129.18442857142855,1202.476142857143,4556.827285714286,424.5534285714286,0,0,70,8.0
AS14.30,2014-04-29,8.0,7.866666666666667,7.8428571428571425,0.2439750182371372,7.5,8.2,0.6999999999999993,-1.3034895575453884e-15,-1.0,-1.0857142857142856,0.19518001458970669,1.0,1.0571428571428572,0.09759000729485343,0.20367596966520482,0.22495364707806212,0.1703510276195177,0.08379313609783977,5518.5119988918295,3937.750000681196,1186.071686352788,27564.25000476837,7.0,1.0,5.0,3726.5205714285717,209.3897142857143,1092.2242857142858,4607.311285714286,385.54942857142856,1,0,71,7.8
AS14.30,2014-04-30,8.0,7.933333333333333,7.8428571428571425,0.2439750182371372,7.5,8.2,0.6999999999999993,0.039285714285714,-1.0,-1.1142857142857143,0.1573591584938887,1.0,1.0285714285714285,0.07559289460184553,0.1709965409605352,0.16691789903031218,0.17354564310869286,0.08325172316994225,2788.0809991359715,3918.1392862456187,1206.5585640597176,27426.97500371933,5.0,0.7142857142857143,3.0,3830.8008571428572,203.78157142857143,1097.1164285714287,4758.361285714286,392.9272857142857,2,0,72,8.2
AS14.30,2014-05-01,7.8,7.933333333333334,7.871428571428571,0.22146697055683282,7.5,8.2,0.6999999999999993,-7.44851175740222e-16,-1.2,-1.0857142857142859,0.10690449676496998,1.0,1.0285714285714285,0.07559289460184553,0.1610835202721728,0.1785853436326376,0.18318250036773856,0.07605161808617929,7345.535000801085,4459.4975719451895,1746.3836889185195,31216.48300361633,11.0,1.5714285714285714,3.0,4037.4641428571426,187.58314285714286,1098.2131428571429,4984.378857142857,389.79014285714294,3,0,73,8.0
AS14.30,2014-05-02,8.2,8.0,7.871428571428571,0.22146697055683282,7.5,8.2,0.6999999999999993,0.08214285714285634,-1.0,-1.0571428571428572,0.09759000729485365,1.0,1.0,0.0,0.16309989065219965,0.16505998396163588,0.18731139473613637,0.07369707252830522,5499.634001016617,4833.749857527869,1628.15523079122,33836.24900269508,14.0,2.0,3.0,4191.728285714286,212.64614285714288,1067.5254285714286,5297.699857142857,438.993,4,0,74,7.8
AS14.30,2014-05-03,8.0,8.0,7.942857142857142,0.1511857892036987,7.8,8.2,0.39999999999999947,0.04285714285714214,-1.0,-1.0571428571428572,0.09759000729485365,1.0,1.0,0.0,0.13587670842449237,0.15335337311628827,0.1865596573633695,0.07427114755015943,5040.064999103545,4843.194857120513,1629.2954578764877,33902.36399984359,16.0,2.2857142857142856,3.0,4360.615,198.15685714285715,1129.882,5478.700285714285,466.68871428571435,5,1,75,7.8
AS14.30,2014-05-04,7.8,8.0,7.942857142857143,0.1511857892036987,7.8,8.2,0.39999999999999947,0.007142857142855906,-1.2,-1.0571428571428572,0.09759000729485365,1.0,1.0,0.0,0.1819733305036785,0.16031664319345684,0.1632553067062114,0.026395595550323427,1544.818999767303,4351.357856954846,2045.0226000684493,30459.504998683926,17.0,2.4285714285714284,3.0,3991.6335714285715,208.61428571428573,1059.1568571428572,5071.762000000001,471.3342857142857,6,1,76,8.0
AS14.31,2014-04-01,6.666666666666667,6.666666666666667,6.666666666666667,0.0,6.666666666666667,6.666666666666667,0.0,-3.72425587870111e-16,0.0,0.0,0.0,0.6666666666666666,0.6666666666666666,0.0,0.16327075702075725,0.16327075702075725,0.16327075702075725,0.0,0.0,0.0,0.0,0.0,15.0,2.142857142857143,5.0,0.0,0.0,0.0,0.0,0.0,1,0,43,6.666666666666667
AS14.31,2014-04-02,6.666666666666667,6.666666666666667,6.666666666666667,0.0,6.666666666666667,6.666666666666667,0.0,-3.72425587870111e-16,0.0,0.0,0.0,0.6666666666666666,0.6666666666666666,0.0,0.16327075702075725,0.16327075702075725,0.16327075702075725,0.0,1004.3749995231634,143.48214278902336,379.6180673984153,1004.3749995231634,16.0,2.2857142857142856,8.0,150.44785714285715,0.0,6.989428571428571,174.01500000000001,20.125285714285717,2,0,44,6.6
AS14.31,2014-04-03,6.666666666666667,6.666666666666667,6.666666666666667,0.0,6.666666666666667,6.666666666666667,0.0,-3.72425587870111e-16,0.0,0.0,0.0,0.6666666666666666,0.6666666666666666,0.0,0.234817017504906,0.1871195105154735,0.17349165137563566,0.02704194463967218,1527.3289990425105,361.67199979509627,635.8533063179566,2531.703998565674,17.0,2.4285714285714284,8.0,317.2787142857143,13.730142857142857,48.275571428571425,453.67857142857144,87.88242857142858,3,0,45,6.8
AS14.31,2014-04-04,6.6,6.644444444444445,6.6571428571428575,0.025197631533948755,6.6,6.666666666666667,0.06666666666666732,-0.0071428571428575815,0.6,0.08571428571428572,0.22677868380553634,1.0,0.7142857142857143,0.12598815766974242,0.19950165661345784,0.1991964770463737,0.17866749417459288,0.028202035593410342,1156.371999740601,526.8679997580392,675.2246525643851,3688.075998306275,14.0,2.0,5.0,454.78914285714285,23.239,59.17171428571429,654.4344285714286,126.85128571428572,4,0,46,7.4
AS14.31,2014-04-05,6.8,6.688888888888889,6.6761904761904765,0.0599823607228291,6.6,6.8,0.20000000000000018,0.009523809523808434,0.4,0.14285714285714285,0.2507132682112035,0.4,0.6761904761904762,0.1739670953500985,0.13380405046845267,0.18937424152893886,0.1744579646671208,0.032720424215724096,455.6740002632143,591.9642855099271,636.8393308687782,4143.749998569489,11.0,1.5714285714285714,5.0,504.46085714285715,48.497571428571426,89.71785714285714,750.9128571428571,144.45657142857144,5,1,47,6.6
AS14.31,2014-04-06,7.4,6.933333333333333,6.780952380952381,0.27945525240230884,6.6,7.4,0.8000000000000007,0.08571428571428504,0.8,0.2571428571428572,0.3408672412985387,0.6,0.6666666666666666,0.17638342073763938,0.24320235873090723,0.19216935527093923,0.1858767649114279,0.04105214584785275,604.018000125885,678.2525712421964,581.8060815229916,4747.767998695374,14.0,2.0,5.0,561.6038571428571,63.54385714285714,89.71785714285714,919.7887142857143,203.10500000000002,6,1,48,6.6
AS14.31,2014-04-07,6.6,6.933333333333334,6.771428571428571,0.2850786580399195,6.6,7.4,0.8000000000000007,0.049999999999999725,0.0,0.2571428571428572,0.3408672412985387,0.2,0.5999999999999999,0.24944382578492946,0.16746382304680316,0.1814900774153877,0.1864757743437202,0.04069636597522643,1306.1469995975488,864.8449997561319,535.6456572982389,6053.914998292923,15.0,2.142857142857143,6.0,684.3992857142857,72.103,92.15228571428572,1130.0754285714286,261.93985714285714,0,0,49,7.0
AS14.31,2014-04-08,6.6,6.866666666666667,6.761904761904762,0.29022888249242934,6.6,7.4,0.8000000000000007,0.01666666666666639,0.2,0.2857142857142857,0.32366943748507476,0.2,0.5333333333333333,0.2880329199292383,0.14697043087965841,0.1858788708857896,0.1841471563235632,0.04266420693744208,510.7890000343326,937.8148569038937,420.63923538376685,6564.703998327255,15.0,2.142857142857143,6.0,787.9401428571429,78.41571428571429,100.75657142857142,1283.190142857143,298.4592857142857,1,0,50,7.0
AS14.31,2014-04-09,7.0,6.733333333333333,6.80952380952381,0.2992052966172385,6.6,7.4,0.8000000000000007,0.02857142857142772,0.6,0.37142857142857144,0.31471831698777725,0.6,0.5238095238095238,0.2839628860166777,0.14309655460155837,0.15251026950934,0.18126512740653483,0.04493067352552455,2491.310998678208,1150.2342853546143,725.1080509027955,8051.6399974823,14.0,2.0,3.0,791.1752857142857,101.566,137.88514285714285,1376.8029999999999,326.95285714285717,2,0,51,7.2
AS14.31,2014-04-10,7.0,6.866666666666667,6.857142857142857,0.2992052966172386,6.6,7.4,0.8000000000000007,0.028571428571427908,0.2,0.4,0.282842712474619,0.6,0.5142857142857143,0.27945525240230884,0.21966037814426126,0.16990912120849266,0.179099893212157,0.04220222192616753,3324.948999404907,1407.0371425492424,1101.532252900214,9849.259997844696,14.0,2.0,3.0,990.7848571428573,112.50685714285714,129.41342857142857,1605.8162857142856,351.92485714285715,3,0,52,7.8
AS14.31,2014-04-11,7.2,7.066666666666666,6.942857142857142,0.29920529661723877,6.6,7.4,0.8000000000000007,0.02857142857142772,0.4,0.37142857142857144,0.2690370836538197,0.6,0.4571428571428572,0.19023794624226856,0.20133600688258002,0.18803097987613324,0.17936194325060303,0.042355435154487045,4255.026998758316,1849.702142408916,1525.1659427540815,12947.914996862411,13.0,1.8571428571428572,6.0,1392.6931428571427,125.71857142857142,162.0577142857143,2083.1349999999998,409.7478571428572,4,0,53,7.0
AS14.31,2014-04-12,7.8,7.333333333333333,7.085714285714286,0.42983939414844846,6.6,7.8,1.2000000000000002,0.09999999999999963,0.6,0.39999999999999997,0.282842712474619,1.2,0.5714285714285714,0.33523268393901035,0.27244674173205335,0.23114770891963154,0.19916804200254595,0.049340964390548164,7202.245999097823,2813.4981422424316,2386.1013910156194,19694.48699569702,21.0,3.0,8.0,1943.0614285714287,123.53357142857143,177.42957142857145,2833.6307142857145,580.0992857142858,5,1,54,6.8
AS14.31,2014-04-13,7.0,7.333333333333333,7.028571428571429,0.4070801956792864,6.6,7.8,1.2000000000000002,0.13571428571428512,0.6,0.37142857142857144,0.2429971585175823,0.8,0.6,0.34641016151377546,0.22101963704498265,0.23160079521987198,0.1959990817616996,0.046682187172133446,1297.6900000572207,2912.5941422326223,2291.5791787269495,20388.158995628357,21.0,3.0,8.0,2076.7487142857144,108.4872857142857,180.44342857142857,2906.261714285714,563.0767142857143,6,1,55,6.2
AS14.31,2014-04-14,6.8,7.2,7.057142857142857,0.3779644730092277,6.6,7.8,1.2000000000000002,0.04999999999999954,-0.6,0.2857142857142857,0.42983939414844785,1.0,0.7142857142857143,0.32366943748507476,0.3745078870731221,0.289324755283386,0.22557680519403084,0.079584965199416,1063.7250006198883,2877.9624280929565,2321.5390005198037,20145.736996650696,25.0,3.5714285714285716,8.0,2013.1385714285714,151.3005714285714,182.31628571428573,2903.316,578.0195714285713,0,0,56,7.0
AS14.31,2014-04-15,6.2,6.666666666666667,7.0,0.4760952285695236,6.2,7.8,1.5999999999999996,-0.10714285714285796,-0.8,0.14285714285714285,0.5968169536721256,0.0,0.6857142857142857,0.3804758924845367,0.12203956005680147,0.23918902805830208,0.22201525221933704,0.08411778106259518,2229.715999126433,3123.523427963257,2110.760998122354,21864.663995742798,24.0,3.4285714285714284,8.0,2189.1155714285715,155.46114285714287,245.24085714285715,3106.9514285714286,592.3278571428572,1,0,57,6.75
AS14.31,2014-04-16,7.0,6.666666666666667,7.0,0.4760952285695236,6.2,7.8,1.5999999999999996,-0.10714285714285796,0.0,0.05714285714285713,0.5623081683476385,0.75,0.7071428571428572,0.37906526639943705,0.16270451908483252,0.2197506554049187,0.22481639000266188,0.08133212174623466,1385.6159994602208,2965.5669995035446,2205.2154085420675,20758.96899652481,24.0,3.4285714285714284,8.0,2198.768857142857,136.59014285714287,201.12285714285716,3045.1161428571427,568.9889999999999,2,0,58,7.0
AS14.31,2014-04-17,6.75,6.6499999999999995,6.964285714285714,0.48538153868399064,6.2,7.8,1.5999999999999996,-0.13392857142857253,0.0,0.028571428571428557,0.5589105048046175,0.5,0.692857142857143,0.38560404068224724,0.15689429525882798,0.14721279146682065,0.2158498067333143,0.08535564163534573,3063.933999776841,2928.2791424138204,2200.327170495084,20497.953996896744,26.0,3.7142857142857144,8.0,2072.2132857142856,125.96385714285714,174.62342857142858,2932.5111428571427,556.997,3,0,59,6.8
AS14.31,2014-04-18,7.0,6.916666666666667,6.935714285714286,0.4749686706460104,6.2,7.8,1.5999999999999996,-0.09642857142857224,0.6,0.05714285714285712,0.5855400437691198,1.0,0.75,0.3989569734528607,0.1757913122641471,0.16513004220260252,0.21220056464496673,0.08661632560915114,3326.6989991664886,2795.660856757845,2134.0104335663873,19569.625997304916,25.0,3.5714285714285716,5.0,1805.5194285714283,123.1502857142857,142.09885714285713,2670.3941428571425,553.4327142857143,4,0,60,7.8
AS14.31,2014-04-19,6.8,6.8500000000000005,6.792857142857143,0.2834733547569211,6.2,7.0,0.7999999999999998,0.012499999999999047,0.2,-1.586032892321652e-17,0.541602560309064,0.8,0.692857142857143,0.3493190655028859,0.08391203703703702,0.13886588152000404,0.18526703540282155,0.09377701091092142,4050.7669992446886,2345.44957106454,1159.200197210605,16418.146997451782,19.0,2.7142857142857144,3.0,1606.1374285714285,136.21514285714287,128.34742857142857,2312.7050000000004,405.96385714285714,5,1,61,8.0
AS14.31,2014-04-20,7.8,7.2,6.907142857142857,0.4764701559634244,6.2,7.8,1.5999999999999996,0.14999999999999897,0.8,0.028571428571428564,0.5822779568622009,1.2,0.75,0.3989569734528607,0.4626559157521546,0.24078642168444622,0.21978650378956038,0.1414743517306668,1908.1990003585818,2432.6651425361633,1088.0113843517468,17028.655997753143,18.0,2.5714285714285716,3.0,1621.7984285714285,139.69057142857142,126.48042857142858,2387.924142857143,453.2622857142857,6,1,62,6.4
AS14.31,2014-04-21,8.0,7.533333333333334,7.078571428571428,0.6244044781877796,6.2,8.0,1.7999999999999998,0.2517857142857137,1.2,0.2857142857142857,0.651737604225738,1.6,0.8357142857142856,0.5104852966494119,0.4026460998855776,0.31640468422492307,0.22380624847705405,0.1468989279478841,4395.799000740052,2908.675713981901,1117.7661964124457,20360.729997873306,13.0,1.8571428571428572,2.0,1973.6185714285714,88.31814285714286,143.03671428571428,2767.572571428572,493.3392857142857,0,0,63,7.0
AS14.31,2014-04-22,6.4,7.3999999999999995,7.107142857142857,0.5805375177573027,6.4,8.0,1.5999999999999996,0.053571428571428235,0.2,0.4285714285714285,0.4535573676110726,0.4,0.8928571428571429,0.4147575310031265,0.12294231059851525,0.3294147754120825,0.223935212840156,0.1467950549025853,4568.777000665665,3242.8272856303624,1225.408550706021,22699.790999412537,14.0,2.0,2.0,2029.7107142857144,112.80142857142857,98.24657142857143,2908.7391428571427,531.764,1,0,64,7.0
AS14.31,2014-04-23,7.0,7.133333333333333,7.107142857142857,0.5805375177573027,6.4,8.0,1.5999999999999996,0.026785714285713837,0.0,0.42857142857142855,0.4535573676110726,1.0,0.9285714285714286,0.4111540089159036,0.14306033075740893,0.22288291374716726,0.22112890022195267,0.14834034617711653,3471.282999515534,3540.779714209693,912.0750518017848,24785.45799946785,13.0,1.8571428571428572,6.0,2153.2444285714287,148.44685714285714,146.18171428571426,3127.9104285714284,567.7482857142858,2,0,65,6.5
AS14.31,2014-04-24,7.0,6.8,7.142857142857143,0.5623081683476394,6.4,8.0,1.5999999999999996,-0.03571428571428642,0.8,0.5428571428571428,0.42761798705987897,1.0,1.0,0.3651483716701105,0.14131944444444447,0.1357740286001229,0.21890392153418353,0.14957604580351247,5779.488000631333,3928.716000046049,1205.6987202417638,27501.012000322342,11.0,1.5714285714285714,6.0,2366.873285714286,142.23785714285714,145.16585714285713,3356.648285714286,598.9735714285714,3,0,66,7.0
AS14.31,2014-04-25,6.5,6.833333333333333,7.071428571428571,0.6129553700835702,6.4,8.0,1.5999999999999996,-0.1250000000000007,0.25,0.4928571428571429,0.440102801843474,0.75,0.9642857142857143,0.3771762250751028,0.14166666666666666,0.14201548062284,0.21402897216311495,0.15175556080480893,3573.8400001525883,3964.021857329778,1188.6297015890716,27748.153001308445,11.0,1.5714285714285714,6.0,2476.6692857142857,145.15314285714285,137.0152857142857,3467.9111428571423,578.0327142857143,4,0,67,7.0
AS14.31,2014-04-26,7.0,6.833333333333333,7.1000000000000005,0.6027713773341715,6.4,8.0,1.5999999999999996,-0.17142857142857193,1.0,0.6071428571428571,0.45499869178252533,1.0,0.9928571428571429,0.3701672723564434,0.2280129928315412,0.17033303464755079,0.23461482299090125,0.140521170800237,5703.5059995651245,4200.127428804125,1360.4596576324338,29400.892001628876,18.0,2.5714285714285716,6.0,2548.8694285714287,180.44771428571428,114.59885714285714,3757.8405714285714,744.2235714285715,5,1,68,7.4
AS14.31,2014-04-27,7.0,6.833333333333333,6.985714285714287,0.5177791402666184,6.4,8.0,1.5999999999999996,-0.08214285714285764,0.3333333333333333,0.5404761904761904,0.45621806259169595,1.0,0.9642857142857143,0.3590662493587657,0.48064681332303033,0.2834421576070794,0.23718495121531208,0.14546474832058637,7147.6060013771075,4948.614143235342,1330.298861357344,34640.2990026474,30.0,4.285714285714286,8.0,2835.5309999999995,185.0544285714286,128.458,4306.935428571428,974.8581428571428,6,1,69,6.8
AS14.31,2014-04-28,7.4,7.133333333333333,6.9,0.34156502553198687,6.4,7.4,1.0,0.10714285714285628,1.0,0.5119047619047619,0.4121661708352013,1.2,0.9071428571428571,0.2588895701333088,0.08819444444444446,0.2656180835330053,0.19226328615229304,0.13394964568084713,2786.994999647142,4718.785000222071,1560.7377026307822,33031.4950015545,32.0,4.571428571428571,8.0,2678.461142857143,200.73957142857142,143.90028571428573,4094.1984285714284,931.3581428571428,0,0,70,7.0
AS14.31,2014-04-29,6.8,7.066666666666666,6.957142857142856,0.26992062325273203,6.5,7.4,0.9000000000000004,0.02499999999999921,0.8,0.5976190476190475,0.39865846463930926,0.8,0.9642857142857143,0.14920423841803096,0.12152777777777779,0.23012301184841752,0.19206121003504487,0.13407266320800354,4473.599998712539,4705.1882856573375,1562.6757100661728,32936.317999601364,32.0,4.571428571428571,7.0,2571.6037142857144,208.4247142857143,120.79514285714286,4039.203142857143,951.412,1,0,71,7.0
AS14.31,2014-04-30,7.0,7.066666666666666,6.957142857142856,0.26992062325273203,6.5,7.4,0.9000000000000004,0.035714285714285116,0.3333333333333333,0.6452380952380953,0.3292407491479007,1.0,0.9642857142857143,0.14920423841803096,0.11588613406795228,0.10853611876339152,0.18817918193655103,0.1361059263659674,3481.923000335693,4706.708285774504,1561.2800186218342,32946.958000421524,34.0,4.857142857142857,7.0,2554.4662857142857,188.1247142857143,100.65657142857143,4068.958857142857,1006.0315714285715,2,0,72,7.0
AS14.31,2014-05-01,7.0,6.933333333333334,6.957142857142856,0.26992062325273203,6.5,7.4,0.9000000000000004,0.04642857142857084,0.4,0.588095238095238,0.3325983961502116,0.8,0.9357142857142857,0.1599851183555457,0.13729645593869727,0.12490345592814245,0.1876044692928729,0.1363450548525155,3463.0360002517714,4375.786571434566,1541.3669230753171,30630.506000041965,34.0,4.857142857142857,7.0,2319.393857142857,191.44357142857143,114.79171428571428,3870.726142857143,1039.808142857143,3,0,73,7.0
AS14.31,2014-05-02,7.0,7.0,7.028571428571428,0.17994708216848943,6.8,7.4,0.6000000000000005,-0.014285714285714792,0.8,0.6666666666666666,0.3030707043774634,1.0,0.9714285714285714,0.13801311186847032,0.04472357377350195,0.09930205459338383,0.17375545602242076,0.14634545107994176,3274.700000047684,4333.052285705294,1571.1652655255634,30331.365999937057,33.0,4.714285714285714,10.0,2179.4697142857144,185.96914285714288,114.15928571428573,3673.0760000000005,1021.1432857142856,4,0,74,7.4
AS14.31,2014-05-03,7.0,7.0,7.028571428571428,0.17994708216848943,6.8,7.4,0.6000000000000005,-0.02142857142857219,1.0,0.6666666666666666,0.3030707043774634,1.0,0.9714285714285714,0.13801311186847032,0.227085562427016,0.13636853071307173,0.17362296596463148,0.14628855240242045,3645.1440002918243,4039.000571523394,1460.6603131563013,28273.004000663757,23.0,3.2857142857142856,11.0,2168.4379999999996,137.11814285714286,212.1052857142857,3533.1257142857144,920.5797142857143,5,1,75,7.2
AS14.31,2014-05-04,7.4,7.133333333333333,7.085714285714286,0.22677868380553842,6.8,7.4,0.6000000000000005,0.01428571428571386,1.0,0.761904761904762,0.2850786580399193,1.2,1.0,0.16329931618554472,0.060900049006504496,0.11090306173567414,0.11365914249084204,0.06010440314652378,688.3180000782023,3116.245142766408,1183.531031106094,21813.715999364857,7.0,1.0,9.0,1742.7685714285712,129.036,204.69685714285717,2790.1274285714285,646.109,6,1,76,7.0
AS14.31,2014-05-06,7.0,7.2,7.085714285714286,0.15735915849389162,7.0,7.4,0.40000000000000036,0.02857142857142772,0.75,0.7261904761904763,0.26524920896610193,1.0,1.0,0.11547005383792448,0.008328883576947317,0.025129008392558674,0.08576839305497765,0.07976063277165636,29.216999769210844,2109.2564287185673,1707.4507351164132,14764.79500102997,4.0,0.5714285714285714,8.0,1260.6707142857142,70.70914285714285,164.7574285714286,1994.6322857142857,485.53157142857145,1,0,78,6.75
AS14.31,2014-05-07,6.875,7.025000000000001,7.067857142857143,0.17482984925486,6.875,7.4,0.5250000000000004,-0.006250000000000733,0.625,0.7678571428571429,0.2105124133880854,1.0,1.0,0.11547005383792448,0.12916444178847367,0.0478838059865484,0.08766529415790927,0.08074806739297785,0.0,1611.8388572420395,1747.6225545703378,11282.872000694277,2.0,0.2857142857142857,4.0,990.9381428571429,51.084428571428575,136.96085714285715,1539.9127142857142,369.6477142857143,2,0,79,7.0
AS14.31,2014-05-08,6.75,6.875,7.0321428571428575,0.2124824922759762,6.75,7.4,0.6500000000000004,-0.050000000000000655,0.5,0.7821428571428573,0.18298126367784992,1.0,1.0285714285714287,0.07559289460184433,0.25,0.12916444178847367,0.10376580045238108,0.10099193260418086,109.07999992370584,1132.7022857666018,1609.837357289154,7928.916000366212,1.0,0.14285714285714285,4.0,774.0732857142857,39.929857142857145,117.52657142857144,1122.2424285714285,231.23899999999998,3,0,80,7.0
AS14.31,2014-05-09,7.0,6.875,7.0321428571428575,0.2124824922759762,6.75,7.4,0.6500000000000004,-0.0580357142857149,1.0,0.8107142857142857,0.2009649341599294,1.0,1.0285714285714287,0.07559289460184433,0.22767267267267266,0.20227903815371548,0.12990138600940546,0.10667838685516404,0.0,664.8880000455039,1336.186533900655,4654.216000318527,1.0,0.14285714285714285,1.0,531.4765714285714,22.582,115.29371428571429,792.6721428571428,177.61714285714288,4,0,81,7.333333333333333
AS14.31,2014-05-10,7.0,6.916666666666667,7.0321428571428575,0.2124824922759762,6.75,7.4,0.6500000000000004,-0.06607142857142952,0.6666666666666666,0.7630952380952379,0.18769170094379395,1.0,1.0285714285714287,0.07559289460184433,0.20534534534534535,0.2276726726726727,0.12679564071202395,0.1036509982340325,0.0,144.15314286095767,249.7877116859818,1009.0720000267037,0.0,0.0,0.0,69.65014285714285,0.0,7.597571428571428,153.408,71.502,5,1,82,7.0
AS14.31,2014-05-11,7.333333333333333,7.111111111111111,7.022619047619047,0.19393072728200558,6.75,7.333333333333333,0.583333333333333,0.018749999999999777,1.0,0.7630952380952382,0.18769170094379398,1.0,1.0,0.0,0.183018018018018,0.20534534534534535,0.1442410648565259,0.10095337500393808,0.0,45.82199999264305,72.27845070491763,320.75399994850136,0.0,0.0,0.0,2.166714285714286,0.0,0.0,30.58542857142857,26.413857142857143,6,1,83,7.0
AS14.31,2014-05-12,7.0,7.111111111111111,6.9940476190476195,0.17747680376042496,6.75,7.333333333333333,0.583333333333333,0.04166666666666578,0.4,0.7059523809523809,0.23057467887797764,1.0,1.0,0.0,0.1606906906906907,0.183018018018018,0.16631715029887825,0.08056230680887172,0.0,19.75671424184524,40.86519536923716,138.2969996929167,0.0,0.0,0.0,1.5764285714285715,0.0,0.0,13.077857142857141,9.496571428571428,0,0,84,7.0
AS14.31,2014-05-13,7.0,7.111111111111111,6.9940476190476195,0.17747680376042496,6.75,7.333333333333333,0.583333333333333,0.043154761904760905,1.0,0.7416666666666666,0.25644470922381857,1.0,1.0,0.0,0.13836336336336336,0.16069069069069072,0.18489350455408055,0.045363838187359215,0.0,15.582857131957978,41.228364686935805,109.07999992370584,0.0,0.0,0.0,1.5764285714285715,0.0,0.0,8.906714285714285,7.330285714285714,1,0,85,7.0
AS14.31,2014-05-14,7.0,7.0,7.011904761904762,0.16961674819970418,6.75,7.333333333333333,0.583333333333333,0.026785714285713653,1.0,0.7952380952380952,0.2669641198173291,1.0,1.0,0.0,0.11603603603603602,0.13836336336336338,0.18301801801801804,0.04823253963229482,0.0,15.582857131957978,41.228364686935805,109.07999992370584,0.0,0.0,0.0,1.5764285714285715,0.0,0.0,8.906714285714285,7.330285714285714,2,0,86,7.0
AS14.32,2014-03-31,8.0,8.0,8.0,0.0,8.0,8.0,0.0,0.0,-1.0,-1.0,0.0,1.5,1.5,0.0,0.16493096458489534,0.16493096458489534,0.16493096458489534,0.0,0.0,0.0,0.0,0.0,27.0,3.857142857142857,2.0,0.0,0.0,0.0,0.0,0.0,0,0,42,8.0
AS14.32,2014-04-01,8.0,8.0,8.0,0.0,8.0,8.0,0.0,0.0,-1.0,-1.0,0.0,1.5,1.5,0.0,0.16493096458489534,0.16493096458489534,0.16493096458489534,0.0,0.0,0.0,0.0,0.0,32.0,4.571428571428571,3.0,0.0,0.0,0.0,0.0,0.0,1,0,43,7.0
AS14.32,2014-04-02,8.0,8.0,8.0,0.0,8.0,8.0,0.0,0.0,-1.0,-1.0,0.0,1.5,1.5,0.0,0.16493096458489534,0.16493096458489534,0.16493096458489534,0.0,2436.446999073029,348.06385701043274,920.8904060195505,2436.446999073029,31.0,4.428571428571429,3.0,207.36714285714288,71.08,1.8855714285714285,304.2962857142857,19.815285714285714,2,0,44,8.0
AS14.32,2014-04-03,7.0,7.666666666666667,7.857142857142857,0.37796447300922714,7.0,8.0,1.0,-0.10714285714285796,0.0,-0.8571428571428571,0.37796447300922725,0.0,1.2857142857142858,0.5669467095138409,0.16493096458489534,0.16493096458489534,0.16493096458489534,0.0,2349.8249983787523,683.7531424931116,1167.9985005136803,4786.271997451781,27.0,3.857142857142857,5.0,364.83585714285715,190.12842857142854,1.8855714285714285,619.893,47.04028571428571,3,0,45,8.0
AS14.32,2014-04-04,8.0,7.666666666666667,7.857142857142857,0.37796447300922714,7.0,8.0,1.0,-0.07142857142857209,-0.25,-0.75,0.4330127018922193,0.5,1.1428571428571428,0.6267831705280087,0.11351887500281606,0.14779360139086892,0.157586380358884,0.019431943345193776,3417.82699894905,1172.014142342976,1501.3423353829705,8204.098996400831,25.0,3.5714285714285716,5.0,665.7882857142857,341.01628571428563,1.8855714285714285,1156.7544285714284,70.25828571428572,4,0,46,8.4
AS14.32,2014-04-05,8.0,7.666666666666667,7.857142857142857,0.37796447300922714,7.0,8.0,1.0,-0.035714285714286975,-0.5,-0.6785714285714286,0.4260840516231733,0.5,1.0,0.6454972243679028,0.07394992125320084,0.11746658694697075,0.14458908845435622,0.03657004632516444,2152.4440014362335,1479.5061425481522,1440.4825057075825,10356.542997837065,21.0,3.0,9.0,872.5391428571429,418.37685714285715,10.646142857142857,1465.5104285714285,85.91242857142856,5,1,47,7.6
AS14.32,2014-04-06,8.4,8.133333333333333,7.914285714285714,0.42983939414844796,7.0,8.4,1.4000000000000004,0.04285714285714233,1.4,-0.33571428571428574,0.8644431182917155,1.4,0.9857142857142858,0.6335839103296196,0.06235701481564245,0.08327527035721978,0.12993566705874868,0.04631319543711767,1989.0150001049053,1763.6511425631386,1288.1143374686653,12345.55799794197,24.0,3.4285714285714284,8.0,1026.8814285714286,509.873,39.044428571428575,1748.9852857142855,112.14242857142858,6,1,48,7.0
AS14.32,2014-04-07,7.6,8.0,7.857142857142857,0.44293394111365664,7.0,8.4,1.4000000000000004,0.021428571428570325,-1.4,-0.39285714285714285,0.9266555326497955,0.0,0.7714285714285715,0.6824326235712106,0.06470613484339814,0.06700435697074715,0.11561783423853478,0.04909971333418813,3776.9419980049147,2303.214285135269,1215.2096733032706,16122.499995946884,24.0,3.4285714285714284,12.0,1348.4502857142857,660.2811428571429,66.03085714285714,2314.2244285714282,159.14642857142857,0,0,49,7.8
AS14.32,2014-04-08,7.0,7.666666666666667,7.714285714285714,0.5398412465054624,7.0,8.4,1.4000000000000004,-0.05000000000000103,-0.5,-0.32142857142857145,0.8906257832076756,-0.5,0.4857142857142857,0.7425823667638298,0.08243160865190323,0.06983158610364794,0.10383221196239305,0.04502207901699481,3663.2620003223415,2826.537428038461,762.481831650973,19785.761996269226,29.0,4.142857142857143,19.0,1556.345,757.4724285714285,66.03085714285714,2706.540857142857,222.84728571428573,1,0,50,7.333333333333333
AS14.32,2014-04-09,7.8,7.466666666666666,7.685714285714285,0.527347359996462,7.0,8.4,1.4000000000000004,-7.44851175740222e-16,0.4,-0.12142857142857143,0.8697974586348358,0.2,0.3,0.5944184833375666,0.07162504736842978,0.07292093028791037,0.0905027952171837,0.03701904018623341,2344.9680016040793,2813.4689998286112,771.0181952653808,19694.282998800278,26.0,3.7142857142857144,19.0,1516.8071428571427,786.0338571428571,71.08514285714286,2741.5814285714287,265.53128571428573,2,0,51,8.25
AS14.32,2014-04-10,7.333333333333333,7.377777777777777,7.733333333333333,0.46666666666666673,7.0,8.4,1.4000000000000004,-0.1357142857142868,0.3333333333333333,-0.0738095238095238,0.8865171732192775,0.0,0.3,0.5944184833375666,0.08153097175156,0.07852920925729767,0.07858851052670722,0.017174331529588343,3849.015000104905,3027.639000075204,826.954511057503,21193.47300052643,36.0,5.142857142857143,19.0,1597.5445714285713,752.5089999999999,71.08514285714286,2873.4239999999995,346.0434285714286,3,0,52,7.666666666666667
AS14.32,2014-04-11,8.25,7.794444444444444,7.769047619047619,0.4989274210028663,7.0,8.4,1.4000000000000004,-0.042261904761905736,0.25,-0.0023809523809523803,0.8900909530839558,0.75,0.3357142857142857,0.6155717435267567,0.08538139252507375,0.07951247054835452,0.07456887017274402,0.008968986419069644,3275.725999593735,3007.338857310159,817.4695095681027,21051.372001171112,36.0,5.142857142857143,18.0,1571.2478571428571,712.3998571428572,71.08514285714286,2758.0994285714287,346.877,4,0,53,8.6
AS14.32,2014-04-12,7.666666666666667,7.75,7.721428571428571,0.4890196434093539,7.0,8.4,1.4000000000000004,-0.020238095238095274,0.3333333333333333,0.11666666666666667,0.8678944294905577,0.3333333333333333,0.31190476190476185,0.611367190213738,0.13364394484509495,0.10018543637390957,0.08309658782872889,0.024024584197408404,2995.0849995613094,3127.7161427565984,727.7142869871092,21894.01299929619,41.0,5.857142857142857,15.0,1559.6284285714287,695.5797142857143,62.32457142857142,2784.0964285714285,378.072,5,1,54,8.0
AS14.32,2014-04-13,8.6,8.172222222222222,7.75,0.5386024439162826,7.0,8.6,1.5999999999999996,0.17083333333333273,0.2,-0.05476190476190475,0.6675490192650224,0.8,0.2261904761904762,0.45560878512092445,0.09256127414546696,0.10386220383854522,0.08741148201870383,0.022331614698914114,1966.7710001468663,3124.5384284768784,733.5406314249057,21871.76899933815,41.0,5.857142857142857,17.0,1528.8071428571427,676.2825714285715,47.12685714285714,2735.7941428571426,384.22271428571423,6,1,55,7.5
AS14.32,2014-04-14,8.0,8.088888888888889,7.807142857142857,0.5412483121911192,7.0,8.6,1.5999999999999996,0.1761904761904753,-1.8,-0.11190476190476192,0.8048875171997113,0.6,0.31190476190476185,0.46235250758467933,0.11486812630776956,0.11369111509944381,0.09457748079932833,0.02187494703217313,2098.6499989032754,2884.782428605216,758.6091685651164,20193.47700023651,46.0,6.571428571428571,13.0,1339.2457142857143,577.8018571428571,25.397428571428573,2393.1235714285717,359.39585714285715,0,0,56,8.0
AS14.32,2014-04-15,7.5,8.033333333333333,7.878571428571428,0.44061344922756424,7.333333333333333,8.6,1.2666666666666666,0.027976190476189634,0.5,0.030952380952380936,0.8132256629226472,0.5,0.45476190476190476,0.29324403402637755,0.09276472686682141,0.10006470910668597,0.09605364054431664,0.021258685987189,3221.0309991836543,2821.606571299689,699.0495403042487,19751.245999097824,38.0,5.428571428571429,5.0,1312.5307142857143,557.1445714285715,25.397428571428573,2328.1304285714286,352.974,1,0,57,8.5
AS14.32,2014-04-16,8.0,7.833333333333333,7.9071428571428575,0.44115349042754015,7.333333333333333,8.6,1.2666666666666666,0.029761904761904448,0.0,-0.02619047619047621,0.7968605728022768,0.5,0.49761904761904757,0.2708745389899458,0.12035484073371026,0.10932923130276707,0.10301503959649957,0.01985847849222635,2937.6469998359667,2906.2749996185303,666.8484853464361,20343.924997329712,45.0,6.428571428571429,7.0,1357.3137142857142,581.9518571428571,18.45757142857143,2369.239,325.3745714285714,2,0,58,8.5
AS14.32,2014-04-17,8.5,8.0,8.073809523809524,0.40732382500008246,7.5,8.6,1.0999999999999996,0.011309523809523062,0.75,0.03333333333333331,0.8424501304066743,0.75,0.6047619047619047,0.1712465965366806,0.13353057634705043,0.11555004798252737,0.11044355453871248,0.020205230265283567,3457.3769998550397,2850.32671386855,586.1121402729624,19952.28699707985,37.0,5.285714285714286,5.0,1354.0982857142858,593.8811428571428,18.45757142857143,2326.843,248.5697142857143,3,0,59,7.0
AS14.32,2014-04-20,7.0,7.5,7.785714285714286,0.6362090102803515,7.0,8.5,1.5,-0.1250000000000007,-1.25,-0.32857142857142857,1.009066046259751,0.5833333333333333,0.6333333333333334,0.1848422751068232,0.047567897669984816,0.08261111585330445,0.10133594540218072,0.03345916155803579,1028.5240001678465,2316.8229997839244,933.5445992290973,16217.76099848747,32.0,4.571428571428571,3.0,1226.5044285714287,489.3517142857143,54.78928571428571,2159.4010000000003,319.2432857142857,6,1,62,7.0
AS14.32,2014-04-22,7.0,7.0,7.571428571428571,0.7319250547113998,7.0,8.5,1.5,-0.2678571428571441,-1.75,-0.6071428571428571,1.008889063701824,-0.25,0.4642857142857143,0.4049952641959703,0.029860055442116274,0.04421993056739575,0.0838300940961252,0.04387428051952185,2662.706000089645,2096.8890000752035,964.6594066217773,14678.223000526425,24.0,3.4285714285714284,3.0,1203.1550000000002,429.4041428571428,49.53228571428571,1998.0432857142857,262.6464285714286,1,0,64,7.0
AS14.32,2014-04-23,7.0,7.0,7.428571428571429,0.7319250547114,7.0,8.5,1.5,-0.26785714285714357,-0.975,-0.7464285714285713,0.9779260123926994,-0.125,0.375,0.46085166730658467,0.12540065280144733,0.07016418227788325,0.08455092439151622,0.044609662642682665,2850.398999929428,2084.4250000885554,952.4724380397403,14590.975000619886,19.0,2.7142857142857144,1.0,1259.5502857142858,401.4557142857143,49.53228571428571,2055.2055714285716,275.6754285714286,2,0,65,8.0
AS14.32,2014-04-24,7.0,7.0,7.214285714285714,0.5669467095138416,7.0,8.5,1.5,-0.16071428571428675,-0.2,-0.8821428571428571,0.7819199508413951,0.0,0.26785714285714285,0.4460845235114101,0.11251810370003702,0.08925960398120021,0.08154914258480002,0.04135257743125472,3108.896998882293,2034.642142806734,874.6827828654848,14242.494999647139,15.0,2.142857142857143,2.0,1229.823285714286,404.0295714285715,64.71414285714286,2040.363285714286,282.49728571428574,3,0,66,8.0
AS14.32,2014-04-26,8.0,7.666666666666667,7.285714285714286,0.4879500364742665,7.0,8.0,1.0,0.17857142857142783,0.0,-0.8107142857142857,0.7376563595346448,1.0,0.26785714285714285,0.4460845235114101,0.13350209975654284,0.10267255119293713,0.0808682997260637,0.04179165054976957,2997.282000541687,2389.5784284046717,910.3050936569614,16727.048998832703,24.0,3.4285714285714284,2.0,1402.9431428571427,409.4347142857143,62.87114285714286,2207.182142857143,273.4764285714286,5,1,68,7.0
AS14.32,2014-04-27,7.5,7.833333333333333,7.357142857142857,0.4755948656056709,7.0,8.0,1.0,0.16071428571428528,-0.25,-0.6678571428571428,0.7352315799736002,0.5,0.25595238095238093,0.437287363292421,0.18462745393003588,0.1267090012696034,0.10044823633464242,0.053933107047681096,1920.2999999523174,2516.974999802453,733.2662162301772,17618.824998617172,22.0,3.142857142857143,2.0,1527.9614285714285,455.371,36.15714285714286,2301.1338571428573,196.47357142857143,6,1,69,7.5
AS14.32,2014-04-28,7.0,7.5,7.357142857142857,0.4755948656056709,7.0,8.0,1.0,0.0714285714285706,-0.5,-0.525,0.6372139881285306,0.0,0.23214285714285715,0.4473799386693699,0.04827651631167715,0.12213535666608528,0.09945461886629829,0.05495928042703789,2427.4599995613103,2704.121142591749,414.3703324200271,18928.847998142242,26.0,3.7142857142857144,2.0,1666.4698571428569,505.94428571428574,93.75842857142857,2525.246,216.8522857142857,0,0,70,8.0
AS14.32,2014-04-29,7.5,7.333333333333333,7.428571428571429,0.44986770542121873,7.0,8.0,1.0,0.03571428571428474,0.25,-0.2392857142857143,0.40100320625722186,0.25,0.30357142857142855,0.39434243035837785,0.06371385793880942,0.09887260939350749,0.10429087636582587,0.04897858045038328,2790.456000328065,2722.3711426258087,415.0549542856706,19056.59799838066,32.0,4.571428571428571,2.0,1642.0145714285713,527.9181428571429,93.75842857142857,2544.7647142857145,230.73514285714285,1,0,71,7.0
AS14.32,2014-04-30,8.0,7.5,7.571428571428571,0.449867705421219,7.0,8.0,1.0,0.035714285714285116,1.0,0.04285714285714285,0.4834154281676133,0.6666666666666666,0.4166666666666667,0.3632415786283891,0.10983779706651794,0.07394272377233485,0.10206761126083597,0.048207802569736904,1889.5689995288858,2585.10971399716,512.9826295368603,18095.767997980118,34.0,4.857142857142857,2.0,1565.3985714285714,503.831,93.75842857142857,2386.1145714285713,191.11114285714285,2,0,72,7.0
AS14.32,2014-05-01,7.0,7.5,7.571428571428571,0.449867705421219,7.0,8.0,1.0,-0.10714285714285833,0.0,0.07142857142857142,0.4724555912615348,0.6666666666666666,0.511904761904762,0.3206928676224576,0.08127054335939998,0.08494073278824245,0.09760367406931639,0.04852451522330871,1716.7969996929162,2386.238285541535,544.9269070041272,16703.667998790745,37.0,5.285714285714286,4.0,1469.2795714285712,487.3227142857143,78.57657142857143,2247.2505714285717,191.164,3,0,73,7.25
AS14.32,2014-05-02,7.0,7.333333333333333,7.428571428571429,0.4498677054212185,7.0,8.0,1.0,-0.10714285714285815,-1.0,-0.07142857142857142,0.6244044781877793,0.0,0.4404761904761905,0.37488975451768186,0.1479701336183231,0.11302615801474702,0.10988548599732947,0.04888907205778691,3663.209999322892,2486.4391427040105,708.3750640850488,17405.073998928074,37.0,5.285714285714286,4.0,1471.854857142857,521.7688571428572,62.528,2282.8512857142855,191.14985714285714,4,0,74,7.5
AS14.32,2014-05-03,7.25,7.083333333333333,7.321428571428571,0.37400662077154706,7.0,8.0,1.0,-0.0446428571428577,-0.25,-0.10714285714285714,0.6267831705280092,0.0,0.2976190476190476,0.31127405030219607,0.09364718407023619,0.10762928701598644,0.10419192661357138,0.04799282910820776,2648.734000682831,2436.6465712956024,678.0849851917965,17056.525999069218,41.0,5.857142857142857,3.0,1414.450857142857,542.4062857142857,57.60128571428571,2196.5997142857145,158.51899999999998,5,1,75,8.666666666666666
AS14.32,2014-05-04,7.5,7.25,7.321428571428571,0.37400662077154706,7.0,8.0,1.0,-5.586383818051665e-16,-1.0,-0.21428571428571427,0.7133922984085068,0.5,0.2976190476190476,0.31127405030219607,0.08217935897341168,0.10793222555399033,0.08955648447691078,0.03249403993694824,703.0309996604916,2262.7509998253418,938.6095179301436,15839.256998777391,43.0,6.142857142857143,3.0,1267.6877142857143,509.51128571428575,57.60128571428571,2040.2372857142855,179.51314285714284,6,1,76,7.0
AS14.32,2014-05-06,7.0,7.722222222222221,7.488095238095238,0.6354288640515485,7.0,8.666666666666666,1.666666666666666,0.029761904761904264,-0.5,-0.20238095238095238,0.7230611732885821,0.0,0.40476190476190477,0.40662503039522185,0.035089340366364026,0.0778498823319477,0.09518218644433148,0.03517249335257813,3794.6740005016286,2141.6528569970806,1295.5751903164482,14991.569998979565,54.0,7.714285714285714,4.0,1254.0421428571428,487.1905714285714,20.662,2014.4107142857142,212.2192857142857,1,0,78,6.0
AS14.32,2014-05-07,6.5,7.388888888888888,7.273809523809524,0.6850153514674185,6.5,8.666666666666666,2.166666666666666,-0.002976190476190799,-0.75,-0.45238095238095244,0.5088502445991079,-0.125,0.2916666666666667,0.4310033513661914,0.13699520686156688,0.09612183162799944,0.09906181641505274,0.038407479272831495,2456.065999507905,2222.5809998512264,1294.897309018991,15558.066998958584,58.0,8.285714285714286,4.0,1283.0511428571428,531.6834285714286,20.662,2116.235571428572,236.33185714285713,2,0,79,6.0
AS14.32,2014-05-08,6.0,6.5,7.1309523809523805,0.8386733666171917,6.0,8.666666666666666,2.666666666666666,-0.17857142857142877,-1.0,-0.5952380952380952,0.5009910812500198,-0.25,0.16071428571428573,0.437287363292421,0.06833858284161863,0.08014104335651655,0.09721439348394112,0.039695305491581956,2618.816998958587,2351.440999746322,1280.9830509280405,16460.086998224255,56.0,8.0,1.0,1356.9361428571428,532.3214285714286,20.805857142857143,2185.4297142857145,229.00414285714285,3,0,80,7.75
AS14.32,2014-05-09,6.0,6.166666666666667,6.988095238095238,0.9433350159836908,6.0,8.666666666666666,2.666666666666666,-0.3184523809523812,-1.0,-0.5952380952380952,0.5009910812500198,-0.25,0.12500000000000003,0.46210568776705874,0.11164228256716867,0.10565869075678475,0.09202470047663334,0.03390622386489539,3074.441000461576,2267.3311427661342,1197.0780590730785,15871.317999362938,60.0,8.571428571428571,3.0,1314.0842857142857,508.52585714285715,20.805857142857143,2142.697,249.2502857142857,4,0,81,7.25
AS14.32,2014-05-10,7.75,6.583333333333333,7.059523809523809,0.9845029363826346,6.0,8.666666666666666,2.666666666666666,-0.19940476190476286,-0.25,-0.5952380952380952,0.5009910812500198,0.75,0.23214285714285715,0.5124927409474297,0.07747990835600949,0.08582025792159893,0.08971508966031524,0.034325332022232716,4454.2859976291675,2525.2671423298966,1458.8558196505849,17676.869996309277,59.0,8.428571428571429,3.0,1411.941,563.72,20.805857142857143,2409.6925714285712,294.9295714285714,5,1,82,7.2
AS14.32,2014-05-11,7.25,7.0,7.023809523809524,0.9702928702037608,6.0,8.666666666666666,2.666666666666666,-0.11607142857142942,-0.75,-0.5595238095238095,0.4755948656056713,0.5,0.23214285714285715,0.5124927409474297,0.1316329685785362,0.10691838650057146,0.09677989103247589,0.03746178478939037,3576.557000398636,2935.77085672106,1249.97563472888,20550.39599704742,63.0,9.0,3.0,1578.5711428571428,682.2074285714285,64.16085714285714,2804.876285714286,304.56928571428574,6,1,83,7.2
AS14.33,2014-04-15,7.0,7.0,7.0,0.0,7.0,7.0,0.0,-9.310639696752773e-16,0.3333333333333333,0.3333333333333333,0.0,0.3333333333333333,0.3333333333333333,0.0,0.09502751346574717,0.09502751346574717,0.09502751346574717,0.0,0.0,0.0,0.0,0.0,27.0,3.857142857142857,2.0,0.0,0.0,0.0,0.0,0.0,1,0,57,7.0
AS14.33,2014-04-16,7.0,7.0,7.0,0.0,7.0,7.0,0.0,-9.310639696752773e-16,0.3333333333333333,0.3333333333333333,0.0,0.3333333333333333,0.3333333333333333,0.0,0.09502751346574717,0.09502751346574717,0.09502751346574717,0.0,0.0,0.0,0.0,0.0,24.0,3.4285714285714284,3.0,0.0,0.0,0.0,0.0,0.0,2,0,58,7.2
AS14.33,2014-04-17,7.0,7.0,7.0,0.0,7.0,7.0,0.0,-9.310639696752773e-16,0.3333333333333333,0.3333333333333333,0.0,0.3333333333333333,0.3333333333333333,0.0,0.09502751346574717,0.09502751346574717,0.09502751346574717,0.0,1056.3150007724769,150.9021429674967,399.24954259871066,1056.3150007724769,21.0,3.0,3.0,483.4474285714286,8.894285714285715,354.37157142857143,604.7018571428572,69.54828571428571,3,0,59,7.4
AS14.33,2014-04-18,7.2,7.066666666666666,7.028571428571429,0.07559289460184554,7.0,7.2,0.20000000000000018,0.0214285714285707,-0.6,0.19999999999999998,0.3527668414752787,1.4,0.4857142857142857,0.4031621045431757,0.07217218985162761,0.08740907226104065,0.09176246723515866,0.008638500345266044,5403.448001384735,922.8232860224589,2014.6063289531542,6459.763002157212,17.0,2.4285714285714284,3.0,1260.1301428571428,19.90757142857143,1008.8907142857144,1644.4279999999999,259.2528571428571,4,0,60,7.666666666666667
AS14.33,2014-04-19,7.4,7.2,7.085714285714286,0.15735915849388887,7.0,7.4,0.40000000000000036,0.05714285714285656,-0.8,0.03809523809523806,0.5075097413509789,0.8,0.5523809523809523,0.41224639470478086,0.03685191214565248,0.06801720515434241,0.08345166704657371,0.02224396871146085,1898.5800008773801,1194.0490004335131,1997.3894043727553,8358.343003034592,18.0,2.5714285714285716,3.0,1892.5435714285716,19.90757142857143,1529.4838571428572,2408.3545714285715,366.0547142857143,5,1,61,7.4
AS14.33,2014-04-20,7.666666666666667,7.422222222222222,7.180952380952381,0.2630709965130125,7.0,7.666666666666667,0.666666666666667,0.10714285714285628,0.0,-0.009523809523809545,0.4905455337019395,1.0,0.6476190476190476,0.42983939414844796,0.2593056365681861,0.12277657952182207,0.10691997034692213,0.07059751461846536,2988.096000432969,1620.919857638223,2018.8572311194307,11346.439003467562,19.0,2.7142857142857144,3.0,2156.4234285714288,20.910428571428575,1684.597142857143,2830.421142857143,503.32514285714285,6,1,62,7.2
AS14.33,2014-04-21,7.4,7.48888888888889,7.238095238095239,0.26064632730293413,7.0,7.666666666666667,0.666666666666667,0.1047619047619045,0.0,-0.05714285714285716,0.4673464436718208,1.2,0.7714285714285714,0.44863107479290965,0.030758153108671048,0.10897190060750321,0.0977386331530541,0.07634697945074645,2651.545999526979,1999.7121432849344,1909.8486418064501,13997.985002994541,18.0,2.5714285714285716,3.0,2997.192857142857,29.137,2458.888428571429,3766.137142857143,580.9225714285715,0,0,63,6.2
AS14.33,2014-04-22,7.2,7.422222222222222,7.266666666666667,0.24037008503093346,7.0,7.666666666666667,0.666666666666667,0.06666666666666556,0.0,-0.10476190476190476,0.43692044001107444,0.6,0.8095238095238094,0.4153152687859821,0.03946064627478817,0.10984147865054844,0.0898005092686314,0.07949952257352404,1902.5869996547685,2271.5102860927586,1701.8909107297452,15900.572002649309,16.0,2.2857142857142856,3.0,3633.931857142857,46.02271428571429,2921.5135714285716,4489.753714285714,640.8427142857144,1,0,64,5.2
AS14.33,2014-04-23,6.2,6.933333333333334,7.152380952380953,0.4693798678229185,6.2,7.666666666666667,1.4666666666666668,-0.0857142857142867,-0.6,-0.23809523809523814,0.42314018840996304,-0.2,0.7333333333333334,0.5456901847914967,0.08549666518980883,0.05190515485775602,0.0884389595149259,0.07947669397729647,3832.8650000095367,2819.0624289512634,1446.7188249592868,19733.437002658844,19.0,2.7142857142857144,2.0,4291.304,56.648142857142865,3485.224857142857,5335.451285714285,786.9514285714286,2,0,65,7.0
AS14.33,2014-04-24,5.2,6.2,6.895238095238095,0.8801154325446034,5.2,7.666666666666667,2.466666666666667,-0.3166666666666674,-0.2,-0.3142857142857142,0.3436498771936898,-0.6,0.6,0.7393691004272944,0.007715200197129401,0.044224170553908794,0.07596577190512337,0.08493440873654047,1390.136000633241,2866.7511432170872,1383.0283739356157,20067.25800251961,15.0,2.142857142857143,1.0,4159.774142857143,50.93457142857143,3443.3112857142855,5160.879714285714,782.6832857142857,3,0,66,8.4
AS14.33,2014-04-25,7.0,6.133333333333334,6.866666666666666,0.8717797887081346,5.2,7.666666666666667,2.466666666666667,-0.26190476190476236,-0.25,-0.2642857142857143,0.3197841533939803,1.0,0.5428571428571428,0.680336051416609,0.13427262029035048,0.07582816189242957,0.08483726196779807,0.08767125781087992,3412.133000373839,2582.277571644102,891.8836646932212,18075.943001508713,18.0,2.5714285714285716,4.0,4151.869142857143,50.672285714285714,3315.5812857142855,5104.503857142858,766.9075714285716,4,0,67,7.6
AS14.33,2014-04-26,8.4,6.866666666666667,7.009523809523809,1.0395359159908428,5.2,8.4,3.2,-0.02142857142857219,0.8,-0.03571428571428571,0.42692142691823837,0.9,0.5571428571428572,0.6876460883747851,0.14645039109659086,0.09614607052802356,0.10049418753221784,0.08745961480728288,4704.574997901916,2983.1339997904643,1131.7126912637075,20881.93799853325,46.0,6.571428571428571,5.0,3958.5868571428573,61.43414285714285,3130.522285714286,5064.751714285713,921.7641428571429,5,1,68,6.2
AS14.33,2014-04-27,7.6,7.666666666666667,7.0,1.0327955589886444,5.2,8.4,3.2,0.13571428571428457,0.4,0.021428571428571432,0.45812765948035966,1.0,0.5571428571428572,0.6876460883747851,0.33928663596710834,0.2066698824513499,0.11192004458920672,0.1131238340283547,5509.553000450134,3343.3421426500595,1480.9434321613694,23403.394998550415,62.0,8.857142857142858,9.0,4092.535,70.47485714285715,3325.913857142857,5316.853999999999,1038.9862857142857,6,1,69,6.75
AS14.33,2014-04-28,6.2,7.3999999999999995,6.828571428571428,1.0546947199929235,5.2,8.4,3.2,0.10714285714285628,-1.2,-0.14999999999999997,0.6512807894193308,0.4,0.4428571428571429,0.6267831705280087,0.05465430293341842,0.18013044333237252,0.11533378027845635,0.11059878567058298,2702.7660012245187,3350.659285749708,1477.0771702257725,23454.615000247955,66.0,9.428571428571429,9.0,3914.929142857143,71.00871428571429,3066.4827142857143,5200.846142857142,1099.6951428571429,0,0,70,6.2
AS14.33,2014-04-29,6.75,6.849999999999999,6.764285714285714,1.041919017052303,5.2,8.4,3.2,0.15178571428571389,-1.25,-0.32857142857142857,0.7647750992160718,0.75,0.4642857142857143,0.6355537518011922,0.08282125906813986,0.1589207326562222,0.12152815353464945,0.10678973741461827,5842.13100028038,3913.451285839081,1580.2908968399383,27394.159000873566,68.0,9.714285714285714,10.0,4230.888571428571,58.85671428571429,3375.802857142857,5716.973857142858,1276.347857142857,1,0,71,6.4
AS14.33,2014-04-30,6.2,6.383333333333333,6.764285714285713,1.041919017052303,5.2,8.4,3.2,0.010714285714284977,-0.4,-0.3,0.7566372975210778,0.4,0.55,0.5678908345800273,0.07974379446161027,0.07240645215438951,0.12070631485919252,0.10713482524498408,6268.2469985485095,4261.362999916077,1810.855538385011,29829.540999412537,64.0,9.142857142857142,11.0,4330.233714285714,54.29828571428572,3430.2484285714286,5862.388142857142,1304.0811428571428,2,0,72,7.0
AS14.33,2014-05-03,7.444444444444445,6.948148148148147,6.79920634920635,0.5741376479562236,6.2,7.6,1.3999999999999995,0.02797619047618982,-0.4,-0.6357142857142858,0.5793058243235935,0.7999999999999999,0.6357142857142858,0.23929459827147115,0.34059246242786234,0.17719645772028855,0.15544219508444893,0.13536984232007285,518.7479999065397,4050.289571523667,2273.0241926489102,28352.02700066567,38.0,5.428571428571429,10.0,4018.945857142857,55.65642857142858,3275.200857142857,5487.924714285714,1177.1501428571428,5,1,75,8.333333333333334
AS14.33,2014-05-04,7.888888888888889,7.444444444444444,6.840476190476191,0.6470470617032337,6.2,7.888888888888889,1.688888888888889,0.25912698412698365,-0.2,-0.7214285714285714,0.4241237465421529,0.9,0.6214285714285713,0.21574897229794407,0.3010467841960698,0.2731208122839281,0.1499793591171577,0.12724188588919655,2238.9639997482295,3583.0625714233947,2259.1730406946795,25081.437999963764,23.0,3.2857142857142856,7.0,3707.3201428571433,45.9,2997.52,5006.832571428572,1026.6131428571427,6,1,76,7.0
AS14.33,2014-05-06,7.0,7.7407407407407405,7.180952380952381,0.7677049942913284,6.2,8.333333333333334,2.1333333333333337,0.2555555555555552,-2.0,-0.6571428571428571,0.6704653678780206,0.6666666666666666,0.6952380952380952,0.23128351323011226,0.035409553561762126,0.22658939787744103,0.18444305160782842,0.14476151673009985,726.988999605179,2960.77299952507,2243.7318538252825,20725.41099667549,34.0,4.857142857142857,7.0,2855.7650000000003,61.62157142857143,2284.6758571428572,4109.888285714286,966.563,1,0,78,5.0
AS14.33,2014-05-07,6.0,7.111111111111111,7.152380952380952,0.8127004794947273,6.0,8.333333333333334,2.333333333333334,-0.01111111111111136,-1.125,-0.7607142857142856,0.6800516436971814,0.08333333333333337,0.65,0.3146132252170615,0.07693851650731015,0.15188664198118781,0.184042297614357,0.1451031510971072,3157.7999999523163,2516.423428297043,1728.356897255742,17614.9639980793,39.0,5.571428571428571,7.0,3090.5745714285717,102.73342857142858,2294.1192857142855,4354.675857142857,961.2579999999999,2,0,79,6.6
AS14.33,2014-05-08,5.0,6.0,6.952380952380952,1.1364828113447514,5.0,8.333333333333334,3.333333333333334,-0.3492063492063496,-0.25,-0.6535714285714285,0.6949862965418472,-0.5,0.5214285714285715,0.538233933523117,0.0017596021459431205,0.03803589073833846,0.1823974235630416,0.14740854883320847,566.3499999046327,2313.977714027677,1877.727462223581,16197.843998193739,39.0,5.571428571428571,8.0,2778.9535714285716,106.17628571428573,2048.8661428571427,3985.180857142857,932.3531428571429,3,0,80,4.8
AS14.33,2014-05-09,6.6,5.866666666666666,6.895238095238095,1.1437224825061394,5.0,8.333333333333334,3.333333333333334,-0.380158730158731,-0.8,-0.6821428571428572,0.6965262446769752,0.4,0.4785714285714286,0.5335688963908664,0.07781417175139171,0.052170763468214996,0.1681247066378329,0.15267913881618517,3200.0970005989066,1981.5469997610362,1344.2821332820947,13870.828998327253,38.0,5.428571428571429,7.0,2622.496428571428,93.83557142857144,1893.114857142857,3733.529428571429,830.5671428571428,4,0,81,7.6
AS14.33,2014-05-10,4.8,5.466666666666666,6.517460317460317,1.350184519364508,4.8,8.333333333333334,3.533333333333334,-0.5261904761904771,0.2,-0.5964285714285714,0.7700687971739619,-0.2,0.33571428571428574,0.5660477479065283,0.01545167623838937,0.0316751500452414,0.12167602289647964,0.1404321202888202,2812.0640003681183,2309.1635712555476,1200.0844395337422,16164.144998788832,36.0,5.142857142857143,6.0,3191.1884285714286,107.76442857142855,2364.368428571429,4381.855571428571,904.7700000000001,5,1,82,6.0
AS14.33,2014-05-11,7.6,6.333333333333332,6.476190476190476,1.304935685333626,4.8,8.333333333333334,3.533333333333334,-0.21428571428571536,-0.4,-0.625,0.7564996144524244,1.0,0.35000000000000003,0.5836507073140133,0.09496808411522166,0.06274464403500092,0.09223620859921562,0.11604568624513736,3509.133000373838,2490.616285630634,1280.998244219858,17434.31399941444,38.0,5.428571428571429,5.0,3599.8869999999997,119.83971428571428,2662.4641428571426,4873.078714285714,952.7435714285714,6,1,83,6.0
AS14.33,2014-05-12,6.0,6.133333333333333,6.142857142857143,1.0179344164485602,4.8,7.6,2.8,-7.44851175740222e-16,0.0,-0.625,0.7564996144524244,0.4,0.2642857142857143,0.5119342922453225,0.011163426997135429,0.04052772911691549,0.044786433045307654,0.037800032270302604,1572.384000539779,2220.688143048967,1240.665545971496,15544.81700134277,27.0,3.857142857142857,4.0,3712.0534285714284,119.31671428571428,2747.027142857143,4787.776,785.4707142857143,0,0,84,5.0
AS14.33,2014-05-13,6.0,6.533333333333332,6.0,0.9451631252505183,4.8,7.6,2.8,0.10714285714285685,-0.75,-0.44642857142857145,0.4717936897779428,0.5,0.2404761904761905,0.493650155667428,0.0240174121696935,0.043382974427350195,0.043158984275012136,0.03850961107437707,811.0920004844663,2232.702857460294,1224.0860306255584,15628.920002222058,22.0,3.142857142857143,4.0,3589.4504285714283,110.12271428571428,2715.9824285714285,4584.450428571429,722.9931428571429,1,0,85,6.833333333333333
AS14.33,2014-05-14,5.0,5.666666666666667,5.857142857142857,1.0179344164485593,4.8,7.6,2.8,-7.44851175740222e-16,0.5,-0.21428571428571427,0.48193558154789184,0.0,0.2285714285714286,0.49904671028634057,0.1399638802889577,0.05838157315192888,0.05216260767239035,0.05253667817988995,3153.0439991950975,2232.023428780691,1223.4881503986403,15624.164001464838,15.0,2.142857142857143,3.0,3020.9167142857145,82.00328571428572,2359.233714285714,3924.359857142857,677.4885714285714,2,0,86,6.0
AS14.33,2014-05-15,6.833333333333333,5.944444444444444,6.1190476190476195,0.9962628581552546,4.8,7.6,2.8,-0.017857142857143304,-0.3333333333333333,-0.2261904761904762,0.4839897021074226,0.3333333333333333,0.3476190476190476,0.38193326101953423,0.003985507246376809,0.055988933235009336,0.05248059411530946,0.052186328919839264,497.67499971389844,2222.2127144677293,1239.2445464832413,15555.489001274105,14.0,2.0,2.0,2945.583142857143,83.71828571428571,2261.9288571428574,3855.5995714285714,674.6157142857144,3,0,87,7.0
AS14.33,2014-05-16,6.0,5.944444444444444,6.033333333333333,0.973538791100679,4.8,7.6,2.8,0.03809523809523783,0.0,-0.11190476190476188,0.41552223786306564,0.3333333333333333,0.3380952380952381,0.38123997081092525,0.12253135428946205,0.08882691394159885,0.058868763049319504,0.0581952682578303,4853.650998592375,2458.4347141810817,1570.1362048128858,17209.04299926757,14.0,2.0,4.0,3312.536285714286,107.30914285714286,2463.4524285714288,4305.207714285714,759.7182857142858,4,0,88,6.0
AS14.33,2014-05-17,7.0,6.611111111111111,6.347619047619048,0.8571825387640025,5.0,7.6,2.5999999999999996,-0.03452380952381025,0.4,-0.08333333333333333,0.4462809279665294,1.0,0.5095238095238095,0.3685377942899557,0.05178134704555442,0.05943273619379776,0.06405871602177164,0.05522193742990448,2327.381000280379,2389.194285597119,1562.6114869671355,16724.359999179833,25.0,3.5714285714285716,2.0,3061.226428571429,108.16414285714286,2260.1327142857144,4032.405428571429,733.0770000000001,5,1,89,6.0
AS14.33,2014-05-18,6.0,6.333333333333333,6.1190476190476195,0.657677491282526,5.0,7.0,2.0,0.10714285714285637,0.25,0.009523809523809537,0.4369355769592336,0.375,0.4202380952380952,0.29906711214397574,0.016673567202696287,0.06366208951257092,0.05287378503426803,0.05584355940986199,1351.7259993553162,2080.993285451616,1516.9976202945961,14566.952998161312,22.0,3.142857142857143,3.0,3055.9281428571435,112.95657142857144,2317.5945714285713,3946.228,666.8804285714286,6,1,90,6.2
AS14.33,2014-05-19,6.0,6.333333333333333,6.1190476190476195,0.657677491282526,5.0,7.0,2.0,0.07738095238095183,-0.6,-0.07619047619047617,0.49421253701826673,0.2,0.39166666666666666,0.3106519429033551,0.017732347673809202,0.028729087307353306,0.05381220227379285,0.055075737291391015,2640.536000967026,2233.5864283697942,1511.0207727893255,15635.104998588558,22.0,3.142857142857143,3.0,3421.7588571428573,108.481,2641.8672857142856,4389.669857142858,746.6562857142857,0,0,91,6.25
AS14.33,2014-05-20,6.2,6.066666666666666,6.147619047619047,0.6559858689922025,5.0,7.0,2.0,0.06904761904761854,-0.2,0.0023809523809523963,0.4048809348790967,0.2,0.3488095238095238,0.3138924005984199,0.009146799328914145,0.014517571401806545,0.051687829010824374,0.05667994795295783,744.3660001754758,2224.054142611367,1521.6632177702302,15568.378998279568,21.0,3.0,3.0,3276.398857142857,105.833,2529.6352857142856,4233.761,733.0755714285714,1,0,92,6.0
AS14.33,2014-05-21,6.25,6.1499999999999995,6.326190476190476,0.41875666305999065,6.0,7.0,1.0,-0.08392857142857245,-0.5,-0.14047619047619045,0.37538340188758795,0.5,0.4202380952380952,0.27587642928094464,0.018382148211167647,0.015087098404630331,0.03431901014256865,0.0417942880104868,491.244000673294,1843.796999965395,1582.2027926556555,12906.578999757765,20.0,2.857142857142857,3.0,3178.8412857142857,91.64914285714285,2536.670857142857,4031.374285714286,646.3752857142856,2,0,93,5.75
AS14.33,2014-05-22,6.0,6.1499999999999995,6.207142857142856,0.3656370826249318,6.0,7.0,1.0,-0.04642857142857196,-0.6666666666666666,-0.1880952380952381,0.4221543387367772,-0.16666666666666666,0.34880952380952385,0.35539585947393465,0.017180909720209924,0.01490328575343057,0.03620406763883053,0.04047487710009178,1765.7400000095377,2024.9491428647718,1471.0840575386292,14174.644000053402,20.0,2.857142857142857,3.0,3390.0651428571427,108.42585714285714,2720.1158571428573,4277.387142857143,669.1075714285714,3,0,94,5.833333333333333
AS14.33,2014-05-23,5.75,6.0,6.171428571428571,0.3998511627855384,5.75,7.0,1.25,-0.1250000000000007,0.5,-0.11666666666666667,0.49525526527012076,0.25,0.33690476190476193,0.35739078695900145,0.011538005032521467,0.015700354321299678,0.020347874887839013,0.014290884867326511,1511.53900027275,1547.5045716762543,780.0526031497018,10832.53200173378,19.0,2.7142857142857144,1.0,2865.6525714285717,73.58071428571428,2396.7452857142857,3492.1415714285718,483.64242857142864,4,0,95,6.4
AS14.33,2014-05-24,5.833333333333333,5.861111111111111,6.004761904761905,0.17917358790616555,5.75,6.25,0.5,-0.04285714285714345,-0.8333333333333334,-0.2928571428571428,0.5001719281126817,0.0,0.19404761904761905,0.2226063148892482,0.02058661677305743,0.016435177175262942,0.01589148484891087,0.004048750471680005,788.3319995403285,1327.6404287133898,739.4419565849803,9293.483000993729,9.0,1.2857142857142858,2.0,2795.4284285714284,65.10614285714287,2258.889857142857,3372.894714285714,443.10942857142857,5,1,96,6.25
AS14.33,2014-05-25,6.4,5.9944444444444445,6.061904761904762,0.23307809168901095,5.75,6.4,0.6500000000000004,-0.0011904761904763567,-0.9,-0.4571428571428572,0.4806300978978439,0.3,0.18333333333333332,0.2140872096444181,0.014286099512012292,0.015470240439197064,0.015550418035956016,0.004072378616302489,2884.774999856949,1546.6474287850517,945.9550674956247,10826.532001495361,7.0,1.0,1.0,3125.120857142857,51.96399999999999,2326.3872857142856,3679.393,427.48542857142854,6,1,97,5.4
AS14.33,2014-05-26,6.25,6.161111111111111,6.097619047619047,0.24102953780653613,5.75,6.4,0.6500000000000004,0.010119047619046799,-0.75,-0.47857142857142865,0.4912865089359099,0.375,0.20833333333333334,0.22623119934163646,0.16147019196659632,0.06544763608388868,0.03608439579206846,0.05543136223470741,3729.5949985980988,1702.2272855894905,1208.8712489772745,11915.590999126434,9.0,1.2857142857142858,2.0,2998.5252857142864,41.899142857142856,2089.5218571428572,3592.262,467.6448571428572,0,0,98,6.2
AS14.33,2014-05-27,5.4,6.016666666666666,5.983333333333334,0.34960294939004155,5.4,6.4,1.0,-0.05000000000000084,-0.4,-0.5071428571428572,0.47802227040723855,0.0,0.17976190476190476,0.2396881240808491,0.11520148444226025,0.09698592530695628,0.05123506509397505,0.061050383108779506,1749.6249990463248,1845.8357139996117,1133.4756882995057,12920.849997997282,19.0,2.7142857142857144,5.0,3216.762,65.57071428571429,2203.0587142857144,3921.253142857143,547.5507142857142,1,0,99,8.2
AS14.33,2014-05-28,6.2,5.949999999999999,5.976190476190476,0.343707609218816,5.4,6.4,1.0,0.011309523809523528,-0.6,-0.5214285714285715,0.4792658627481904,0.4,0.16547619047619047,0.21955492497178186,0.012704237112874092,0.09645863784057689,0.05042393493707597,0.061594914155111084,1943.018000602722,2053.2319997038157,964.5409933871838,14372.62399792671,20.0,2.857142857142857,7.0,3257.451142857143,65.28614285714285,2164.292,3997.960428571428,562.2238571428571,2,0,100,7.0
AS14.33,2014-05-29,8.2,6.599999999999999,6.29047619047619,0.9094084943103423,5.4,8.2,2.799999999999999,0.2529761904761898,0.0,-0.4261904761904762,0.5107961417363079,1.2,0.36071428571428577,0.404623575802545,0.10330116965301572,0.07706896373605003,0.06272682921319109,0.062443274886496716,4177.963998079299,2397.835427999496,1237.107494859583,16784.84799599647,30.0,4.285714285714286,8.0,3551.797857142857,77.2722857142857,2282.986857142857,4490.345285714286,707.525,3,0,101,6.8
AS14.33,2014-05-30,7.0,7.133333333333333,6.469047619047619,0.90831695048572,5.4,8.2,2.799999999999999,0.2517857142857143,-1.3333333333333333,-0.6880952380952381,0.4184090553108735,1.0,0.4678571428571429,0.4651868544185329,0.16935445444293903,0.09511995373627628,0.08527203627182216,0.06902430210105204,560.093000411987,2261.9145708765295,1393.1417874462304,15833.401996135708,29.0,4.142857142857143,9.0,3232.8345714285715,75.53242857142857,2060.8287142857143,4151.836428571429,693.5394285714285,4,0,102,7.0
